1,5,1565,401,53,151,0.799174,1,4
1,4,1441,355,58,140,0.831835,1,3
1,3,1708,383,211,136,0.854204,3,2
1,2,837,482,281,173,0.854320,3,1
1,1,1519,393,320,152,0.882873,3,0
2,5,1565,402,53,149,0.806562,1,4
2,4,1441,355,58,141,0.831712,1,3
2,3,1707,383,212,136,0.852830,3,1
2,2,837,482,281,173,0.852700,3,2
2,1,1519,393,320,151,0.887646,3,0
3,5,1565,403,53,149,0.796685,1,4
3,4,1441,356,59,142,0.828209,1,3
3,3,1707,383,211,136,0.852163,3,2
3,2,837,482,281,174,0.854217,3,1
3,1,1519,393,320,151,0.889630,3,0
4,5,1564,403,54,150,0.802426,1,4
4,4,1441,357,58,141,0.824638,1,3
4,3,1707,383,212,136,0.851847,3,2
4,2,837,482,281,173,0.851882,3,1
4,1,1519,393,320,152,0.886670,3,0
5,5,1565,402,53,150,0.794386,1,4
5,4,1441,358,58,142,0.826590,1,3
5,3,1708,383,211,136,0.856129,3,2
5,2,837,482,281,174,0.856496,3,1
5,1,1519,393,320,152,0.888064,3,0
6,5,1566,404,52,149,0.794864,1,4
6,4,1442,358,58,142,0.831265,1,3
6,3,1708,383,211,136,0.854106,3,2
6,2,837,482,280,174,0.855261,3,1
6,1,1518,393,320,152,0.887560,3,0
7,5,1565,404,52,149,0.793256,1,4
7,4,1443,359,57,141,0.828038,1,3
7,3,1708,383,211,136,0.854238,3,1
7,2,837,482,281,174,0.853250,3,2
7,1,1519,393,320,152,0.889531,3,0
8,5,1565,405,52,148,0.796582,1,4
8,4,1444,360,55,141,0.823348,1,3
8,3,1708,383,211,136,0.853700,3,1
8,2,837,482,281,174,0.852128,3,2
8,1,1519,393,320,152,0.893357,3,0
9,5,1565,407,52,148,0.788976,1,4
9,4,1446,360,54,140,0.818572,1,3
9,3,1708,383,211,137,0.851918,3,2
9,2,837,482,281,174,0.854654,3,1
9,1,1519,394,320,146,0.889108,3,0
10,5,1565,407,51,147,0.795053,1,4
10,4,1448,361,54,141,0.802907,1,3
10,3,1707,383,212,137,0.849787,3,2
10,2,836,482,281,174,0.856015,3,1
10,1,1518,393,320,152,0.897064,3,0
11,5,1562,407,54,147,0.795958,1,4
11,4,1450,361,53,141,0.801558,1,3
11,3,1707,383,212,137,0.849243,3,2
11,2,837,482,281,173,0.852771,3,1
11,1,1518,392,321,152,0.899728,3,0
12,5,1561,408,55,148,0.788410,1,4
12,4,1451,361,53,141,0.803036,1,3
12,3,1707,383,211,137,0.848426,3,2
12,2,837,482,281,174,0.852827,3,1
12,1,1519,392,321,153,0.899437,3,0
13,5,1561,407,54,149,0.795493,1,4
13,4,1452,361,53,141,0.804408,1,3
13,3,1707,383,211,137,0.849852,3,2
13,2,837,483,281,174,0.851107,3,1
13,1,1518,393,321,154,0.893723,3,0
14,5,1556,407,59,149,0.791777,1,4
14,4,1452,361,53,141,0.800285,1,3
14,3,1707,384,213,138,0.843653,3,2
14,2,837,483,281,174,0.852485,3,1
14,1,1518,393,320,154,0.905730,3,0
15,5,1558,409,58,147,0.787416,1,4
15,4,1451,361,54,141,0.806509,1,3
15,3,1707,384,213,140,0.840820,3,2
15,2,836,483,281,174,0.856110,3,1
15,1,1519,393,320,154,0.915435,3,0
16,5,1557,411,59,146,0.784506,1,4
16,4,1452,362,54,140,0.812784,1,3
16,3,1707,384,212,139,0.823738,3,2
16,2,837,483,281,174,0.857020,3,1
16,1,1519,393,320,154,0.920093,3,0
17,5,1555,411,61,146,0.786405,1,4
17,4,1452,362,56,140,0.809886,1,3
17,3,1708,383,211,138,0.821668,3,2
17,2,836,483,281,174,0.855178,3,1
17,1,1519,393,320,154,0.924242,3,0
18,5,1555,411,61,145,0.778524,1,4
18,4,1452,362,55,141,0.811663,1,3
18,3,1708,383,211,138,0.821262,3,2
18,2,837,483,282,174,0.845603,3,1
18,1,1519,393,320,154,0.928223,3,0
19,5,1551,410,66,147,0.784582,1,4
19,4,1452,362,55,141,0.813573,1,3
19,3,1707,383,212,138,0.833476,3,2
19,2,837,483,282,174,0.852397,3,1
19,1,1520,393,320,154,0.928590,3,0
20,5,1551,410,65,146,0.774283,1,4
20,4,1453,363,55,141,0.811080,1,3
20,3,1707,383,212,138,0.837065,3,2
20,2,837,483,281,174,0.845732,3,1
20,1,1520,393,319,154,0.929693,3,0
21,5,1552,410,65,146,0.776668,1,4
21,4,1453,363,55,141,0.814667,1,3
21,3,1707,384,212,138,0.835215,3,2
21,2,837,483,282,174,0.836935,3,1
21,1,1520,393,320,153,0.927373,3,0
22,5,1552,411,65,145,0.789523,1,4
22,4,1453,363,55,142,0.813700,1,3
22,3,1706,384,212,137,0.822669,3,2
22,2,837,484,280,174,0.843071,3,1
22,1,1520,393,320,154,0.927854,3,0
23,6,1866,425,53,143,0.767881,1,5
23,5,1549,411,68,145,0.805202,1,4
23,4,1453,363,54,142,0.809827,1,3
23,3,1708,384,211,135,0.815645,3,2
23,2,837,483,282,174,0.841173,3,1
23,1,1520,393,319,154,0.926233,3,0
24,6,1865,424,55,144,0.764156,1,5
24,5,1549,410,68,145,0.806852,1,4
24,4,1453,363,54,143,0.812797,1,2
24,3,1707,384,211,135,0.807435,3,3
24,2,837,484,281,174,0.844637,3,1
24,1,1520,393,319,153,0.927075,3,0
25,6,1865,424,55,147,0.751809,1,5
25,5,1549,411,68,145,0.802206,1,4
25,4,1454,364,54,144,0.814156,1,3
25,3,1708,384,210,135,0.815869,3,2
25,2,837,484,280,174,0.845326,3,1
25,1,1520,393,320,153,0.926241,3,0
26,6,1863,424,56,147,0.747774,1,5
26,5,1551,411,66,146,0.796016,1,4
26,4,1454,366,53,142,0.817056,1,3
26,3,1708,384,210,135,0.823150,3,2
26,2,837,483,281,174,0.845765,3,1
26,1,1519,393,320,153,0.926496,3,0
27,6,1864,421,55,149,0.783054,1,4
27,5,1551,410,65,147,0.782301,1,5
27,4,1454,365,52,142,0.821083,1,3
27,3,1708,384,211,135,0.824038,3,2
27,2,837,483,281,174,0.843544,3,1
27,1,1520,394,320,153,0.925500,3,0
28,6,1864,419,55,150,0.774491,1,5
28,5,1552,410,65,146,0.779740,1,4
28,4,1453,367,51,141,0.830051,1,2
28,3,1707,383,211,134,0.819314,3,3
28,2,837,483,281,174,0.842951,3,1
28,1,1520,393,320,153,0.925816,3,0
29,6,1864,419,55,149,0.763821,1,5
29,5,1553,410,63,147,0.777790,1,4
29,4,1453,367,52,142,0.831230,1,2
29,3,1707,383,211,134,0.813953,3,3
29,2,837,483,281,174,0.843864,3,1
29,1,1520,393,320,153,0.926590,3,0
30,6,1864,419,56,149,0.758897,1,5
30,5,1555,410,61,147,0.780743,1,4
30,4,1452,367,52,142,0.825923,1,2
30,3,1707,383,211,134,0.814648,3,3
30,2,837,483,281,174,0.845743,3,1
30,1,1519,393,320,153,0.924909,3,0
31,6,1862,419,54,148,0.705593,1,5
31,5,1556,410,60,147,0.767107,1,4
31,4,1452,367,52,142,0.820512,1,3
31,3,1708,382,211,134,0.823769,3,2
31,2,837,483,281,174,0.841646,3,1
31,1,1519,393,320,152,0.923490,3,0
32,6,1861,421,47,148,0.691142,1,5
32,5,1555,410,60,147,0.763383,1,4
32,4,1450,367,54,142,0.827701,1,2
32,3,1708,381,210,134,0.811256,3,3
32,2,837,483,281,174,0.845050,3,1
32,1,1519,393,320,152,0.919834,3,0
33,6,1860,421,45,149,0.680107,1,5
33,5,1554,410,60,146,0.773158,1,4
33,4,1450,367,54,142,0.818664,1,2
33,3,1707,382,211,132,0.775695,3,3
33,2,837,483,281,173,0.848212,3,1
33,1,1519,393,319,152,0.919305,3,0
34,6,1857,423,47,148,0.690587,1,5
34,5,1555,411,58,146,0.738293,1,4
34,4,1449,367,54,142,0.808898,1,2
34,3,1707,382,212,130,0.785890,3,3
34,2,837,483,281,174,0.847383,3,1
34,1,1520,393,319,152,0.920669,3,0
35,6,1851,422,50,149,0.665404,1,5
35,5,1553,412,59,145,0.731546,1,4
35,4,1447,367,54,142,0.803210,1,2
35,3,1706,382,212,126,0.778223,3,3
35,2,837,483,281,174,0.850624,3,1
35,1,1520,393,319,151,0.924007,3,0
36,6,1847,426,51,144,0.720177,1,4
36,5,1551,412,61,145,0.716914,1,5
36,4,1447,367,54,143,0.801400,1,2
36,3,1707,383,212,119,0.744285,3,3
36,2,837,483,281,174,0.851489,3,1
36,1,1520,393,318,151,0.923432,3,0
37,6,1835,427,61,147,0.761545,1,3
37,5,1546,413,64,145,0.671536,1,5
37,4,1446,367,55,142,0.803477,1,2
37,3,1706,383,213,108,0.744682,3,4
37,2,837,482,281,174,0.850926,3,1
37,1,1521,393,318,151,0.924619,3,0
38,6,1829,429,64,146,0.796985,1,3
38,5,1544,412,65,145,0.762851,1,4
38,4,1444,367,57,142,0.811808,1,2
38,3,1706,383,213,107,0.753995,3,5
38,2,837,483,280,174,0.847355,3,1
38,1,1520,393,317,152,0.919711,3,0
39,7,1879,439,40,153,0.649012,1,6
39,6,1823,430,69,143,0.787986,1,4
39,5,1543,411,67,146,0.772266,1,5
39,4,1444,367,56,142,0.808435,1,2
39,3,1707,383,212,105,0.791014,3,3
39,2,837,482,281,174,0.845050,3,1
39,1,1521,393,316,153,0.912637,3,0
40,7,1879,437,40,155,0.706015,1,6
40,6,1818,430,72,140,0.781027,1,4
40,5,1541,412,67,146,0.784658,1,3
40,4,1444,368,56,142,0.811247,1,2
40,3,1707,383,212,104,0.759031,3,5
40,2,837,482,281,174,0.850500,3,1
40,1,1521,393,316,152,0.913887,3,0
41,7,1880,433,40,159,0.713115,1,6
41,6,1817,433,74,140,0.773485,1,4
41,5,1540,412,66,146,0.800859,1,3
41,4,1443,367,56,143,0.813965,1,2
41,3,1707,383,212,105,0.742834,3,5
41,2,837,482,281,174,0.849627,3,1
41,1,1521,393,317,152,0.914228,3,0
42,7,1879,437,40,155,0.769837,1,4
42,6,1814,428,75,145,0.762934,1,5
42,5,1543,413,63,145,0.803282,1,3
42,4,1443,367,58,143,0.813793,1,2
42,3,1707,383,211,106,0.711948,3,6
42,2,837,482,281,174,0.848638,3,1
42,1,1520,393,317,152,0.913250,3,0
43,7,1879,437,40,155,0.770101,1,4
43,6,1813,432,77,142,0.762079,1,5
43,5,1544,412,61,147,0.818674,1,2
43,4,1443,368,58,144,0.812464,1,3
43,3,1707,383,213,104,0.718739,3,6
43,2,837,482,281,174,0.852085,3,1
43,1,1520,393,319,152,0.910484,3,0
44,7,1878,437,41,155,0.765163,1,4
44,6,1812,432,78,140,0.761007,1,5
44,5,1543,412,61,147,0.829706,1,2
44,4,1443,368,58,144,0.818983,1,3
44,3,1707,383,212,105,0.731248,3,6
44,2,837,483,281,174,0.853290,3,1
44,1,1521,393,317,152,0.906793,3,0
45,7,1878,437,42,155,0.731794,1,5
45,6,1813,434,75,139,0.774716,1,4
45,5,1544,414,60,145,0.836450,1,2
45,4,1443,368,57,145,0.822958,1,3
45,3,1707,383,211,101,0.724030,3,6
45,2,837,483,281,174,0.851584,3,1
45,1,1521,393,314,151,0.897622,3,0
46,7,1874,436,45,157,0.718109,1,5
46,6,1813,434,69,139,0.759614,1,4
46,5,1543,414,60,146,0.837942,1,2
46,4,1444,368,56,146,0.819757,1,3
46,3,1707,383,211,102,0.683827,3,6
46,2,838,483,280,173,0.849412,3,1
46,1,1520,394,313,149,0.891389,3,0
47,7,1870,436,49,158,0.720137,1,4
47,6,1812,431,64,142,0.697956,1,5
47,5,1543,414,59,146,0.835217,1,2
47,4,1444,368,55,146,0.822923,1,3
47,3,1707,382,212,101,0.642640,3,6
47,2,837,483,281,174,0.847202,3,1
47,1,1517,395,314,147,0.884136,3,0
48,7,1865,434,51,159,0.730455,1,4
48,6,1813,429,55,144,0.678224,1,5
48,5,1542,413,60,147,0.830355,1,2
48,4,1445,368,54,147,0.812694,1,3
48,3,1710,383,210,99,0.605083,3,6
48,2,838,483,280,174,0.845608,3,1
48,1,1519,394,309,149,0.884943,3,0
49,7,1860,435,52,157,0.757581,1,4
49,6,1813,426,53,147,0.667825,1,5
49,5,1543,413,58,147,0.821949,1,2
49,4,1446,368,54,147,0.815499,1,3
49,3,1709,383,211,96,0.620683,3,6
49,2,837,483,282,175,0.854520,3,1
49,1,1516,395,309,146,0.883775,3,0
50,7,1849,434,60,159,0.783421,1,4
50,6,1812,424,45,149,0.680695,1,5
50,5,1543,411,58,148,0.826632,1,2
50,4,1446,369,54,146,0.817176,1,3
50,3,1709,383,211,94,0.617550,3,6
50,2,837,483,282,174,0.853181,3,1
50,1,1517,394,305,148,0.881028,3,0
51,7,1840,436,69,157,0.792185,1,4
51,6,1810,423,40,151,0.706793,1,5
51,5,1543,411,59,149,0.827662,1,2
51,4,1447,370,53,146,0.810603,1,3
51,3,1709,384,211,104,0.621243,3,6
51,2,838,483,281,174,0.852575,3,1
51,1,1517,394,302,148,0.880291,3,0
52,7,1832,437,75,157,0.802855,1,4
52,6,1808,422,45,151,0.667936,1,6
52,5,1543,411,58,149,0.827479,1,2
52,4,1447,372,52,144,0.806749,1,3
52,3,1707,384,212,121,0.686689,3,5
52,2,838,484,280,174,0.850194,3,1
52,1,1515,394,304,148,0.875701,3,0
53,7,1822,436,86,157,0.806375,1,3
53,6,1805,421,41,155,0.709064,1,6
53,5,1543,411,58,149,0.831991,1,2
53,4,1448,372,53,143,0.804451,1,4
53,3,1707,383,212,123,0.730022,3,5
53,2,838,484,280,173,0.848351,3,1
53,1,1517,394,300,148,0.870872,3,0
54,7,1819,436,88,157,0.805782,1,3
54,6,1799,423,45,150,0.732808,1,6
54,5,1542,411,59,149,0.824483,1,2
54,4,1449,372,53,144,0.797881,1,4
54,3,1707,384,212,130,0.761822,3,5
54,2,838,483,281,174,0.847430,3,1
54,1,1516,394,300,148,0.864025,3,0
55,7,1816,435,92,158,0.820355,1,2
55,6,1788,419,53,150,0.756201,1,6
55,5,1541,411,59,149,0.803447,1,3
55,4,1450,372,52,146,0.796468,1,4
55,3,1708,384,211,129,0.778084,3,5
55,2,838,483,281,174,0.842984,3,1
55,1,1516,394,298,147,0.865746,3,0
56,7,1813,436,95,157,0.850861,1,1
56,6,1779,419,63,150,0.802251,1,4
56,5,1538,413,64,147,0.793349,1,5
56,4,1451,372,52,144,0.802833,1,3
56,3,1708,384,211,130,0.750741,3,6
56,2,838,483,281,174,0.844045,3,2
56,1,1518,395,296,148,0.862726,3,0
57,7,1811,437,96,156,0.842234,1,2
57,6,1768,422,72,146,0.777839,1,4
57,5,1536,413,65,147,0.763523,1,5
57,4,1451,373,54,144,0.796509,1,3
57,3,1708,385,211,127,0.740048,3,6
57,2,838,483,281,174,0.842633,3,1
57,1,1519,395,290,147,0.858863,3,0
58,7,1811,439,95,153,0.828489,1,2
58,6,1764,421,76,146,0.739654,1,6
58,5,1538,412,61,148,0.764337,1,5
58,4,1451,373,55,143,0.805203,1,3
58,3,1708,384,211,133,0.775745,3,4
58,2,838,484,280,174,0.836439,3,1
58,1,1518,395,289,147,0.860102,3,0
59,7,1813,440,92,155,0.829283,1,2
59,6,1762,421,76,147,0.745059,1,5
59,5,1536,415,57,145,0.739203,1,6
59,4,1450,374,56,143,0.809176,1,3
59,3,1708,383,211,135,0.800928,3,4
59,2,838,483,281,174,0.840583,3,1
59,1,1519,394,286,148,0.861346,3,0
60,7,1813,441,88,153,0.803498,1,3
60,6,1759,422,77,153,0.755230,1,5
60,5,1537,415,51,145,0.707300,1,6
60,4,1450,375,57,142,0.802884,1,4
60,3,1706,384,213,136,0.819226,3,2
60,2,838,483,281,174,0.841143,3,1
60,1,1518,394,281,147,0.857764,3,0
61,7,1813,440,82,153,0.802832,1,4
61,6,1758,423,76,151,0.778508,1,5
61,5,1537,414,47,145,0.745001,1,6
61,4,1449,374,58,142,0.808885,1,3
61,3,1707,383,212,138,0.828309,3,2
61,2,838,483,280,173,0.843954,3,1
61,1,1519,394,277,148,0.855992,3,0
62,7,1814,438,75,155,0.790563,1,5
62,6,1758,426,74,148,0.771014,1,6
62,5,1536,414,48,147,0.796944,1,4
62,4,1449,374,59,143,0.800537,1,3
62,3,1708,383,211,139,0.831569,3,2
62,2,838,483,281,174,0.847068,3,1
62,1,1518,394,275,148,0.847552,3,0
63,7,1813,437,71,156,0.783568,1,5
63,6,1760,426,72,149,0.757903,1,6
63,5,1534,413,48,147,0.820960,1,3
63,4,1449,375,58,143,0.801055,1,4
63,3,1708,383,212,138,0.844223,3,1
63,2,838,483,281,174,0.848891,3,0
63,1,1518,394,271,148,0.844095,3,2
64,7,1812,433,65,158,0.772995,1,6
64,6,1760,425,72,147,0.773036,1,5
64,5,1533,413,47,147,0.801550,1,3
64,4,1450,375,59,143,0.799516,1,4
64,3,1708,384,211,138,0.828482,3,2
64,2,838,483,281,174,0.842085,3,0
64,1,1516,394,268,148,0.832409,3,1
65,7,1812,435,60,157,0.754948,1,5
65,6,1760,423,70,151,0.750541,1,6
65,5,1532,415,47,148,0.795236,1,3
65,4,1451,375,58,143,0.792838,1,4
65,3,1708,384,211,137,0.807326,3,2
65,2,837,483,281,174,0.842921,3,0
65,1,1515,394,265,148,0.840844,3,1
66,7,1814,434,51,160,0.745799,1,5
66,6,1759,423,70,152,0.745778,1,6
66,5,1529,415,49,148,0.793957,1,3
66,4,1451,375,57,144,0.789811,1,4
66,3,1709,381,209,140,0.796654,3,2
66,2,837,483,281,174,0.844770,3,0
66,1,1517,394,260,148,0.831706,3,1
67,7,1812,434,46,159,0.761335,1,5
67,6,1759,422,63,148,0.743424,1,6
67,5,1528,415,50,149,0.775349,1,4
67,4,1453,375,55,144,0.793428,1,3
67,3,1708,382,210,138,0.798179,3,2
67,2,838,482,281,174,0.854832,3,0
67,1,1518,394,260,148,0.811518,3,1
68,7,1809,433,42,160,0.693521,1,6
68,6,1757,424,62,147,0.761617,1,4
68,5,1530,415,48,148,0.736316,1,5
68,4,1453,376,55,146,0.790461,1,2
68,3,1707,382,210,137,0.825123,3,1
68,2,838,482,280,174,0.843920,3,0
68,1,1519,393,259,148,0.778161,3,3
69,7,1805,434,46,160,0.708940,1,5
69,6,1757,422,50,147,0.684931,1,6
69,5,1530,415,47,147,0.734987,1,4
69,4,1454,376,54,146,0.786105,1,2
69,3,1707,383,213,136,0.860896,3,0
69,2,838,482,281,173,0.854965,3,1
69,1,1519,393,257,148,0.777490,3,3
70,7,1797,435,52,160,0.732105,1,4
70,6,1759,422,47,149,0.687931,1,6
70,5,1529,415,47,148,0.731125,1,5
70,4,1455,376,53,146,0.791550,1,2
70,3,1706,381,212,137,0.854420,3,1
70,2,838,482,280,173,0.859238,3,0
70,1,1519,393,255,148,0.780094,3,3
71,7,1792,437,54,159,0.770044,1,3
71,6,1756,423,43,147,0.746334,1,4
71,5,1528,413,48,150,0.711610,1,6
71,4,1455,377,51,146,0.789564,1,2
71,3,1706,381,213,139,0.842719,3,1
71,2,838,482,281,173,0.856241,3,0
71,1,1525,394,252,148,0.726000,3,5
72,7,1782,433,64,162,0.809168,1,2
72,6,1754,422,41,147,0.747277,1,5
72,5,1525,414,52,149,0.718543,1,6
72,4,1454,377,52,147,0.791971,1,3
72,3,1706,381,214,137,0.843126,3,1
72,2,837,482,281,173,0.857177,3,0
72,1,1518,395,258,146,0.749642,3,4
73,8,1880,459,40,158,0.714195,1,7
73,7,1776,436,68,157,0.815527,1,2
73,6,1749,421,43,149,0.740761,1,5
73,5,1522,415,56,150,0.729689,1,6
73,4,1454,376,52,149,0.805088,1,3
73,3,1707,383,212,135,0.815949,3,1
73,2,838,481,281,174,0.871459,3,0
73,1,1519,393,253,148,0.756097,3,4
74,8,1879,458,40,159,0.729402,1,7
74,7,1767,436,77,157,0.821946,1,1
74,6,1741,422,47,149,0.730507,1,6
74,5,1519,417,58,148,0.731432,1,5
74,4,1453,377,52,148,0.804923,1,2
74,3,1705,383,213,135,0.762948,3,3
74,2,837,482,281,174,0.862638,3,0
74,1,1519,393,252,148,0.754728,3,4
75,8,1879,457,40,160,0.761010,1,4
75,7,1766,436,78,159,0.811365,1,1
75,6,1736,423,51,150,0.726744,1,7
75,5,1516,416,60,150,0.739566,1,6
75,4,1453,378,52,147,0.802592,1,2
75,3,1705,384,215,136,0.763307,3,3
75,2,837,482,281,174,0.858956,3,0
75,1,1517,395,250,147,0.755415,3,5
76,8,1880,458,40,159,0.755078,1,5
76,7,1764,434,81,160,0.818541,1,1
76,6,1727,424,57,148,0.729862,1,7
76,5,1517,417,59,150,0.746667,1,6
76,4,1453,379,52,147,0.803221,1,2
76,3,1706,383,213,135,0.756547,3,4
76,2,838,481,281,174,0.866928,3,0
76,1,1516,395,243,147,0.792259,3,3
77,8,1878,460,41,158,0.763407,1,4
77,7,1761,439,82,158,0.816305,1,1
77,6,1725,425,59,148,0.741642,1,7
77,5,1513,418,60,149,0.744041,1,6
77,4,1453,379,53,146,0.795474,1,2
77,3,1705,383,214,136,0.761262,3,5
77,2,837,482,281,175,0.846903,3,0
77,1,1520,395,236,147,0.769852,3,3
78,8,1877,460,42,157,0.769449,1,5
78,7,1760,440,83,157,0.809922,1,1
78,6,1719,429,64,144,0.773115,1,3
78,5,1512,418,63,148,0.743567,1,6
78,4,1452,379,53,146,0.789662,1,2
78,3,1705,383,214,135,0.736016,3,7
78,2,837,482,280,175,0.852018,3,0
78,1,1520,395,233,147,0.771444,3,4
79,8,1876,462,43,156,0.767603,1,5
79,7,1760,443,83,154,0.796722,1,2
79,6,1715,429,66,143,0.797736,1,1
79,5,1512,418,60,142,0.718851,1,7
79,4,1452,380,53,145,0.795015,1,3
79,3,1706,383,213,134,0.747988,3,6
79,2,838,482,281,175,0.854796,3,0
79,1,1516,393,237,148,0.773179,3,4
80,8,1872,461,47,157,0.789868,1,4
80,7,1757,443,80,153,0.810444,1,2
80,6,1710,433,69,140,0.826060,1,1
80,5,1509,419,62,143,0.750663,1,7
80,4,1451,380,54,145,0.797542,1,3
80,3,1705,384,214,134,0.770699,3,6
80,2,837,483,281,173,0.847507,3,0
80,1,1518,394,232,148,0.781002,3,5
81,8,1868,461,51,158,0.804474,1,3
81,7,1757,443,74,153,0.817408,1,1
81,6,1709,432,69,141,0.814172,1,2
81,5,1511,420,53,142,0.739974,1,7
81,4,1450,381,55,145,0.792748,1,4
81,3,1704,383,215,135,0.775413,3,5
81,2,837,483,280,174,0.846762,3,0
81,1,1522,395,224,147,0.773222,3,6
82,8,1865,459,51,161,0.797705,1,3
82,7,1757,444,68,153,0.817933,1,1
82,6,1708,432,68,142,0.795953,1,4
82,5,1511,421,51,143,0.732602,1,6
82,4,1450,382,55,143,0.801784,1,2
82,3,1714,386,206,134,0.750382,3,5
82,2,837,483,281,174,0.848564,3,0
82,1,1522,394,222,148,0.605060,3,7
83,8,1856,460,53,160,0.812683,1,1
83,7,1758,441,63,156,0.805232,1,2
83,6,1708,433,66,140,0.782557,1,4
83,5,1511,422,48,142,0.738817,1,5
83,4,1449,383,55,143,0.802025,1,3
83,3,1703,384,215,134,0.728881,3,6
83,2,838,483,281,174,0.835382,3,0
84,8,1847,459,60,160,0.817795,1,1
84,7,1758,440,57,155,0.774078,1,3
84,6,1706,431,65,142,0.753937,1,6
84,5,1510,423,49,147,0.754404,1,5
84,4,1449,382,55,143,0.799648,1,2
84,3,1704,384,215,133,0.756950,3,4
84,2,837,483,281,174,0.837717,3,0
85,8,1837,461,69,159,0.806573,1,1
85,7,1757,440,52,156,0.693998,1,6
85,6,1707,429,57,146,0.726918,1,5
85,5,1508,424,49,148,0.780011,1,4
85,4,1449,384,54,143,0.790251,1,2
85,3,1706,383,213,136,0.780135,3,3
85,2,837,483,281,175,0.825657,3,0
86,8,1828,461,78,158,0.834971,1,0
86,7,1756,436,45,160,0.731413,1,5
86,6,1707,427,50,148,0.688830,1,6
86,5,1508,423,46,148,0.790798,1,3
86,4,1448,384,53,143,0.805434,1,2
86,3,1706,383,214,134,0.765639,3,4
86,2,837,483,282,174,0.824765,3,1
87,8,1820,462,86,158,0.845784,1,0
87,7,1753,436,45,161,0.777192,1,4
87,6,1708,423,45,153,0.696174,1,6
87,5,1508,423,45,146,0.791136,1,3
87,4,1449,384,52,144,0.802202,1,2
87,3,1706,382,214,132,0.765423,3,5
87,2,838,483,281,175,0.835286,3,1
88,8,1818,466,88,155,0.831559,1,1
88,7,1751,436,45,161,0.783998,1,3
88,6,1708,427,42,149,0.726743,1,6
88,5,1508,423,43,147,0.763570,1,5
88,4,1449,384,51,145,0.784425,1,2
88,3,1706,383,214,131,0.769959,3,4
88,2,838,484,281,175,0.832250,3,0
88,1,1522,395,319,148,0.682497,3,7
89,8,1816,474,91,148,0.835302,1,0
89,7,1749,438,46,159,0.732307,1,5
89,6,1705,426,43,150,0.713753,1,6
89,5,1505,424,45,149,0.775500,1,3
89,4,1448,385,50,145,0.798751,1,2
89,3,1704,384,215,133,0.738638,3,4
89,2,838,484,280,174,0.831729,3,1
89,1,1524,394,319,146,0.659386,3,7
90,8,1816,482,90,139,0.827341,1,0
90,7,1740,435,54,163,0.749616,1,4
90,6,1703,426,42,152,0.721829,1,6
90,5,1504,426,46,145,0.774460,1,3
90,4,1449,385,51,146,0.792152,1,2
90,3,1705,384,214,133,0.748672,3,5
90,2,838,484,280,175,0.820857,3,1
90,1,1523,394,321,145,0.661476,3,7
91,8,1812,481,94,140,0.832787,1,0
91,7,1730,436,62,163,0.797166,1,2
91,6,1698,426,43,150,0.760590,1,4
91,5,1501,428,47,144,0.760126,1,5
91,4,1449,386,51,146,0.795479,1,3
91,3,1704,385,215,133,0.751996,3,6
91,2,838,484,280,175,0.820302,3,1
91,1,1525,393,327,141,0.672598,3,7
92,8,1813,475,91,146,0.828135,1,0
92,7,1719,439,70,159,0.784581,1,3
92,6,1692,425,47,153,0.699405,1,6
92,5,1496,431,51,141,0.777011,1,4
92,4,1449,388,52,145,0.801005,1,2
92,3,1702,385,217,135,0.734750,3,5
92,2,838,484,281,175,0.823984,3,1
93,8,1811,476,91,145,0.826656,1,0
93,7,1711,438,78,161,0.778650,1,4
93,6,1686,427,52,151,0.677894,1,7
93,5,1493,429,54,144,0.785914,1,3
93,4,1449,388,52,145,0.801763,1,2
93,3,1703,385,216,136,0.754467,3,5
93,2,839,484,280,175,0.824315,3,1
94,8,1811,473,89,148,0.802154,1,2
94,7,1708,438,80,161,0.796903,1,3
94,6,1676,427,59,146,0.742296,1,6
94,5,1493,430,53,145,0.789369,1,4
94,4,1449,389,52,144,0.813801,1,1
94,3,1702,385,217,139,0.779395,3,5
94,2,838,484,281,175,0.821053,3,0
95,8,1810,473,84,149,0.806183,1,3
95,7,1701,442,88,157,0.807862,1,2
95,6,1665,425,68,149,0.780788,1,5
95,5,1487,428,59,148,0.795591,1,4
95,4,1448,387,54,147,0.808542,1,1
95,3,1702,385,217,140,0.766577,3,6
95,2,838,484,281,175,0.829721,3,0
95,1,1524,394,318,148,0.710834,3,7
96,8,1810,471,79,151,0.800200,1,4
96,7,1697,439,92,160,0.822701,1,1
96,6,1661,427,72,146,0.770041,1,6
96,5,1491,426,56,149,0.805698,1,3
96,4,1449,388,53,147,0.807819,1,2
96,3,1700,384,219,141,0.755503,3,7
96,2,839,484,280,175,0.825601,3,0
96,1,1521,395,315,147,0.777511,3,5
97,8,1810,473,75,150,0.809620,1,4
97,7,1698,442,91,156,0.816969,1,2
97,6,1652,428,79,144,0.774800,1,6
97,5,1490,426,57,149,0.804002,1,5
97,4,1450,387,52,147,0.817468,1,1
97,3,1702,384,217,140,0.759262,3,7
97,2,838,484,281,175,0.819141,3,0
97,1,1523,394,310,145,0.810958,3,3
98,8,1811,472,67,150,0.803518,1,4
98,7,1696,440,92,158,0.811942,1,3
98,6,1650,431,80,142,0.785387,1,6
98,5,1490,424,56,150,0.793755,1,5
98,4,1449,388,53,145,0.814482,1,2
98,3,1702,384,217,140,0.749731,3,7
98,2,838,483,281,175,0.817943,3,1
98,1,1523,395,306,143,0.832307,3,0
99,8,1813,472,60,150,0.774105,1,6
99,7,1695,443,91,156,0.822156,1,1
99,6,1649,430,80,144,0.794243,1,4
99,5,1488,426,56,148,0.792644,1,5
99,4,1450,389,53,145,0.798656,1,3
99,3,1703,384,216,139,0.748761,3,7
99,2,838,484,280,175,0.812190,3,2
99,1,1523,395,303,140,0.840047,3,0
100,8,1812,472,53,150,0.774768,1,6
100,7,1695,443,90,156,0.828850,1,1
100,6,1649,432,76,141,0.807278,1,4
100,5,1488,427,55,149,0.794271,1,5
100,4,1451,387,53,147,0.813653,1,3
100,3,1701,384,218,139,0.754478,3,7
100,2,838,483,281,175,0.815910,3,2
100,1,1524,395,301,143,0.837462,3,0
101,8,1810,472,47,152,0.776564,1,6
101,7,1695,442,85,157,0.803895,1,2
101,6,1647,431,75,142,0.778574,1,5
101,5,1486,429,54,148,0.781433,1,4
101,4,1449,388,54,146,0.800850,1,3
101,3,1705,384,214,140,0.707197,3,7
101,2,838,484,281,175,0.818655,3,1
101,1,1521,394,301,147,0.824217,3,0
102,8,1810,472,45,151,0.757192,1,6
102,7,1695,442,82,157,0.791173,1,2
102,6,1647,429,74,145,0.770821,1,5
102,5,1485,428,55,150,0.788977,1,3
102,4,1448,388,56,146,0.783158,1,4
102,3,1705,384,214,140,0.712251,3,7
102,2,837,484,282,175,0.828766,3,0
102,1,1521,394,298,148,0.824635,3,1
103,8,1807,474,44,150,0.731999,1,7
103,7,1696,443,78,156,0.788238,1,2
103,6,1647,428,71,146,0.767970,1,5
103,5,1483,429,57,150,0.780324,1,3
103,4,1448,387,60,146,0.777795,1,4
103,3,1703,383,214,141,0.763857,3,6
103,2,837,483,282,175,0.826043,3,0
103,1,1520,394,297,147,0.811008,3,1
104,8,1797,472,52,151,0.750200,1,6
104,7,1696,442,73,156,0.790722,1,2
104,6,1647,425,70,148,0.776116,1,4
104,5,1481,430,53,148,0.712971,1,7
104,4,1448,388,59,146,0.770865,1,5
104,3,1702,383,213,139,0.789044,3,3
104,2,837,483,282,175,0.832895,3,0
104,1,1520,394,296,145,0.807837,3,1
105,8,1791,474,56,151,0.785410,1,3
105,7,1695,439,68,159,0.763471,1,5
105,6,1647,426,67,148,0.795192,1,2
105,5,1477,430,49,146,0.762583,1,6
105,4,1448,390,55,144,0.745718,1,7
105,3,1702,383,214,140,0.775266,3,4
105,2,837,483,282,175,0.829571,3,0
105,1,1519,393,293,141,0.813545,3,1
106,8,1783,469,61,156,0.815081,1,2
106,7,1694,436,63,161,0.747862,1,7
106,6,1648,426,64,149,0.755650,1,6
106,5,1475,432,48,142,0.762925,1,5
106,4,1448,389,62,139,0.766979,1,4
106,3,1703,383,212,140,0.810543,3,3
106,2,838,483,280,174,0.835343,3,1
106,1,1518,393,295,140,0.835757,3,0
107,8,1776,468,67,156,0.820330,1,2
107,7,1694,436,58,162,0.774421,1,4
107,6,1645,423,63,152,0.737941,1,6
107,5,1474,432,45,143,0.729865,1,7
107,4,1447,389,59,138,0.760653,1,5
107,3,1704,383,210,140,0.814540,3,3
107,2,837,483,281,175,0.835578,3,0
107,1,1517,394,298,136,0.825978,3,1
108,8,1775,466,68,159,0.831820,1,1
108,7,1694,437,50,162,0.758108,1,4
108,6,1646,428,50,147,0.716249,1,7
108,5,1470,431,47,148,0.756905,1,5
108,4,1448,389,58,139,0.737517,1,6
108,3,1705,383,207,138,0.807076,3,3
108,2,838,484,280,174,0.832359,3,0
108,1,1520,393,288,139,0.825491,3,2
109,8,1769,467,72,159,0.797493,1,3
109,7,1693,437,48,164,0.738099,1,5
109,6,1646,429,42,146,0.723997,1,7
109,5,1471,431,44,150,0.755640,1,4
109,4,1447,390,55,139,0.727499,1,6
109,3,1704,383,205,138,0.800685,3,2
109,2,838,483,280,174,0.835435,3,0
109,1,1521,393,287,141,0.805182,3,1
110,8,1767,467,73,159,0.813967,1,1
110,7,1689,437,48,165,0.715576,1,7
110,6,1644,425,41,151,0.731613,1,5
110,5,1464,431,49,150,0.761714,1,4
110,4,1447,391,51,144,0.729814,1,6
110,3,1703,384,209,138,0.803924,3,2
110,2,837,483,281,175,0.824041,3,0
110,1,1518,394,288,149,0.782992,3,3
111,8,1767,467,73,158,0.805784,1,2
111,7,1686,438,51,165,0.734286,1,5
111,6,1643,427,41,149,0.721268,1,6
111,5,1463,429,49,151,0.745004,1,4
111,4,1445,392,52,145,0.718717,1,7
111,3,1704,384,210,138,0.807083,3,1
111,2,838,483,281,175,0.818564,3,0
111,1,1519,395,287,152,0.776810,3,3
112,8,1767,465,73,161,0.785219,1,2
112,7,1682,440,53,164,0.736130,1,5
112,6,1636,426,47,149,0.729975,1,6
112,5,1453,430,58,151,0.745443,1,4
112,4,1445,391,50,145,0.677900,1,7
112,3,1704,384,211,137,0.816936,3,0
112,2,837,483,282,175,0.815553,3,1
112,1,1518,394,291,153,0.757873,3,3
113,8,1767,464,72,163,0.792803,1,2
113,7,1677,440,55,165,0.736810,1,6
113,6,1626,427,56,148,0.765438,1,3
113,5,1448,431,62,149,0.760812,1,4
113,4,1441,392,51,146,0.702878,1,7
113,3,1704,384,212,136,0.812103,3,1
113,2,838,484,280,174,0.819765,3,0
113,1,1518,395,298,150,0.756742,3,5
114,8,1767,468,72,159,0.782283,1,4
114,7,1668,442,64,162,0.719112,1,6
114,6,1617,431,61,147,0.790515,1,3
114,5,1446,436,63,144,0.792049,1,2
114,4,1441,392,52,146,0.635971,1,8
114,3,1704,384,208,135,0.801664,3,1
114,2,837,483,282,175,0.829562,3,0
114,1,1518,397,319,142,0.778861,3,5
115,9,1875,414,44,140,0.662822,1,7
115,8,1767,467,69,161,0.783518,1,5
115,7,1661,441,68,162,0.797198,1,3
115,6,1610,432,68,146,0.774893,1,6
115,5,1444,437,66,143,0.789770,1,4
115,4,1441,393,50,145,0.625971,1,8
115,3,1704,384,208,136,0.798467,3,2
115,2,837,483,282,175,0.836870,3,0
115,1,1518,397,322,141,0.808972,3,1
116,9,1876,414,44,149,0.667171,1,7
116,8,1767,468,64,161,0.774343,1,6
116,7,1656,442,72,163,0.791502,1,3
116,6,1605,432,73,146,0.786823,1,4
116,5,1442,432,66,150,0.810238,1,2
116,3,1704,384,207,136,0.786435,3,5
116,2,838,484,281,175,0.812349,3,1
116,1,1517,398,322,139,0.831817,3,0
117,9,1877,414,43,146,0.674345,1,7
117,8,1768,464,57,164,0.768164,1,6
117,7,1653,441,75,164,0.809464,1,2
117,6,1601,433,76,145,0.804607,1,4
117,5,1442,431,66,150,0.808558,1,3
117,3,1705,384,208,136,0.786281,3,5
117,2,838,483,281,175,0.822466,3,1
117,1,1517,398,323,139,0.839533,3,0
118,9,1877,414,42,151,0.640849,1,7
118,8,1767,467,52,162,0.748393,1,6
118,7,1649,444,76,163,0.788260,1,4
118,6,1599,434,76,146,0.815123,1,2
118,5,1440,434,66,149,0.810559,1,3
118,3,1705,384,212,136,0.768511,3,5
118,2,838,483,281,175,0.822425,3,1
118,1,1518,398,324,141,0.857722,3,0
119,8,1765,467,48,161,0.774063,1,6
119,7,1650,447,74,160,0.781675,1,4
119,6,1599,433,75,147,0.808232,1,3
119,5,1439,436,67,149,0.808476,1,2
119,3,1704,384,208,135,0.777683,3,5
119,2,838,484,280,175,0.818563,3,1
119,1,1518,398,323,141,0.847935,3,0
120,8,1761,467,47,161,0.758817,1,5
120,7,1650,449,74,159,0.798679,1,3
120,6,1599,431,73,149,0.789813,1,4
120,5,1439,435,65,149,0.805082,1,2
120,3,1705,384,209,135,0.751170,3,6
120,2,839,484,281,175,0.816185,3,1
120,1,1517,398,324,141,0.848561,3,0
121,8,1758,466,47,164,0.767217,1,5
121,7,1650,449,70,160,0.811106,1,2
121,6,1598,430,70,150,0.801082,1,3
121,5,1440,436,64,148,0.786548,1,4
121,3,1706,384,208,136,0.715173,3,6
121,2,838,484,281,175,0.839539,3,1
121,1,1517,398,324,142,0.853020,3,0
122,8,1754,468,48,162,0.768424,1,5
122,7,1648,452,70,156,0.777233,1,4
122,6,1598,430,67,149,0.820718,1,2
122,5,1438,436,58,149,0.787619,1,3
122,3,1706,383,212,137,0.719925,3,6
122,2,838,485,281,175,0.845033,3,1
122,1,1519,397,321,142,0.858918,3,0
123,9,1873,417,35,142,0.639421,1,7
123,8,1748,468,50,160,0.761245,1,4
123,7,1648,450,67,158,0.784694,1,3
123,6,1598,430,66,149,0.804050,1,2
123,5,1437,437,55,148,0.756093,1,5
123,3,1706,383,209,135,0.714730,3,6
123,2,839,484,280,175,0.837442,3,1
123,1,1519,397,320,143,0.852355,3,0
124,9,1872,419,35,135,0.648992,1,8
124,8,1739,469,58,160,0.775423,1,3
124,7,1647,449,62,159,0.768763,1,4
124,6,1599,429,65,151,0.783066,1,2
124,5,1437,436,50,147,0.741963,1,5
124,3,1706,383,211,135,0.718749,3,6
124,2,839,484,280,175,0.837923,3,1
124,1,1519,397,321,144,0.852832,3,0
125,9,1863,419,42,134,0.624349,1,7
125,8,1732,471,65,158,0.803635,1,2
125,7,1648,448,55,160,0.751481,1,4
125,6,1598,429,60,150,0.764814,1,3
125,5,1438,437,47,146,0.711940,1,6
125,3,1705,382,212,136,0.714283,3,5
125,2,839,484,280,175,0.838505,3,1
125,1,1519,398,322,143,0.868154,3,0
126,9,1861,419,42,133,0.655190,1,7
126,8,1722,473,74,157,0.814297,1,2
126,7,1646,447,53,161,0.743078,1,4
126,6,1600,430,53,149,0.752104,1,3
126,5,1435,436,47,146,0.658949,1,6
126,3,1704,382,213,135,0.703617,3,5
126,2,840,484,280,174,0.840535,3,1
126,1,1519,398,322,142,0.886349,3,0
127,9,1861,420,42,133,0.623395,1,9
127,8,1715,472,82,158,0.833509,1,2
127,7,1646,451,50,158,0.738043,1,4
127,6,1598,431,43,148,0.738680,1,3
127,5,1430,441,50,143,0.690087,1,6
127,3,1714,384,205,131,0.707824,3,5
127,2,839,485,280,174,0.838343,3,1
127,1,1520,399,321,143,0.892631,3,0
128,9,1852,418,49,141,0.618279,1,9
128,8,1711,470,85,161,0.851475,1,1
128,7,1642,446,48,162,0.723603,1,6
128,6,1596,430,40,150,0.755718,1,3
128,5,1428,440,48,144,0.733796,1,5
128,3,1713,384,205,129,0.751456,3,4
128,2,839,485,280,174,0.817861,3,2
128,1,1520,399,321,144,0.904507,3,0
129,10,1884,430,35,144,0.661451,1,8
129,9,1851,418,48,138,0.628489,1,9
129,8,1711,470,85,162,0.847297,1,1
129,7,1639,448,47,161,0.694988,1,6
129,6,1592,427,40,152,0.766819,1,3
129,5,1424,440,50,144,0.712576,1,5
129,4,1421,398,59,87,0.664946,1,7
129,3,1712,384,206,128,0.755803,3,4
129,2,840,485,280,174,0.824947,3,2
129,1,1519,398,322,146,0.896791,3,0
130,9,1845,420,53,136,0.644086,1,8
130,8,1711,472,84,160,0.846726,1,1
130,7,1635,447,45,162,0.700625,1,6
130,6,1589,428,42,151,0.796703,1,3
130,5,1418,441,53,145,0.728335,1,5
130,4,1420,398,61,90,0.654286,1,7
130,3,1711,385,206,129,0.733931,3,4
130,2,839,484,280,174,0.825971,3,2
130,1,1519,399,321,145,0.891401,3,0
131,9,1841,420,56,134,0.618614,1,7
131,8,1711,472,85,160,0.836742,1,1
131,7,1631,446,49,162,0.693254,1,6
131,6,1578,429,51,149,0.759804,1,3
131,5,1409,441,59,145,0.737144,1,4
131,4,1420,398,59,88,0.612307,1,8
131,3,1710,385,207,130,0.725125,3,5
131,2,840,484,279,175,0.834118,3,2
131,1,1518,398,321,144,0.887234,3,0
132,8,1710,470,85,161,0.847587,1,1
132,7,1623,440,56,168,0.670967,1,6
132,6,1571,427,56,151,0.769782,1,3
132,5,1404,439,63,148,0.748403,1,4
132,4,1422,398,57,87,0.644991,1,7
132,3,1711,385,206,133,0.691666,3,5
132,2,840,484,280,175,0.830487,3,2
132,1,1518,397,321,144,0.875291,3,0
133,8,1709,472,85,159,0.847295,1,1
133,7,1614,438,63,170,0.712000,1,5
133,6,1562,429,64,149,0.770589,1,4
133,5,1400,440,67,146,0.779806,1,3
133,4,1422,399,56,94,0.635368,1,8
133,3,1706,383,214,130,0.650018,3,6
133,2,840,484,279,175,0.836980,3,2
133,1,1518,397,322,146,0.869784,3,0
134,8,1708,471,84,160,0.847283,1,1
134,7,1602,439,75,167,0.751307,1,4
134,6,1553,431,72,148,0.734325,1,5
134,5,1398,438,69,149,0.802734,1,3
134,4,1422,398,54,87,0.645475,1,8
134,3,1706,383,214,127,0.670445,3,6
134,2,839,484,280,175,0.827387,3,2
134,1,1519,397,321,144,0.869942,3,0
135,10,1862,432,57,144,0.710669,1,6
135,8,1710,468,79,163,0.841599,1,1
135,7,1599,443,78,164,0.760971,1,4
135,6,1549,432,76,149,0.740864,1,5
135,5,1399,438,67,150,0.799210,1,3
135,4,1421,398,54,87,0.604983,1,8
135,3,1706,384,214,127,0.670121,3,7
135,2,840,484,281,174,0.827062,3,2
135,1,1519,397,321,144,0.881579,3,0
136,10,1857,433,62,144,0.765507,1,5
136,8,1710,468,77,164,0.843920,1,1
136,7,1591,444,86,165,0.767403,1,4
136,6,1546,433,77,150,0.741794,1,6
136,5,1400,444,66,145,0.783092,1,3
136,3,1706,383,213,124,0.619861,3,7
136,2,840,483,279,175,0.830160,3,2
136,1,1519,397,321,144,0.873300,3,0
137,10,1844,433,74,145,0.771604,1,5
137,8,1708,468,73,163,0.812460,1,2
137,7,1589,444,88,162,0.802771,1,3
137,6,1543,433,80,147,0.732758,1,6
137,5,1396,443,68,146,0.781420,1,4
137,3,1706,384,213,116,0.657556,3,7
137,2,839,483,280,174,0.822863,3,1
137,1,1519,397,321,144,0.884635,3,0
138,10,1844,432,73,147,0.757756,1,5
138,8,1708,469,68,162,0.801414,1,4
138,7,1588,442,89,164,0.806643,1,2
138,6,1545,433,76,148,0.750547,1,6
138,5,1398,440,66,150,0.805884,1,3
138,3,1707,384,213,106,0.657534,3,7
138,2,839,483,280,174,0.844963,3,1
138,1,1518,397,322,145,0.886507,3,0
139,10,1844,433,72,144,0.762788,1,6
139,8,1708,467,62,164,0.769397,1,4
139,7,1585,439,91,168,0.819699,1,2
139,6,1544,431,73,149,0.763581,1,5
139,5,1398,439,66,150,0.813003,1,3
139,3,1707,385,212,102,0.687074,3,8
139,2,839,483,280,175,0.842631,3,1
139,1,1518,397,320,146,0.882661,3,0
140,10,1842,434,76,144,0.755139,1,5
140,8,1708,467,56,164,0.734776,1,6
140,7,1584,439,92,168,0.836442,1,1
140,6,1543,434,71,145,0.763890,1,4
140,5,1396,440,63,148,0.782446,1,3
140,4,1416,400,53,147,0.706845,1,7
140,3,1707,384,213,102,0.669168,3,8
140,2,839,484,280,174,0.836078,3,2
140,1,1518,397,319,146,0.884093,3,0
141,10,1842,433,75,146,0.760598,1,6
141,8,1707,469,48,166,0.767538,1,4
141,7,1581,446,93,160,0.809440,1,2
141,6,1543,434,69,145,0.764184,1,5
141,5,1396,441,63,148,0.782371,1,3
141,4,1415,401,54,150,0.695570,1,7
141,3,1706,386,214,99,0.687754,3,8
141,2,839,483,280,175,0.854898,3,1
141,1,1518,397,319,146,0.864047,3,0
142,10,1842,432,74,148,0.745440,1,6
142,8,1707,468,43,166,0.762491,1,5
142,7,1582,444,89,162,0.800403,1,2
142,6,1543,440,67,139,0.768847,1,3
142,5,1397,440,62,149,0.764194,1,4
142,4,1416,401,52,152,0.708737,1,7
142,3,1707,386,213,100,0.678118,3,8
142,2,840,483,279,175,0.854909,3,1
142,1,1518,397,319,146,0.858299,3,0
143,10,1842,427,71,153,0.663055,1,8
143,8,1703,468,43,168,0.777359,1,3
143,7,1581,438,87,169,0.793971,1,2
143,6,1543,432,63,148,0.764606,1,4
143,5,1396,439,56,150,0.696628,1,5
143,4,1416,401,50,151,0.682884,1,6
143,3,1706,385,214,102,0.670609,3,7
143,2,839,483,280,174,0.852937,3,1
143,1,1518,396,317,148,0.868938,3,0
144,10,1842,424,68,153,0.600890,1,8
144,8,1703,469,42,168,0.790643,1,3
144,7,1582,445,83,161,0.815684,1,2
144,6,1543,434,61,146,0.779589,1,4
144,5,1394,439,48,150,0.744233,1,6
144,4,1422,402,43,151,0.745946,1,5
144,3,1706,385,213,113,0.678354,3,7
144,2,840,484,280,175,0.851243,3,1
144,1,1517,396,317,147,0.869855,3,0
145,8,1689,469,54,168,0.800505,1,2
145,7,1582,445,77,163,0.794915,1,3
145,6,1543,435,59,145,0.749085,1,4
145,5,1393,441,47,149,0.745996,1,5
145,4,1419,402,45,152,0.734533,1,6
145,3,1706,386,214,116,0.689109,3,7
145,2,840,483,280,175,0.854429,3,1
145,1,1518,396,318,147,0.884125,3,0
146,8,1681,470,60,165,0.791406,1,3
146,7,1583,444,71,163,0.803451,1,2
146,6,1542,433,49,147,0.702199,1,7
146,5,1392,441,46,148,0.772021,1,4
146,4,1417,403,46,148,0.737356,1,5
146,3,1706,386,214,113,0.706231,3,6
146,2,839,484,280,174,0.845183,3,1
146,1,1518,397,314,146,0.865632,3,0
147,8,1673,471,68,166,0.791275,1,3
147,7,1583,446,66,161,0.806626,1,2
147,6,1543,438,41,141,0.677134,1,7
147,5,1389,440,46,150,0.759889,1,4
147,4,1415,403,47,149,0.714230,1,5
147,3,1706,386,214,117,0.712917,3,6
147,2,840,484,280,174,0.848363,3,1
147,1,1518,396,312,145,0.880869,3,0
148,8,1668,471,72,165,0.808149,1,2
148,7,1584,450,62,158,0.768994,1,4
148,6,1539,437,41,144,0.711241,1,7
148,5,1388,440,47,151,0.779025,1,3
148,4,1418,403,44,149,0.715724,1,6
148,3,1706,386,214,127,0.746478,3,5
148,2,840,484,279,175,0.847195,3,1
148,1,1518,397,313,143,0.880520,3,0
149,11,1870,494,50,141,0.632837,1,8
149,10,1836,432,52,146,0.619597,1,9
149,8,1665,472,75,163,0.825963,1,2
149,7,1583,448,54,158,0.716121,1,6
149,6,1537,439,44,144,0.665325,1,7
149,5,1382,440,49,154,0.739460,1,3
149,4,1417,403,43,149,0.735766,1,4
149,3,1706,385,214,130,0.727739,3,5
149,2,840,484,279,175,0.848017,3,1
149,1,1518,396,309,142,0.893750,3,0
150,11,1870,477,49,159,0.641845,1,8
150,10,1826,429,59,148,0.607255,1,9
150,8,1663,474,76,163,0.834572,1,1
150,7,1582,451,48,157,0.704535,1,6
150,6,1531,435,44,149,0.678832,1,7
150,5,1378,439,53,156,0.747061,1,3
150,4,1416,403,42,148,0.729227,1,4
150,3,1706,386,214,123,0.724571,3,5
150,2,840,484,280,174,0.824220,3,2
150,1,1518,397,310,143,0.874713,3,0
151,11,1867,475,52,164,0.697650,1,8
151,8,1660,478,78,158,0.842104,1,1
151,7,1582,453,46,157,0.711464,1,5
151,6,1526,437,47,146,0.708134,1,6
151,5,1378,442,52,155,0.746188,1,3
151,4,1416,403,41,147,0.728932,1,4
151,3,1705,385,215,119,0.702145,3,7
151,2,840,484,280,175,0.828592,3,2
151,1,1520,397,308,143,0.862475,3,0
152,8,1658,481,79,155,0.827632,1,1
152,7,1579,454,45,157,0.711176,1,6
152,6,1517,436,56,147,0.742770,1,4
152,5,1370,441,61,155,0.749743,1,3
152,4,1413,406,44,146,0.727161,1,5
152,3,1705,386,215,122,0.672851,3,7
152,2,840,484,280,174,0.825480,3,2
152,1,1520,397,307,143,0.852158,3,0
153,8,1657,480,79,157,0.824542,1,2
153,7,1573,451,48,161,0.732949,1,6
153,6,1511,438,62,146,0.756691,1,3
153,5,1370,445,54,152,0.753501,1,4
153,4,1412,406,42,147,0.735946,1,5
153,3,1706,386,214,122,0.677810,3,7
153,2,840,484,280,174,0.834980,3,1
153,1,1519,397,307,142,0.842701,3,0
154,8,1656,478,77,159,0.840073,1,0
154,7,1567,450,53,162,0.758473,1,4
154,6,1506,439,65,144,0.757355,1,5
154,5,1365,445,58,153,0.759269,1,3
154,4,1411,407,42,146,0.737030,1,6
154,3,1705,386,215,113,0.672955,3,7
154,2,840,484,280,175,0.827862,3,2
154,1,1518,397,305,142,0.835422,3,1
155,8,1657,478,74,160,0.843078,1,1
155,7,1560,451,58,161,0.766656,1,4
155,6,1501,439,69,148,0.782976,1,3
155,5,1366,446,55,153,0.751392,1,5
155,4,1408,406,44,148,0.745759,1,6
155,3,1705,386,215,122,0.651801,3,7
155,2,839,485,281,174,0.827830,3,2
155,1,1517,397,305,142,0.850220,3,0
156,8,1657,479,71,158,0.828678,1,2
156,7,1553,452,63,160,0.752020,1,5
156,6,1500,439,70,149,0.786730,1,3
156,5,1365,446,55,155,0.759884,1,4
156,4,1409,408,42,145,0.732454,1,6
156,3,1706,386,214,113,0.698307,3,7
156,2,840,485,280,174,0.831494,3,1
156,1,1519,397,301,143,0.847333,3,0
157,8,1657,478,65,159,0.815548,1,2
157,7,1550,452,67,159,0.767022,1,4
157,6,1498,438,71,151,0.802249,1,3
157,5,1365,447,56,155,0.727303,1,6
157,4,1406,408,44,145,0.728511,1,5
157,3,1706,386,213,109,0.696292,3,7
157,2,840,485,280,174,0.830651,3,1
157,1,1523,397,296,143,0.843214,3,0
158,11,1860,480,59,184,0.686818,1,8
158,8,1658,477,57,162,0.777381,1,4
158,7,1548,453,68,158,0.799672,1,2
158,6,1496,437,72,153,0.796897,1,3
158,5,1365,449,55,155,0.713519,1,6
158,4,1402,409,47,145,0.747518,1,5
158,3,1707,385,212,107,0.704124,3,7
158,2,840,485,280,174,0.831699,3,1
158,1,1524,397,294,143,0.841916,3,0
159,11,1856,488,63,176,0.721682,1,6
159,8,1657,477,54,161,0.762188,1,4
159,7,1545,455,71,156,0.821020,1,2
159,6,1496,439,67,151,0.787838,1,3
159,5,1365,448,54,157,0.671828,1,9
159,4,1400,407,48,149,0.749161,1,5
159,3,1708,385,211,108,0.707789,3,7
159,2,840,485,280,174,0.827762,3,0
159,1,1526,397,291,144,0.823274,3,1
160,11,1857,497,62,167,0.713025,1,6
160,8,1655,473,48,164,0.778863,1,4
160,7,1543,456,74,155,0.836106,1,0
160,6,1497,438,67,150,0.790124,1,3
160,5,1363,449,55,155,0.676061,1,8
160,4,1397,407,51,146,0.743380,1,5
160,3,1708,385,211,112,0.690159,3,7
160,2,840,484,280,174,0.832668,3,1
160,1,1525,397,291,146,0.816242,3,2
161,11,1856,507,63,158,0.753500,1,6
161,8,1651,472,48,166,0.809118,1,3
161,7,1539,456,76,157,0.841947,1,0
161,6,1496,439,64,150,0.800762,1,4
161,5,1361,449,52,154,0.643955,1,8
161,4,1395,407,53,147,0.767291,1,5
161,3,1707,385,213,115,0.674040,3,7
161,2,840,485,280,174,0.836515,3,1
161,1,1526,395,289,148,0.833620,3,2
162,11,1856,506,63,159,0.762271,1,4
162,8,1648,473,48,165,0.825438,1,3
162,7,1539,454,75,160,0.827414,1,1
162,6,1495,437,59,151,0.748651,1,6
162,4,1393,407,54,147,0.761519,1,5
162,3,1706,385,213,118,0.674892,3,7
162,2,840,484,280,174,0.826445,3,2
162,1,1526,394,288,149,0.845828,3,0
163,11,1857,507,62,157,0.761381,1,5
163,8,1643,476,51,164,0.812828,1,3
163,7,1539,454,72,160,0.815174,1,2
163,6,1494,438,47,152,0.733763,1,6
163,4,1388,407,60,145,0.764985,1,4
163,3,1706,384,214,113,0.684234,3,7
163,2,840,484,280,174,0.838351,3,1
163,1,1525,395,288,149,0.855356,3,0
164,11,1856,500,63,164,0.748252,1,5
164,8,1639,475,52,163,0.794271,1,3
164,7,1539,453,68,161,0.797151,1,2
164,6,1492,437,48,152,0.725818,1,6
164,4,1387,408,58,145,0.776584,1,4
164,3,1706,385,214,109,0.689487,3,7
164,2,840,484,280,174,0.835105,3,1
164,1,1524,395,287,149,0.855598,3,0
165,11,1856,505,64,158,0.722072,1,7
165,8,1629,474,59,165,0.787705,1,3
165,7,1539,454,62,160,0.797507,1,2
165,6,1489,437,48,152,0.756839,1,6
165,4,1387,407,56,144,0.780303,1,4
165,3,1706,385,214,105,0.663893,3,8
165,2,841,484,279,175,0.835915,3,1
165,1,1525,395,285,150,0.859119,3,0
166,11,1855,505,64,158,0.726167,1,7
166,8,1619,475,68,164,0.810261,1,3
166,7,1538,452,57,163,0.767519,1,5
166,6,1486,436,49,152,0.769899,1,4
166,5,1356,447,44,156,0.744715,1,6
166,4,1385,408,58,146,0.815903,1,2
166,3,1706,385,214,98,0.710279,3,8
166,2,840,484,280,175,0.841108,3,1
166,1,1522,394,285,150,0.848759,3,0
167,11,1855,500,63,164,0.674180,1,8
167,8,1611,475,75,164,0.824901,1,2
167,7,1537,451,53,163,0.744448,1,5
167,6,1484,436,48,152,0.773876,1,4
167,5,1353,447,45,155,0.713166,1,7
167,4,1382,408,59,146,0.818850,1,3
167,3,1707,384,212,99,0.724752,3,6
167,2,840,484,280,175,0.839021,3,1
167,1,1523,394,281,149,0.852612,3,0
168,11,1854,503,62,162,0.681608,1,8
168,8,1604,481,81,157,0.837819,1,2
168,7,1536,453,50,161,0.747463,1,5
168,6,1477,436,51,152,0.773368,1,4
168,5,1350,448,45,154,0.722067,1,6
168,4,1381,408,58,146,0.820996,1,3
168,3,1708,384,211,96,0.719411,3,7
168,2,841,484,279,174,0.840181,3,1
168,1,1522,394,281,149,0.847457,3,0
169,11,1851,502,60,162,0.646442,1,8
169,8,1601,485,84,154,0.847390,1,0
169,7,1534,453,49,162,0.768055,1,4
169,6,1467,437,59,153,0.766592,1,5
169,5,1345,448,48,158,0.699498,1,7
169,4,1380,408,55,147,0.780546,1,3
169,3,1708,384,211,96,0.717714,3,6
169,2,841,484,279,174,0.844231,3,1
169,1,1521,394,281,149,0.837121,3,2
170,8,1600,482,86,157,0.852275,1,0
170,7,1530,452,50,162,0.774567,1,5
170,6,1457,438,66,151,0.772818,1,6
170,5,1335,450,57,154,0.775881,1,4
170,4,1378,408,53,147,0.782173,1,3
170,3,1708,385,211,99,0.687471,3,7
170,2,841,484,279,173,0.849966,3,1
170,1,1522,393,278,149,0.838498,3,2
171,8,1599,483,87,158,0.865637,1,0
171,7,1526,451,52,163,0.768174,1,6
171,6,1452,439,72,150,0.808003,1,3
171,5,1331,451,62,153,0.793512,1,4
171,4,1378,407,52,149,0.782996,1,5
171,3,1709,385,210,102,0.724284,3,7
171,2,841,484,279,173,0.847472,3,1
171,1,1520,393,275,149,0.843510,3,2
172,8,1599,483,86,156,0.860791,1,0
172,7,1524,453,52,160,0.741972,1,6
172,6,1448,440,77,149,0.817026,1,3
172,5,1328,452,64,152,0.806874,1,4
172,4,1375,409,55,149,0.780193,1,5
172,3,1709,385,210,105,0.722595,3,7
172,2,841,484,279,173,0.847912,3,1
172,1,1521,393,270,150,0.843406,3,2
173,8,1599,483,84,156,0.868994,1,0
173,7,1522,452,52,161,0.735763,1,7
173,6,1445,442,81,147,0.812993,1,4
173,5,1327,452,65,151,0.819055,1,3
173,4,1374,409,55,146,0.778123,1,5
173,3,1708,385,212,113,0.712998,3,8
173,2,840,484,280,174,0.848784,3,1
173,1,1520,393,266,152,0.828466,3,2
174,11,1812,507,84,156,0.757291,1,7
174,8,1599,483,85,156,0.858274,1,0
174,7,1512,451,60,163,0.763210,1,6
174,6,1442,444,84,145,0.781649,1,5
174,5,1327,452,65,152,0.786994,1,3
174,4,1375,408,53,153,0.782907,1,4
174,3,1708,385,212,116,0.710656,3,8
174,2,841,484,279,174,0.844275,3,1
174,1,1518,394,265,152,0.815999,3,2
175,11,1809,505,81,159,0.757594,1,7
175,8,1598,479,84,160,0.834529,1,1
175,7,1504,450,67,163,0.763445,1,6
175,6,1443,444,76,146,0.799875,1,4
175,5,1327,454,62,153,0.813923,1,3
175,4,1373,409,53,148,0.788957,1,5
175,3,1708,385,211,123,0.723389,3,8
175,2,841,483,280,174,0.842465,3,0
175,1,1520,393,261,150,0.828543,3,2
176,11,1808,503,81,161,0.754414,1,7
176,8,1598,478,80,161,0.825167,1,2
176,7,1497,454,71,158,0.771884,1,6
176,6,1444,445,72,145,0.818016,1,3
176,5,1329,454,59,152,0.793784,1,5
176,4,1372,410,53,148,0.798224,1,4
176,3,1710,384,210,129,0.729881,3,8
176,2,841,483,279,174,0.840513,3,1
176,1,1519,393,259,151,0.844225,3,0
177,11,1803,504,86,159,0.756673,1,8
177,8,1598,488,77,151,0.828943,1,4
177,7,1487,455,80,158,0.836237,1,3
177,6,1441,445,73,146,0.838175,1,2
177,5,1327,454,63,154,0.825954,1,5
177,4,1371,410,53,150,0.780018,1,6
177,3,1710,384,210,131,0.773001,3,7
177,2,841,483,280,174,0.845391,3,1
177,1,1519,393,258,150,0.845583,3,0
178,11,1802,509,85,154,0.755542,1,8
178,8,1598,488,71,150,0.809158,1,5
178,7,1482,455,84,158,0.842832,1,1
178,6,1440,444,72,146,0.816499,1,3
178,5,1327,454,60,155,0.811906,1,4
178,4,1372,410,51,152,0.755827,1,7
178,3,1711,384,209,134,0.763580,3,6
178,2,841,483,279,174,0.852495,3,0
178,1,1520,394,254,150,0.830963,3,2
179,11,1802,508,84,154,0.794181,1,7
179,8,1598,489,67,152,0.806475,1,3
179,7,1481,454,84,159,0.846370,1,1
179,6,1441,442,71,149,0.798933,1,5
179,5,1328,455,58,154,0.796743,1,6
179,4,1372,411,52,152,0.752608,1,8
179,3,1710,384,210,132,0.804793,3,4
179,2,841,483,279,174,0.851717,3,0
179,1,1520,394,253,150,0.812808,3,2
180,11,1801,509,83,154,0.794510,1,6
180,8,1599,491,62,148,0.801046,1,5
180,7,1480,456,84,158,0.843690,1,1
180,6,1440,442,68,150,0.826697,1,2
180,5,1327,453,58,155,0.801209,1,4
180,4,1372,410,52,153,0.740101,1,8
180,3,1710,383,209,134,0.776093,3,7
180,2,842,484,279,174,0.854243,3,0
180,1,1521,394,250,151,0.817706,3,3
181,11,1798,509,85,155,0.818532,1,2
181,10,1759,484,63,149,0.743782,1,8
181,8,1598,487,55,151,0.799329,1,5
181,7,1481,456,83,160,0.838356,1,1
181,6,1441,442,64,149,0.808800,1,3
181,5,1326,453,55,156,0.800151,1,4
181,4,1372,409,52,154,0.739669,1,9
181,3,1709,382,210,134,0.789493,3,7
181,2,842,484,278,174,0.857138,3,0
181,1,1522,394,249,150,0.796467,3,6
182,11,1798,508,83,156,0.751601,1,8
182,10,1744,475,77,159,0.753382,1,7
182,8,1595,488,52,150,0.791917,1,3
182,7,1480,455,84,161,0.840639,1,1
182,6,1440,442,62,149,0.798255,1,2
182,5,1319,453,57,156,0.757739,1,6
182,4,1372,410,48,155,0.741084,1,9
182,3,1710,383,209,135,0.776203,3,5
182,2,842,484,278,174,0.850039,3,0
182,1,1523,394,251,151,0.791478,3,4
183,11,1799,509,77,154,0.671478,1,9
183,10,1738,472,83,162,0.748743,1,8
183,8,1591,483,51,158,0.776382,1,4
183,7,1478,452,85,165,0.838108,1,0
183,6,1438,443,55,149,0.777837,1,3
183,5,1320,454,52,155,0.767568,1,6
183,4,1373,409,48,156,0.753970,1,7
183,3,1709,383,210,137,0.786654,3,2
183,2,842,483,279,174,0.837289,3,1
183,1,1522,394,251,151,0.775760,3,5
184,11,1799,506,68,157,0.721412,1,8
184,10,1735,451,84,185,0.716728,1,9
184,8,1585,479,55,164,0.768257,1,5
184,7,1478,455,83,163,0.827242,1,1
184,6,1436,443,53,148,0.783644,1,2
184,5,1317,455,51,156,0.740357,1,7
184,4,1372,409,49,156,0.753136,1,6
184,3,1709,383,208,136,0.782295,3,3
184,2,842,484,278,174,0.836653,3,0
184,1,1522,394,253,150,0.778055,3,4
185,11,1799,508,61,155,0.680107,1,9
185,10,1732,440,86,194,0.729452,1,7
185,8,1588,483,52,161,0.768537,1,4
185,7,1480,453,78,165,0.825513,1,1
185,6,1432,443,56,149,0.800288,1,2
185,5,1317,456,50,152,0.695477,1,8
185,4,1372,410,47,156,0.763498,1,5
185,3,1710,384,208,135,0.758810,3,6
185,2,843,483,277,174,0.848892,3,0
185,1,1521,394,252,151,0.790878,3,3
186,10,1731,439,84,195,0.712099,1,8
186,8,1580,479,56,166,0.832092,1,1
186,7,1478,454,77,165,0.821733,1,2
186,6,1428,443,60,150,0.793271,1,3
186,5,1316,456,51,155,0.791161,1,4
186,4,1372,410,47,156,0.790592,1,5
186,3,1711,385,204,136,0.779993,3,6
186,2,843,484,277,174,0.842076,3,0
186,1,1521,394,251,151,0.772943,3,7
187,10,1730,440,82,193,0.701650,1,8
187,8,1574,484,62,162,0.826243,1,1
187,7,1479,454,73,164,0.824626,1,2
187,6,1425,444,60,151,0.789319,1,4
187,5,1314,456,51,156,0.795460,1,3
187,4,1372,409,46,158,0.777033,1,5
187,3,1712,383,202,137,0.742053,3,7
187,2,843,484,278,174,0.837696,3,0
187,1,1521,394,247,151,0.770018,3,6
188,8,1569,487,64,158,0.820046,1,1
188,7,1477,454,71,165,0.796204,1,3
188,6,1424,445,59,151,0.782963,1,5
188,5,1312,454,51,161,0.805894,1,2
188,4,1370,410,48,157,0.772069,1,6
188,3,1709,384,206,139,0.726528,3,7
188,2,843,484,277,175,0.829309,3,0
188,1,1521,395,245,151,0.795698,3,4
189,11,1795,504,58,161,0.657820,1,8
189,8,1566,488,64,157,0.808730,1,1
189,7,1478,454,64,165,0.794258,1,4
189,6,1419,445,61,153,0.783478,1,6
189,5,1310,454,50,160,0.805004,1,2
189,4,1369,412,46,153,0.786524,1,5
189,3,1709,384,210,140,0.719725,3,7
189,2,843,484,278,174,0.835644,3,0
189,1,1520,395,242,151,0.794292,3,3
190,11,1787,506,64,162,0.695537,1,8
190,8,1563,486,66,159,0.819020,1,1
190,7,1478,454,58,164,0.791906,1,3
190,6,1417,446,63,152,0.776960,1,5
190,5,1310,457,50,158,0.794970,1,2
190,4,1368,413,48,153,0.769230,1,6
190,3,1709,383,210,141,0.706170,3,7
190,2,843,484,277,174,0.837259,3,0
190,1,1520,394,241,151,0.790770,3,4
191,11,1777,507,71,162,0.706862,1,7
191,10,1729,475,65,158,0.671816,1,9
191,8,1559,487,69,159,0.829121,1,1
191,7,1477,454,55,165,0.777044,1,4
191,6,1413,448,67,150,0.765841,1,5
191,5,1308,458,50,160,0.792148,1,2
191,4,1367,413,48,153,0.752866,1,6
191,3,1710,383,210,142,0.679746,3,8
191,2,843,484,278,174,0.844048,3,0
191,1,1521,394,238,151,0.791959,3,3
192,11,1767,508,78,159,0.728509,1,8
192,8,1558,486,69,160,0.821774,1,1
192,7,1473,455,55,164,0.756968,1,5
192,6,1411,448,68,151,0.785218,1,3
192,5,1303,458,53,159,0.772996,1,4
192,4,1367,413,46,152,0.756249,1,6
192,3,1710,384,210,141,0.730122,3,7
192,2,843,484,278,174,0.846665,3,0
192,1,1521,394,237,151,0.786887,3,2
193,11,1762,509,84,157,0.741881,1,7
193,8,1555,486,73,161,0.809435,1,1
193,7,1471,455,54,167,0.752310,1,6
193,6,1410,449,67,154,0.784398,1,4
193,5,1303,459,53,160,0.784489,1,3
193,4,1366,414,46,152,0.755170,1,5
193,3,1710,384,210,143,0.722358,3,8
193,2,843,484,278,174,0.848852,3,0
193,1,1521,394,235,150,0.795825,3,2
194,11,1760,508,85,158,0.729039,1,7
194,8,1555,486,73,161,0.796866,1,1
194,7,1474,455,50,168,0.741447,1,5
194,6,1409,449,64,155,0.783512,1,3
194,5,1299,461,60,156,0.783037,1,4
194,4,1364,414,48,151,0.739395,1,6
194,3,1709,385,210,129,0.682444,3,8
194,2,844,484,277,175,0.842605,3,0
194,1,1521,394,233,150,0.794927,3,2
195,11,1758,508,86,159,0.731058,1,7
195,8,1554,488,70,159,0.804965,1,1
195,7,1472,455,51,169,0.736476,1,6
195,6,1408,450,64,154,0.787853,1,3
195,5,1298,460,56,157,0.791579,1,2
195,4,1362,414,50,151,0.743313,1,5
195,3,1708,384,211,128,0.717734,3,8
195,2,843,484,277,174,0.847648,3,0
195,1,1522,394,231,150,0.769506,3,4
196,11,1757,511,86,158,0.717210,1,8
196,10,1711,471,50,161,0.673927,1,10
196,8,1555,490,69,157,0.809138,1,2
196,7,1466,455,52,169,0.732142,1,7
196,6,1408,449,63,155,0.775672,1,3
196,5,1293,458,57,161,0.811876,1,1
196,4,1360,415,52,152,0.753627,1,4
196,3,1707,385,211,129,0.746600,3,6
196,2,843,484,278,174,0.853478,3,0
196,1,1522,394,234,150,0.749637,3,5
197,11,1757,511,87,157,0.746861,1,6
197,10,1698,473,61,158,0.700390,1,9
197,8,1555,491,65,157,0.811198,1,1
197,7,1461,455,55,168,0.770240,1,5
197,6,1412,449,57,154,0.784093,1,4
197,5,1292,457,59,162,0.786214,1,3
197,4,1360,417,50,151,0.738346,1,7
197,3,1708,385,211,128,0.732417,3,8
197,2,843,484,278,174,0.858163,3,0
197,1,1521,394,235,151,0.788446,3,2
198,12,1866,440,51,141,0.621847,1,10
198,11,1756,511,85,158,0.767390,1,5
198,10,1684,472,75,159,0.771536,1,4
198,8,1555,497,59,151,0.785989,1,2
198,7,1455,457,59,168,0.760248,1,6
198,6,1408,449,58,153,0.753155,1,7
198,5,1290,457,57,164,0.772631,1,3
198,4,1357,417,52,151,0.734162,1,8
198,3,1708,385,210,128,0.715052,3,9
198,2,843,484,278,174,0.857912,3,0
198,1,1521,393,233,150,0.789630,3,1
199,12,1864,439,54,141,0.628457,1,10
199,11,1755,511,81,158,0.777592,1,3
199,10,1671,471,88,159,0.787370,1,1
199,8,1554,494,55,153,0.778416,1,2
199,7,1446,456,66,168,0.758963,1,5
199,6,1409,448,55,155,0.735116,1,7
199,5,1289,455,58,166,0.766273,1,4
199,4,1355,417,53,152,0.749717,1,6
199,3,1709,385,210,128,0.725797,3,8
199,2,843,484,278,174,0.865893,3,0
199,1,1521,393,238,151,0.702158,3,9
200,12,1859,438,56,142,0.604553,1,9
200,11,1756,508,78,160,0.794604,1,1
200,10,1665,460,95,171,0.760016,1,4
200,8,1553,493,50,155,0.790231,1,2
200,7,1445,457,66,167,0.775209,1,3
200,6,1405,448,55,155,0.751422,1,6
200,5,1286,457,58,161,0.745875,1,7
200,4,1354,419,54,151,0.759641,1,5
200,3,1709,385,210,126,0.722476,3,8
200,2,843,484,278,174,0.867512,3,0
201,12,1852,436,62,144,0.604257,1,10
201,11,1755,508,74,160,0.780612,1,3
201,10,1662,448,99,183,0.776183,1,4
201,8,1551,495,48,151,0.806559,1,2
201,7,1440,457,70,167,0.818224,1,1
201,6,1405,448,51,156,0.760154,1,6
201,5,1280,461,57,156,0.727366,1,9
201,4,1355,418,53,153,0.767614,1,5
201,3,1709,385,210,123,0.727945,3,8
201,2,843,484,278,174,0.860676,3,0
202,11,1756,508,70,160,0.750249,1,6
202,10,1658,465,100,166,0.807162,1,2
202,8,1547,488,48,159,0.802852,1,3
202,7,1441,457,68,168,0.808732,1,1
202,6,1404,448,51,155,0.777529,1,5
202,5,1279,462,55,158,0.741661,1,7
202,4,1356,419,52,153,0.789390,1,4
202,3,1709,385,209,124,0.728619,3,8
202,2,843,484,278,174,0.865331,3,0
203,11,1756,511,70,158,0.744422,1,7
203,10,1658,474,99,157,0.800262,1,2
203,8,1544,486,50,162,0.790000,1,3
203,7,1440,457,69,166,0.816126,1,1
203,6,1402,448,48,154,0.774370,1,5
203,5,1277,462,57,159,0.745673,1,6
203,4,1357,420,52,152,0.786104,1,4
203,3,1708,385,212,127,0.720548,3,8
203,2,843,484,278,173,0.867918,3,0
204,10,1658,476,98,154,0.784349,1,3
204,8,1541,481,51,167,0.799699,1,2
204,7,1438,459,70,165,0.814688,1,1
204,6,1397,446,51,156,0.738670,1,6
204,5,1274,464,59,157,0.740578,1,5
204,4,1357,420,51,151,0.773049,1,4
204,3,1708,385,212,128,0.734852,3,7
204,2,843,484,278,173,0.863840,3,0
205,10,1658,474,95,157,0.750680,1,4
205,8,1536,488,54,159,0.782595,1,2
205,7,1437,458,70,167,0.808079,1,1
205,6,1394,448,53,157,0.728676,1,6
205,5,1272,464,61,156,0.712714,1,7
205,4,1356,421,48,149,0.768816,1,3
205,3,1709,385,211,127,0.729077,3,5
205,2,843,484,278,173,0.876188,3,0
206,10,1657,473,90,157,0.751899,1,5
206,8,1528,485,59,162,0.795695,1,2
206,7,1437,461,68,164,0.804415,1,1
206,6,1387,449,57,152,0.760874,1,4
206,5,1271,465,60,155,0.687795,1,7
206,4,1355,419,48,151,0.769054,1,3
206,3,1709,384,210,128,0.720183,3,6
206,2,842,484,279,173,0.866713,3,0
207,10,1658,474,85,153,0.710045,1,7
207,8,1522,483,65,165,0.813457,1,1
207,7,1437,461,63,164,0.792161,1,2
207,6,1381,451,62,155,0.748685,1,4
207,5,1267,467,62,156,0.712861,1,6
207,4,1353,418,47,152,0.758484,1,3
207,3,1710,384,209,131,0.719667,3,5
207,2,842,484,279,173,0.862922,3,0
208,10,1651,471,87,155,0.731449,1,6
208,8,1515,481,70,167,0.824959,1,1
208,7,1437,461,58,164,0.777176,1,3
208,6,1375,451,66,153,0.797759,1,2
208,5,1264,467,63,156,0.724102,1,8
208,4,1351,419,48,152,0.762412,1,4
208,3,1710,385,209,133,0.737496,3,5
208,2,842,484,279,173,0.866248,3,0
209,10,1644,472,82,154,0.761121,1,3
209,8,1510,482,74,167,0.832349,1,1
209,7,1437,462,52,163,0.754079,1,4
209,6,1371,451,68,154,0.800591,1,2
209,5,1260,467,67,158,0.746370,1,6
209,4,1349,419,52,153,0.752956,1,5
209,3,1709,385,210,130,0.740727,3,7
209,2,843,484,278,173,0.861236,3,0
209,1,1520,393,325,145,0.683126,3,8
210,10,1637,477,80,150,0.773552,1,3
210,8,1505,483,77,166,0.820965,1,1
210,7,1436,462,49,163,0.728769,1,6
210,6,1368,452,71,153,0.810289,1,2
210,5,1257,468,70,157,0.762000,1,4
210,4,1347,419,53,155,0.743432,1,5
210,3,1709,385,210,130,0.725577,3,7
210,2,843,484,278,173,0.856213,3,0
210,1,1521,393,323,156,0.699817,3,8
211,10,1632,475,74,153,0.755993,1,5
211,8,1503,486,80,163,0.818104,1,2
211,7,1435,459,45,165,0.745462,1,6
211,6,1365,454,72,151,0.821841,1,1
211,5,1255,468,71,157,0.791170,1,3
211,4,1346,419,51,152,0.727660,1,7
211,3,1711,385,208,129,0.714646,3,8
211,2,843,484,278,174,0.855602,3,0
211,1,1520,393,325,140,0.764616,3,4
212,11,1709,506,76,165,0.690611,1,9
212,10,1631,469,68,158,0.758108,1,5
212,8,1504,489,78,161,0.818745,1,2
212,7,1432,459,45,166,0.734890,1,6
212,6,1366,455,71,152,0.833522,1,1
212,5,1255,469,70,158,0.798565,1,3
212,4,1346,420,50,155,0.731838,1,7
212,3,1710,385,209,135,0.712219,3,8
212,2,843,484,278,174,0.858533,3,0
212,1,1520,393,326,137,0.764874,3,4
213,11,1703,505,82,165,0.722887,1,9
213,10,1627,464,69,166,0.749049,1,5
213,8,1504,489,77,161,0.819557,1,2
213,7,1428,459,48,167,0.730857,1,8
213,6,1366,454,71,155,0.807213,1,3
213,5,1255,468,69,160,0.782584,1,4
213,4,1344,421,51,151,0.731259,1,7
213,3,1713,385,206,137,0.748977,3,6
213,2,843,484,278,174,0.862918,3,0
213,1,1520,393,326,137,0.833930,3,1
214,11,1701,506,83,164,0.779772,1,4
214,10,1622,467,70,164,0.738346,1,6
214,8,1503,491,77,161,0.822388,1,2
214,7,1424,458,49,168,0.725330,1,9
214,6,1367,454,67,155,0.769250,1,5
214,5,1254,469,69,159,0.783297,1,3
214,4,1344,421,49,150,0.733640,1,8
214,3,1712,385,207,137,0.737348,3,7
214,2,843,484,278,174,0.864879,3,0
214,1,1520,393,324,140,0.847559,3,1
215,11,1699,509,84,161,0.796279,1,3
215,10,1621,471,68,161,0.728590,1,8
215,8,1502,489,77,163,0.830212,1,2
215,7,1419,459,51,168,0.715486,1,9
215,6,1365,454,66,155,0.747691,1,5
215,5,1253,469,69,160,0.766523,1,4
215,4,1342,422,50,149,0.731877,1,6
215,3,1710,384,209,140,0.730438,3,7
215,2,843,484,278,173,0.861640,3,0
215,1,1520,393,322,142,0.841318,3,1
216,11,1697,512,86,158,0.757206,1,4
216,10,1615,480,73,152,0.753174,1,5
216,8,1501,491,77,162,0.818573,1,2
216,7,1412,461,56,166,0.748096,1,6
216,6,1366,459,58,151,0.736890,1,7
216,5,1250,470,67,160,0.765740,1,3
216,4,1342,422,50,151,0.688962,1,8
216,3,1709,385,210,149,0.637063,3,9
216,2,843,484,278,174,0.853813,3,0
216,1,1520,394,322,144,0.844925,3,1
217,11,1699,508,85,163,0.775049,1,6
217,10,1612,480,76,152,0.805490,1,3
217,8,1504,488,73,165,0.828423,1,2
217,7,1407,462,61,165,0.779345,1,5
217,6,1365,460,55,149,0.710195,1,7
217,5,1249,468,68,162,0.786718,1,4
217,4,1341,423,49,152,0.694700,1,8
217,3,1708,384,211,136,0.690323,3,9
217,2,843,483,278,174,0.857814,3,0
217,1,1520,393,322,143,0.848778,3,1
218,12,1816,439,62,145,0.629634,1,10
218,11,1699,507,84,164,0.766235,1,7
218,10,1606,479,82,152,0.804236,1,3
218,8,1504,489,73,166,0.827487,1,2
218,7,1399,460,67,168,0.779339,1,5
218,6,1363,459,56,153,0.766524,1,6
218,5,1246,468,68,160,0.795093,1,4
218,4,1340,423,47,152,0.693590,1,8
218,3,1708,384,211,141,0.678867,3,9
218,2,843,483,278,174,0.852836,3,0
218,1,1520,393,322,148,0.848740,3,1
219,12,1814,441,65,144,0.642731,1,10
219,11,1698,508,80,163,0.740125,1,6
219,10,1602,480,86,154,0.818317,1,3
219,8,1504,489,70,164,0.815256,1,4
219,7,1389,462,77,167,0.818401,1,2
219,6,1359,458,58,154,0.734748,1,7
219,5,1243,470,71,159,0.783279,1,5
219,4,1339,424,45,157,0.693594,1,9
219,3,1707,384,212,135,0.709813,3,8
219,2,844,483,277,175,0.841830,3,1
219,1,1521,395,320,149,0.851462,3,0
220,12,1813,440,65,145,0.655896,1,10
220,11,1700,510,76,161,0.718765,1,7
220,10,1600,482,88,150,0.805950,1,3
220,8,1504,489,65,165,0.799192,1,4
220,7,1385,467,79,162,0.830739,1,1
220,6,1358,459,56,154,0.735839,1,6
220,5,1241,469,65,160,0.767856,1,5
220,4,1338,424,46,158,0.670748,1,9
220,3,1707,385,212,135,0.677104,3,8
220,2,844,483,277,174,0.824944,3,2
220,1,1521,396,319,151,0.840093,3,0
221,12,1811,440,67,145,0.707127,1,8
221,11,1699,507,74,164,0.719371,1,7
221,10,1600,481,84,153,0.772516,1,5
221,8,1503,489,63,165,0.806366,1,3
221,7,1382,467,80,163,0.833839,1,1
221,6,1357,459,57,154,0.733859,1,6
221,5,1239,469,60,161,0.796372,1,4
221,4,1338,425,43,156,0.648258,1,10
221,3,1714,385,205,133,0.685750,3,9
221,2,844,483,277,174,0.826357,3,2
221,1,1521,396,318,151,0.843682,3,0
222,12,1809,440,70,145,0.720429,1,7
222,11,1699,508,70,164,0.768635,1,6
222,10,1600,482,81,152,0.774087,1,5
222,8,1504,488,57,166,0.819273,1,3
222,7,1380,468,82,162,0.824045,1,2
222,6,1356,462,56,149,0.710101,1,8
222,5,1238,470,58,161,0.796394,1,4
222,3,1712,386,207,130,0.644977,3,9
222,2,844,484,277,174,0.825852,3,0
222,1,1521,396,317,149,0.824413,3,1
223,12,1808,437,69,148,0.741338,1,7
223,11,1699,505,62,166,0.752947,1,6
223,10,1598,483,78,151,0.770508,1,5
223,8,1502,488,55,165,0.816845,1,2
223,7,1379,469,83,163,0.813628,1,3
223,6,1355,462,56,150,0.719745,1,8
223,5,1232,469,63,160,0.800516,1,4
223,3,1707,385,212,152,0.643029,3,9
223,2,844,484,277,174,0.839058,3,0
223,1,1521,396,313,148,0.835249,3,1
224,12,1807,434,68,151,0.764062,1,5
224,11,1696,505,63,166,0.695181,1,9
224,10,1598,487,70,147,0.754986,1,6
224,8,1498,488,54,165,0.818671,1,2
224,7,1379,468,82,164,0.791723,1,4
224,6,1347,461,60,152,0.746870,1,7
224,5,1231,472,61,162,0.800471,1,3
224,3,1707,386,210,145,0.699691,3,8
224,2,844,484,277,174,0.829318,3,1
224,1,1521,395,312,150,0.859039,3,0
225,12,1805,435,68,150,0.733840,1,7
225,10,1600,487,59,147,0.752574,1,5
225,8,1495,488,54,168,0.808459,1,2
225,7,1383,465,76,166,0.787359,1,4
225,6,1348,461,59,156,0.741521,1,6
225,5,1228,472,63,164,0.792401,1,3
225,3,1713,386,203,136,0.720624,3,8
225,2,844,484,277,175,0.828135,3,1
225,1,1522,395,308,147,0.861074,3,0
226,12,1804,435,66,150,0.707652,1,8
226,10,1598,485,53,149,0.740234,1,5
226,8,1493,489,57,169,0.815022,1,2
226,7,1383,467,76,167,0.784918,1,4
226,6,1348,460,58,162,0.739968,1,6
226,5,1225,472,65,165,0.811129,1,3
226,3,1713,386,202,134,0.733469,3,7
226,2,844,484,277,175,0.823243,3,1
226,1,1523,396,305,143,0.856189,3,0
227,12,1803,435,63,150,0.724338,1,6
227,10,1590,484,50,151,0.708943,1,8
227,8,1489,489,59,170,0.823084,1,2
227,7,1382,466,76,166,0.765745,1,4
227,6,1348,461,55,160,0.759956,1,5
227,5,1223,472,64,165,0.804788,1,3
227,3,1713,386,202,137,0.723142,3,7
227,2,844,484,277,175,0.825682,3,1
227,1,1524,395,301,142,0.840706,3,0
228,12,1803,436,58,149,0.724440,1,8
228,10,1578,484,56,151,0.731093,1,7
228,8,1486,490,58,170,0.820358,1,2
228,7,1375,466,79,170,0.774950,1,4
228,6,1344,463,58,156,0.761122,1,6
228,5,1222,474,62,163,0.804031,1,3
228,3,1712,386,200,134,0.762506,3,5
228,2,844,484,277,174,0.824888,3,1
228,1,1522,396,300,143,0.843026,3,0
229,12,1804,437,54,146,0.707318,1,7
229,10,1567,482,63,153,0.724392,1,6
229,8,1484,491,59,168,0.821610,1,2
229,7,1375,466,75,169,0.779872,1,4
229,6,1342,463,57,155,0.735421,1,5
229,5,1221,476,63,161,0.808208,1,3
229,3,1712,386,200,137,0.689540,3,8
229,2,844,484,277,175,0.821619,3,1
229,1,1522,394,297,144,0.835257,3,0
230,12,1802,439,52,145,0.710451,1,7
230,10,1563,483,65,152,0.722002,1,6
230,8,1481,491,60,169,0.815306,1,2
230,7,1375,462,72,172,0.782500,1,4
230,6,1338,464,58,155,0.740628,1,5
230,5,1219,475,63,163,0.800584,1,3
230,3,1709,385,209,171,0.703368,3,8
230,2,844,484,277,175,0.829417,3,0
230,1,1522,394,295,145,0.818692,3,1
231,12,1799,439,53,146,0.709715,1,8
231,10,1557,481,71,153,0.768704,1,5
231,8,1476,492,62,168,0.794394,1,2
231,7,1374,464,65,170,0.775224,1,4
231,6,1335,463,59,156,0.727307,1,7
231,5,1217,475,64,164,0.794245,1,3
231,3,1709,385,209,174,0.729078,3,6
231,2,844,484,277,175,0.834199,3,1
231,1,1520,396,298,144,0.846837,3,0
232,12,1800,438,50,144,0.649594,1,9
232,11,1662,505,70,167,0.674470,1,8
232,10,1550,480,78,154,0.767419,1,3
232,8,1474,491,62,170,0.806446,1,2
232,7,1374,463,61,170,0.762150,1,4
232,6,1335,464,58,152,0.745676,1,6
232,5,1216,477,65,162,0.758383,1,5
232,3,1710,385,209,165,0.690083,3,7
232,2,844,484,277,175,0.836064,3,1
232,1,1521,395,297,144,0.842890,3,0
233,12,1795,437,57,148,0.682779,1,7
233,11,1657,502,73,171,0.601043,1,9
233,10,1539,480,89,154,0.795637,1,3
233,8,1471,493,65,170,0.829564,1,2
233,7,1371,466,60,166,0.749583,1,6
233,6,1331,465,61,158,0.773329,1,4
233,5,1214,478,64,162,0.768130,1,5
233,3,1709,386,209,135,0.668576,3,8
233,2,844,484,277,175,0.837349,3,0
233,1,1522,396,296,141,0.833156,3,1
234,12,1796,437,51,149,0.673347,1,9
234,11,1656,503,74,169,0.698158,1,6
234,10,1535,479,94,154,0.805217,1,3
234,8,1469,493,66,170,0.827370,1,1
234,7,1373,465,50,168,0.686057,1,7
234,6,1330,465,60,156,0.726936,1,5
234,5,1212,478,65,162,0.768669,1,4
234,3,1715,386,185,131,0.683848,3,8
234,2,844,483,277,175,0.836651,3,0
234,1,1522,393,296,143,0.815427,3,2
235,12,1791,436,59,151,0.672634,1,8
235,11,1654,501,76,171,0.708612,1,5
235,10,1532,481,97,152,0.805720,1,3
235,8,1468,495,65,169,0.826441,1,1
235,7,1372,464,46,170,0.636631,1,9
235,6,1329,464,58,158,0.705560,1,6
235,5,1212,479,62,161,0.794122,1,4
235,3,1710,384,209,134,0.696894,3,7
235,2,844,483,277,175,0.834765,3,0
235,1,1522,395,295,141,0.813163,3,2
236,11,1653,499,78,173,0.741351,1,5
236,10,1531,483,97,150,0.810114,1,2
236,8,1467,496,66,168,0.822451,1,1
236,7,1372,467,44,167,0.693579,1,7
236,6,1330,468,56,154,0.693182,1,8
236,5,1209,479,64,161,0.761324,1,4
236,3,1711,385,208,132,0.733120,3,6
236,2,844,483,277,175,0.832459,3,0
236,1,1522,393,292,143,0.783183,3,3
237,11,1653,502,77,171,0.732762,1,5
237,10,1530,479,96,153,0.808051,1,2
237,8,1467,495,62,167,0.816889,1,1
237,7,1367,466,47,172,0.693690,1,8
237,6,1330,467,51,155,0.705802,1,7
237,5,1209,479,62,162,0.760869,1,4
237,3,1711,384,208,131,0.720369,3,6
237,2,844,483,277,175,0.836739,3,0
237,1,1522,393,294,144,0.775599,3,3
238,11,1651,499,77,174,0.636962,1,8
238,10,1526,479,97,153,0.815874,1,1
238,8,1466,495,61,168,0.813344,1,2
238,7,1361,467,55,172,0.703441,1,5
238,6,1330,469,45,153,0.648782,1,7
238,5,1209,480,60,162,0.746683,1,4
238,3,1713,385,206,129,0.680668,3,6
238,2,843,484,278,174,0.847067,3,0
238,1,1522,393,291,144,0.808540,3,3
239,11,1651,503,77,169,0.637297,1,8
239,10,1524,474,93,158,0.796748,1,1
239,8,1466,494,60,169,0.787890,1,2
239,7,1354,468,63,172,0.726226,1,5
239,6,1326,467,45,156,0.664766,1,7
239,5,1205,479,62,163,0.755716,1,4
239,3,1711,384,208,125,0.676042,3,6
239,2,843,484,279,174,0.845710,3,0
239,1,1522,393,291,144,0.777824,3,3
240,11,1651,508,72,165,0.641928,1,8
240,10,1523,469,86,163,0.802386,1,1
240,8,1466,494,53,168,0.749924,1,4
240,7,1349,468,71,170,0.721212,1,5
240,6,1328,470,41,153,0.650774,1,7
240,5,1204,480,59,163,0.778252,1,2
240,3,1711,385,208,119,0.685759,3,6
240,2,843,483,278,174,0.846177,3,0
240,1,1522,393,291,144,0.769831,3,3
241,11,1651,509,71,164,0.607603,1,8
241,10,1525,466,78,164,0.785600,1,1
241,8,1466,494,52,168,0.766413,1,2
241,7,1339,471,82,167,0.732820,1,5
241,5,1205,480,56,162,0.762215,1,4
241,3,1712,385,208,107,0.705848,3,6
241,2,843,484,278,174,0.853180,3,0
241,1,1522,393,290,143,0.764707,3,3
242,12,1770,444,69,143,0.676377,1,7
242,11,1650,508,66,165,0.668225,1,8
242,10,1526,472,68,159,0.783028,1,1
242,8,1461,493,51,169,0.763544,1,3
242,7,1344,469,78,169,0.755477,1,4
242,5,1202,480,57,163,0.773166,1,2
242,3,1710,386,209,107,0.680046,3,6
242,2,843,483,278,175,0.847456,3,0
242,1,1522,393,291,145,0.751981,3,5
243,12,1770,443,65,144,0.666332,1,7
243,11,1651,506,64,168,0.618384,1,9
243,10,1523,472,61,157,0.726841,1,5
243,8,1460,495,48,168,0.801897,1,1
243,7,1341,470,79,172,0.772510,1,2
243,5,1202,480,54,163,0.763294,1,3
243,3,1709,386,211,107,0.689911,3,6
243,2,843,483,278,175,0.852351,3,0
243,1,1522,394,290,145,0.745069,3,4
244,12,1770,441,62,146,0.676899,1,6
244,10,1524,470,51,161,0.653271,1,8
244,8,1457,496,49,168,0.834619,1,1
244,7,1338,472,83,171,0.786575,1,2
244,5,1200,479,55,166,0.778673,1,3
244,3,1709,385,210,112,0.663422,3,7
244,2,843,483,278,175,0.844563,3,0
244,1,1522,394,289,146,0.734858,3,4
245,12,1769,440,59,146,0.675543,1,6
245,10,1520,468,45,163,0.658713,1,8
245,8,1453,497,50,167,0.849193,1,0
245,7,1338,473,77,170,0.780306,1,3
245,5,1193,481,59,164,0.799929,1,2
245,3,1709,385,210,120,0.676499,3,5
245,2,843,483,278,175,0.846849,3,1
245,1,1522,394,286,146,0.716703,3,4
246,14,1839,414,62,152,0.657092,1,9
246,12,1769,440,57,146,0.670860,1,7
246,10,1501,467,61,166,0.705846,1,6
246,8,1451,497,54,167,0.839394,1,1
246,7,1338,474,77,170,0.794538,1,3
246,5,1189,481,62,166,0.803236,1,2
246,3,1711,384,208,127,0.660397,3,8
246,2,844,483,277,175,0.844192,3,0
246,1,1523,394,281,143,0.716671,3,5
247,14,1839,415,57,150,0.602674,1,9
247,12,1770,440,54,147,0.639372,1,8
247,10,1512,466,48,168,0.697463,1,6
247,8,1447,495,56,169,0.809635,1,1
247,7,1331,474,78,170,0.713321,1,5
247,6,1286,476,70,146,0.642194,1,7
247,5,1185,481,67,166,0.804486,1,2
247,3,1709,385,211,135,0.735678,3,3
247,2,843,483,279,174,0.845462,3,0
247,1,1523,394,273,144,0.715194,3,4
248,14,1838,416,51,149,0.600623,1,8
248,10,1504,470,55,163,0.757602,1,4
248,8,1441,497,60,168,0.803255,1,2
248,7,1333,476,72,168,0.667598,1,7
248,6,1281,474,74,148,0.676731,1,6
248,5,1185,482,66,167,0.820820,1,1
248,3,1709,384,209,142,0.777261,3,3
248,2,843,484,279,174,0.850064,3,0
248,1,1523,395,267,147,0.712759,3,5
249,10,1494,475,64,157,0.787463,1,3
249,8,1431,499,69,166,0.804916,1,2
249,7,1332,477,67,167,0.700860,1,6
249,6,1278,473,74,151,0.679500,1,7
249,5,1186,484,65,166,0.823782,1,1
249,3,1708,385,212,139,0.748456,3,4
249,2,843,484,279,174,0.845716,3,0
249,1,1522,395,265,148,0.727105,3,5
250,10,1491,476,66,156,0.787568,1,3
250,8,1424,500,74,167,0.812688,1,2
250,7,1333,477,59,168,0.698809,1,6
250,6,1277,475,74,151,0.704139,1,5
250,5,1187,486,63,165,0.814509,1,1
250,3,1712,383,207,140,0.770503,3,4
250,2,843,484,280,174,0.837834,3,0
250,1,1523,395,265,144,0.667599,3,7
251,10,1487,476,70,155,0.794262,1,3
251,8,1418,500,78,167,0.829483,1,0
251,7,1334,478,52,167,0.668441,1,8
251,6,1277,473,74,154,0.721483,1,5
251,5,1187,487,62,165,0.818612,1,2
251,3,1712,384,207,139,0.777557,3,4
251,2,843,484,280,175,0.828739,3,1
251,1,1523,395,261,140,0.692078,3,6
252,11,1608,513,81,163,0.697614,1,7
252,10,1484,478,71,154,0.809686,1,2
252,8,1413,501,81,166,0.839756,1,0
252,7,1331,476,52,171,0.666922,1,8
252,6,1277,480,70,147,0.708475,1,5
252,5,1187,488,61,165,0.809120,1,3
252,3,1711,384,208,139,0.802543,3,4
252,2,843,484,280,174,0.831272,3,1
252,1,1523,396,255,139,0.699652,3,6
253,12,1758,442,54,147,0.613465,1,9
253,11,1601,507,85,169,0.754150,1,5
253,10,1478,476,78,157,0.795101,1,4
253,8,1412,502,82,167,0.836854,1,0
253,7,1330,476,52,170,0.680760,1,8
253,6,1279,473,66,154,0.714168,1,6
253,5,1186,489,62,165,0.803388,1,2
253,3,1712,384,207,140,0.798748,3,3
253,2,843,484,281,174,0.836666,3,1
253,1,1523,395,257,138,0.697276,3,7
254,12,1753,443,54,145,0.629664,1,9
254,11,1600,504,86,173,0.764461,1,5
254,10,1481,475,74,157,0.774460,1,3
254,8,1410,504,83,165,0.831218,1,0
254,7,1328,475,51,169,0.696633,1,8
254,6,1279,472,66,155,0.714226,1,6
254,5,1184,488,63,167,0.769947,1,4
254,3,1712,384,207,140,0.798431,3,2
254,2,844,483,279,175,0.830652,3,1
254,1,1523,396,256,139,0.699343,3,7
255,12,1744,444,62,145,0.669248,1,9
255,11,1599,507,85,170,0.744581,1,5
255,10,1480,477,67,156,0.786710,1,3
255,8,1411,504,81,165,0.848752,1,0
255,7,1326,475,52,170,0.711740,1,6
255,6,1278,471,60,157,0.711501,1,7
255,5,1182,488,59,167,0.769220,1,4
255,3,1712,384,207,138,0.791263,3,2
255,2,844,484,279,175,0.831585,3,1
255,1,1523,396,256,138,0.693656,3,8
256,12,1738,444,66,146,0.674646,1,8
256,11,1597,507,85,170,0.726962,1,6
256,10,1472,478,69,155,0.778374,1,3
256,8,1409,505,83,165,0.855140,1,0
256,7,1319,478,57,167,0.743362,1,5
256,6,1278,477,57,151,0.638539,1,10
256,5,1179,491,56,165,0.767404,1,4
256,3,1711,384,208,138,0.796469,3,2
256,2,844,484,280,175,0.832558,3,1
256,1,1522,396,252,138,0.722728,3,7
257,12,1733,440,70,150,0.691605,1,8
257,11,1597,508,86,170,0.742652,1,6
257,10,1470,476,63,159,0.768111,1,4
257,8,1410,505,83,165,0.856475,1,0
257,7,1313,479,60,166,0.781771,1,3
257,6,1278,475,53,152,0.608329,1,10
257,5,1175,492,55,164,0.791415,1,2
257,3,1711,385,208,138,0.760477,3,5
257,2,844,484,279,175,0.832420,3,1
257,1,1522,398,251,139,0.726454,3,7
258,14,1806,419,60,150,0.622825,1,10
258,12,1733,439,70,151,0.731589,1,7
258,11,1599,506,88,169,0.779272,1,4
258,10,1471,476,56,158,0.761098,1,5
258,8,1411,504,80,166,0.841954,1,0
258,7,1307,478,65,167,0.780168,1,3
258,6,1278,477,50,152,0.679739,1,9
258,5,1174,491,55,165,0.780592,1,2
258,3,1712,384,208,139,0.757901,3,6
258,2,844,484,279,175,0.832544,3,1
258,1,1523,396,252,141,0.696057,3,8
259,14,1798,420,68,148,0.662835,1,9
259,12,1733,437,68,154,0.721322,1,7
259,11,1597,507,84,169,0.801612,1,2
259,10,1467,476,54,160,0.728927,1,6
259,8,1410,503,77,166,0.824808,1,1
259,7,1300,479,71,168,0.785768,1,4
259,6,1276,476,52,153,0.704592,1,8
259,5,1172,491,55,166,0.798230,1,3
259,3,1712,384,208,139,0.750350,3,5
259,2,844,484,280,175,0.839785,3,0
259,1,1523,396,258,143,0.646960,3,10
260,14,1794,423,71,146,0.669664,1,9
260,12,1730,438,70,154,0.690470,1,8
260,11,1596,509,81,168,0.778193,1,4
260,10,1466,476,51,160,0.692994,1,7
260,8,1409,502,74,170,0.801726,1,1
260,7,1295,480,73,168,0.799433,1,2
260,6,1273,477,52,152,0.710990,1,6
260,5,1168,492,57,169,0.794553,1,3
260,3,1712,385,208,139,0.751239,3,5
260,2,844,484,279,175,0.828030,3,0
261,14,1793,423,73,146,0.667710,1,9
261,12,1730,443,69,148,0.724188,1,7
261,11,1596,509,77,168,0.787243,1,4
261,10,1466,475,50,163,0.683035,1,8
261,8,1410,504,69,167,0.800835,1,3
261,7,1288,480,79,167,0.801089,1,2
261,6,1269,477,56,155,0.732621,1,6
261,5,1166,493,58,168,0.811477,1,1
261,3,1713,384,206,139,0.749615,3,5
261,2,844,484,279,175,0.828147,3,0
262,14,1791,422,75,147,0.662900,1,10
262,12,1730,442,67,148,0.710662,1,8
262,11,1596,508,71,169,0.760827,1,5
262,10,1462,474,50,163,0.720172,1,7
262,8,1409,500,66,171,0.792357,1,2
262,7,1287,478,78,169,0.826732,1,1
262,6,1268,476,54,163,0.739712,1,6
262,5,1163,494,59,167,0.772406,1,4
262,3,1714,385,205,138,0.772932,3,3
262,2,844,484,279,175,0.829056,3,0
263,14,1792,417,74,152,0.625458,1,10
263,12,1729,444,66,146,0.693761,1,8
263,11,1596,504,66,171,0.765901,1,5
263,10,1457,474,52,162,0.751909,1,6
263,8,1409,503,62,169,0.812412,1,2
263,7,1280,479,85,169,0.827068,1,0
263,6,1266,478,55,159,0.737515,1,7
263,5,1158,494,60,171,0.794184,1,3
263,3,1714,385,206,138,0.792062,3,4
263,2,844,484,279,175,0.826561,3,1
264,14,1791,421,75,150,0.626123,1,11
264,13,1650,453,49,153,0.705737,1,8
264,12,1729,445,66,146,0.686601,1,9
264,11,1597,501,59,172,0.755654,1,6
264,10,1454,477,52,161,0.740510,1,7
264,8,1404,504,62,168,0.780493,1,3
264,7,1281,480,82,170,0.817271,1,1
264,6,1262,478,59,159,0.761725,1,5
264,5,1152,495,64,168,0.787513,1,2
264,3,1712,385,207,139,0.766903,3,4
264,2,845,484,279,174,0.830679,3,0
265,14,1789,418,75,152,0.624202,1,10
265,13,1648,454,52,152,0.717304,1,7
265,12,1728,443,64,148,0.703983,1,9
265,11,1595,495,57,179,0.707801,1,8
265,10,1445,477,59,160,0.763958,1,5
265,8,1401,501,57,171,0.812291,1,2
265,7,1284,482,78,168,0.830555,1,0
265,6,1257,477,62,160,0.775264,1,4
265,5,1151,496,64,167,0.776922,1,3
265,3,1711,386,208,136,0.756388,3,6
265,2,845,484,279,175,0.823625,3,1
265,1,1522,398,287,147,0.621568,3,11
266,14,1786,422,75,149,0.621812,1,10
266,13,1644,454,55,153,0.713391,1,7
266,12,1728,443,60,149,0.704411,1,8
266,11,1591,493,61,181,0.658004,1,9
266,10,1441,478,61,158,0.789996,1,4
266,8,1397,501,58,171,0.830297,1,1
266,7,1284,482,78,167,0.839320,1,0
266,6,1252,478,63,155,0.781964,1,5
266,5,1149,497,66,169,0.796915,1,3
266,3,1712,386,207,139,0.756204,3,6
266,2,845,484,279,175,0.821030,3,2
267,14,1784,425,77,146,0.612000,1,9
267,13,1643,452,55,153,0.724729,1,7
267,12,1728,442,56,149,0.697178,1,8
267,10,1438,478,64,158,0.791597,1,3
267,8,1393,503,63,172,0.830468,1,1
267,7,1282,482,78,168,0.831269,1,0
267,6,1249,475,63,162,0.784684,1,4
267,5,1145,497,67,169,0.771184,1,5
267,3,1713,386,206,138,0.725755,3,6
267,2,845,484,278,175,0.821163,3,2
268,14,1785,423,72,146,0.608327,1,9
268,13,1642,452,55,155,0.743977,1,6
268,12,1728,443,54,149,0.674692,1,8
268,10,1433,478,69,159,0.813866,1,3
268,8,1388,502,66,173,0.820493,1,2
268,7,1282,482,76,168,0.832909,1,0
268,6,1249,478,63,157,0.773121,1,4
268,5,1143,498,67,169,0.769788,1,5
268,3,1714,386,205,138,0.722272,3,7
268,2,845,484,278,175,0.825438,3,1
269,13,1642,451,55,155,0.734440,1,6
269,12,1726,445,54,149,0.668231,1,8
269,10,1432,479,69,159,0.798212,1,3
269,8,1385,502,67,174,0.815216,1,2
269,7,1282,482,76,168,0.831597,1,0
269,6,1248,478,58,159,0.769155,1,5
269,5,1141,498,67,170,0.779831,1,4
269,3,1715,385,204,140,0.698576,3,7
269,2,845,484,278,174,0.824045,3,1
270,13,1641,450,56,157,0.739234,1,6
270,12,1726,445,51,146,0.679912,1,8
270,10,1431,482,70,156,0.784568,1,3
270,8,1383,504,69,173,0.800644,1,2
270,7,1282,483,73,168,0.813733,1,1
270,6,1246,478,60,160,0.776852,1,4
270,5,1139,498,65,169,0.766829,1,5
270,3,1713,385,206,139,0.668022,3,9
270,2,845,484,279,174,0.826379,3,0
271,13,1640,450,55,157,0.706470,1,7
271,12,1723,447,52,146,0.635915,1,10
271,10,1430,482,69,156,0.817211,1,1
271,8,1379,506,69,170,0.794017,1,2
271,7,1282,483,71,168,0.791745,1,3
271,6,1245,479,58,159,0.747819,1,5
271,5,1138,499,64,168,0.766463,1,4
271,3,1713,384,206,139,0.670126,3,8
271,2,845,484,278,174,0.822182,3,0
271,1,1523,395,255,146,0.736617,3,6
272,13,1639,450,56,158,0.709472,1,9
272,12,1722,448,53,146,0.627596,1,10
272,10,1427,480,71,159,0.833100,1,0
272,8,1376,507,67,170,0.804395,1,3
272,7,1282,484,66,165,0.804558,1,2
272,6,1243,480,57,158,0.757547,1,5
272,5,1135,499,62,168,0.764465,1,4
272,3,1712,384,207,140,0.720289,3,8
272,2,845,484,279,174,0.820115,3,1
272,1,1524,395,257,147,0.751022,3,6
273,13,1637,453,56,156,0.715730,1,8
273,12,1722,450,53,144,0.614106,1,11
273,11,1552,506,77,167,0.737825,1,7
273,10,1425,483,71,154,0.797441,1,3
273,8,1376,507,67,170,0.804229,1,2
273,7,1282,485,63,164,0.813936,1,1
273,6,1241,481,58,157,0.745572,1,6
273,5,1133,499,62,168,0.769842,1,4
273,3,1714,384,205,139,0.753318,3,5
273,2,845,484,279,174,0.829107,3,0
273,1,1523,395,260,144,0.644633,3,9
274,14,1775,419,54,150,0.639113,1,10
274,13,1634,453,59,157,0.725688,1,8
274,12,1720,450,49,145,0.650243,1,9
274,11,1549,512,81,162,0.765555,1,4
274,10,1423,483,68,156,0.750044,1,6
274,8,1372,506,68,170,0.807963,1,2
274,7,1281,485,60,166,0.813121,1,1
274,6,1240,478,55,159,0.758777,1,5
274,5,1133,500,60,167,0.773263,1,3
274,3,1714,384,205,136,0.748434,3,7
274,2,845,484,280,174,0.819856,3,0
274,1,1523,397,324,143,0.638722,3,11
275,14,1775,416,46,155,0.632859,1,10
275,13,1632,452,58,156,0.741081,1,6
275,12,1713,448,52,146,0.675318,1,9
275,11,1550,509,79,166,0.785131,1,2
275,10,1419,483,68,156,0.755472,1,5
275,8,1369,508,73,171,0.814650,1,1
275,7,1280,484,59,166,0.770660,1,4
275,6,1238,477,56,161,0.740440,1,7
275,5,1130,499,58,168,0.776844,1,3
275,3,1713,384,205,136,0.738683,3,8
275,2,845,485,280,174,0.825186,3,0
276,14,1773,415,45,157,0.620289,1,11
276,13,1631,452,56,155,0.743094,1,7
276,12,1707,448,60,147,0.663336,1,10
276,11,1547,511,82,165,0.803267,1,2
276,10,1416,481,65,157,0.782151,1,3
276,8,1367,509,75,170,0.821633,1,0
276,7,1276,483,63,168,0.743792,1,6
276,6,1237,479,52,160,0.689583,1,9
276,5,1129,500,64,166,0.772414,1,4
276,3,1712,385,206,131,0.692634,3,8
276,2,846,484,280,174,0.812414,3,1
277,14,1770,412,46,160,0.628598,1,11
277,13,1630,453,56,154,0.738593,1,7
277,12,1706,447,55,147,0.671875,1,9
277,11,1547,512,79,164,0.784160,1,3
277,10,1412,479,62,158,0.760362,1,4
277,8,1367,511,73,169,0.802725,1,1
277,7,1277,482,62,173,0.739421,1,6
277,6,1236,479,54,158,0.676774,1,8
277,5,1127,499,56,167,0.756477,1,5
277,3,1714,385,204,130,0.648079,3,10
277,2,845,484,279,175,0.815514,3,0
278,14,1768,411,45,159,0.655748,1,10
278,13,1627,453,60,155,0.769783,1,4
278,12,1703,448,56,147,0.721608,1,8
278,11,1547,507,78,169,0.817257,1,0
278,10,1411,479,55,158,0.755248,1,6
278,8,1367,511,72,169,0.799161,1,2
278,7,1280,484,56,173,0.727325,1,7
278,6,1234,479,52,159,0.690157,1,9
278,5,1125,501,58,165,0.762116,1,5
278,3,1713,385,206,129,0.647430,3,11
278,2,845,484,279,174,0.811565,3,1
278,1,1524,396,320,136,0.797460,3,3
279,16,1858,435,62,153,0.673099,1,10
279,14,1766,411,47,159,0.651957,1,11
279,13,1625,456,59,152,0.755318,1,4
279,12,1700,449,57,147,0.752417,1,5
279,11,1547,510,75,166,0.808057,1,1
279,10,1408,478,51,161,0.716258,1,7
279,8,1367,513,71,166,0.789448,1,2
279,7,1278,484,57,174,0.710522,1,8
279,6,1231,480,52,159,0.698762,1,9
279,5,1119,501,64,166,0.749569,1,6
279,3,1713,385,206,129,0.634034,3,12
279,2,845,484,279,174,0.809224,3,0
279,1,1524,396,321,135,0.784498,3,3
280,16,1855,435,65,153,0.684416,1,9
280,14,1764,413,48,156,0.617954,1,12
280,13,1623,455,58,155,0.764719,1,4
280,12,1698,450,59,146,0.732662,1,7
280,11,1546,514,74,162,0.790466,1,1
280,10,1404,477,49,161,0.762415,1,5
280,8,1367,512,70,166,0.776402,1,2
280,7,1275,483,58,177,0.732246,1,8
280,6,1231,481,49,157,0.675534,1,10
280,5,1108,503,77,165,0.745145,1,6
280,3,1713,385,206,130,0.628307,3,11
280,2,845,484,280,174,0.802358,3,0
280,1,1524,396,321,136,0.769716,3,3
281,16,1854,436,66,153,0.696923,1,9
281,14,1763,413,47,156,0.657123,1,11
281,13,1620,455,61,154,0.762283,1,4
281,12,1698,452,60,146,0.741717,1,7
281,11,1544,514,71,164,0.787006,1,1
281,10,1402,477,49,163,0.750947,1,5
281,8,1367,512,66,167,0.774201,1,3
281,7,1269,485,61,173,0.728992,1,8
281,6,1226,481,55,157,0.691103,1,10
281,5,1103,503,79,167,0.777159,1,2
281,3,1713,385,206,130,0.638409,3,12
281,2,845,484,278,175,0.800770,3,0
281,1,1524,396,315,139,0.744117,3,6
282,16,1854,436,66,152,0.699034,1,9
282,14,1762,416,47,152,0.678252,1,10
282,13,1617,453,65,161,0.739596,1,4
282,12,1696,453,60,145,0.726301,1,6
282,11,1544,512,67,165,0.759601,1,3
282,10,1397,477,50,163,0.668766,1,11
282,8,1367,510,58,170,0.772215,1,2
282,7,1264,486,64,174,0.725664,1,7
282,6,1216,483,62,155,0.722952,1,8
282,5,1102,504,79,165,0.787405,1,1
282,3,1713,385,206,131,0.638080,3,12
282,2,846,484,277,175,0.799211,3,0
282,1,1523,396,314,139,0.735950,3,5
283,16,1854,434,63,154,0.651828,1,11
283,14,1758,417,50,152,0.683773,1,10
283,13,1616,452,65,163,0.740316,1,5
283,12,1695,454,58,144,0.692098,1,8
283,11,1543,512,62,165,0.720737,1,6
283,10,1397,479,48,159,0.692056,1,9
283,8,1366,508,54,172,0.741899,1,4
283,7,1260,487,65,172,0.706430,1,7
283,6,1209,486,70,153,0.767980,1,2
283,5,1102,505,77,166,0.791028,1,1
283,3,1712,385,206,131,0.623693,3,12
283,2,845,484,277,175,0.802760,3,0
283,1,1524,395,312,137,0.749053,3,3
284,16,1852,435,61,153,0.678499,1,10
284,14,1755,417,53,155,0.708440,1,7
284,13,1616,454,63,162,0.753515,1,4
284,12,1694,457,55,140,0.685003,1,9
284,11,1540,510,59,167,0.671916,1,11
284,10,1392,480,48,161,0.688848,1,8
284,8,1364,510,49,170,0.728100,1,5
284,7,1253,487,69,173,0.781268,1,2
284,6,1203,484,74,155,0.766267,1,3
284,5,1102,506,74,167,0.783804,1,1
284,3,1711,385,208,133,0.647956,3,12
284,2,846,484,274,174,0.795986,3,0
284,1,1524,395,312,149,0.720212,3,6
285,16,1856,436,54,152,0.617499,1,12
285,14,1754,417,53,156,0.707600,1,6
285,13,1612,454,67,163,0.771381,1,4
285,12,1693,456,54,141,0.695713,1,8
285,11,1536,508,61,167,0.623934,1,11
285,10,1391,480,48,162,0.707496,1,7
285,8,1361,509,47,171,0.793235,1,2
285,7,1251,487,66,175,0.768113,1,5
285,6,1198,486,77,154,0.783417,1,3
285,5,1099,506,76,167,0.808525,1,0
285,3,1712,385,207,130,0.661169,3,10
285,2,846,484,271,175,0.798965,3,1
285,1,1522,397,315,148,0.688669,3,9
286,14,1752,418,54,157,0.707399,1,7
286,13,1611,454,65,162,0.753918,1,5
286,12,1693,456,49,141,0.677921,1,10
286,10,1389,482,50,158,0.681772,1,9
286,8,1358,509,48,171,0.809444,1,0
286,7,1248,489,68,173,0.786907,1,4
286,6,1198,484,76,157,0.788727,1,3
286,5,1101,505,72,169,0.802893,1,1
286,3,1710,385,209,131,0.681957,3,8
286,2,846,484,269,175,0.801675,3,2
286,1,1523,398,316,149,0.730688,3,6
287,14,1752,418,55,157,0.695701,1,8
287,13,1610,455,63,162,0.755691,1,6
287,12,1692,455,47,141,0.673861,1,10
287,10,1384,483,54,154,0.679212,1,9
287,8,1355,509,47,171,0.788203,1,3
287,7,1249,491,65,173,0.769545,1,4
287,6,1198,485,77,156,0.799817,1,2
287,5,1099,505,72,170,0.803702,1,0
287,3,1711,385,208,130,0.699768,3,7
287,2,846,484,267,175,0.802037,3,1
287,1,1523,398,316,147,0.765079,3,5
288,14,1743,418,62,156,0.619259,1,10
288,13,1608,455,64,162,0.757270,1,5
288,12,1691,453,48,143,0.630340,1,9
288,10,1382,484,55,155,0.708847,1,7
288,8,1351,509,50,171,0.799759,1,1
288,7,1249,491,63,173,0.767337,1,4
288,6,1198,485,74,158,0.776899,1,3
288,5,1100,506,69,168,0.787489,1,2
288,3,1711,388,209,140,0.684577,3,8
288,2,846,484,265,174,0.800670,3,0
288,1,1523,398,315,144,0.741809,3,6
289,14,1741,416,66,158,0.667710,1,10
289,13,1610,455,59,162,0.765402,1,3
289,12,1689,452,45,144,0.672211,1,9
289,10,1377,485,60,154,0.686531,1,8
289,8,1346,510,52,170,0.783322,1,1
289,7,1248,490,62,173,0.767243,1,2
289,6,1196,486,76,158,0.751440,1,4
289,5,1099,506,63,167,0.746810,1,5
289,3,1712,387,208,142,0.708982,3,7
289,2,847,484,264,175,0.807004,3,0
289,1,1523,398,314,143,0.725818,3,6
290,14,1740,423,63,152,0.700776,1,7
290,13,1611,456,56,162,0.755292,1,4
290,12,1687,448,48,148,0.618074,1,11
290,10,1370,483,64,156,0.665846,1,9
290,8,1337,511,60,169,0.767318,1,3
290,7,1247,491,60,173,0.770498,1,2
290,6,1194,486,75,159,0.780750,1,1
290,5,1096,506,57,169,0.747566,1,5
290,3,1711,386,209,138,0.738435,3,6
290,2,847,484,264,175,0.796120,3,0
290,1,1523,398,305,144,0.626489,3,10
291,14,1738,422,60,152,0.664036,1,10
291,13,1611,456,54,163,0.739378,1,4
291,12,1683,452,49,144,0.652665,1,11
291,11,1512,515,66,162,0.743252,1,3
291,10,1370,484,62,156,0.695288,1,8
291,8,1328,512,67,169,0.807936,1,0
291,7,1247,493,56,173,0.737722,1,5
291,6,1194,485,74,159,0.785715,1,2
291,5,1095,505,52,168,0.696212,1,7
291,3,1709,385,210,136,0.707864,3,6
291,2,847,484,262,175,0.794062,3,1
291,1,1524,397,306,143,0.695002,3,9
292,14,1736,420,57,154,0.694992,1,9
292,13,1613,457,52,163,0.753064,1,4
292,12,1678,455,51,142,0.656312,1,10
292,11,1501,515,76,163,0.774761,1,2
292,10,1369,487,59,155,0.606306,1,11
292,8,1321,513,73,169,0.797460,1,0
292,7,1246,494,54,172,0.743185,1,5
292,6,1195,486,70,159,0.763250,1,3
292,5,1094,506,46,169,0.711460,1,7
292,3,1709,385,210,140,0.696637,3,8
292,2,846,484,261,175,0.791738,3,1
292,1,1524,397,308,142,0.717312,3,6
293,14,1734,419,55,157,0.722256,1,8
293,13,1613,458,50,162,0.724859,1,7
293,12,1672,454,56,142,0.693969,1,10
293,11,1497,514,80,163,0.788563,1,2
293,8,1313,513,82,169,0.811621,1,0
293,7,1246,495,50,169,0.734095,1,6
293,6,1195,484,69,160,0.773091,1,4
293,5,1091,508,47,168,0.786258,1,3
293,3,1710,386,209,140,0.710075,3,9
293,2,847,484,259,175,0.794560,3,1
293,1,1524,397,326,139,0.772352,3,5
294,14,1731,419,56,155,0.682455,1,10
294,13,1613,458,48,162,0.720186,1,7
294,12,1663,454,63,144,0.717405,1,8
294,11,1495,515,81,162,0.806506,1,1
294,8,1311,516,81,165,0.841370,1,0
294,7,1244,495,51,172,0.728281,1,6
294,6,1195,485,62,160,0.770387,1,4
294,5,1088,508,49,170,0.768895,1,5
294,3,1711,386,208,138,0.705471,3,9
294,2,847,484,257,175,0.799223,3,2
294,1,1523,397,329,140,0.788875,3,3
295,16,1810,448,77,142,0.680486,1,10
295,14,1729,418,55,156,0.649784,1,11
295,13,1613,458,45,163,0.695860,1,9
295,12,1658,458,66,139,0.744243,1,5
295,11,1493,516,83,161,0.810174,1,2
295,8,1310,516,83,165,0.842909,1,0
295,7,1242,497,52,170,0.734815,1,7
295,6,1194,485,56,160,0.741691,1,6
295,5,1086,510,49,169,0.758144,1,4
295,3,1710,385,209,139,0.720272,3,8
295,2,847,484,255,175,0.814672,3,1
295,1,1523,397,328,143,0.804824,3,3
296,16,1807,451,79,139,0.705118,1,9
296,14,1724,418,59,157,0.660546,1,11
296,13,1611,459,45,162,0.692677,1,10
296,12,1653,455,71,142,0.766743,1,4
296,11,1491,514,86,163,0.806122,1,2
296,8,1308,515,85,168,0.872063,1,0
296,7,1240,500,52,168,0.728854,1,7
296,6,1194,488,55,156,0.740397,1,6
296,5,1080,511,51,170,0.766083,1,5
296,3,1709,385,210,138,0.719081,3,8
296,2,847,484,251,175,0.807864,3,1
296,1,1526,397,322,143,0.779751,3,3
297,16,1807,443,80,147,0.705223,1,9
297,14,1722,418,58,157,0.639156,1,11
297,13,1608,462,46,160,0.698028,1,10
297,12,1650,455,73,143,0.765747,1,6
297,11,1490,513,85,164,0.800696,1,1
297,8,1307,515,85,168,0.857286,1,0
297,7,1237,498,55,169,0.760087,1,7
297,6,1189,488,56,159,0.770107,1,5
297,5,1071,510,58,174,0.794262,1,4
297,3,1709,385,210,137,0.711940,3,8
297,2,846,484,253,175,0.799742,3,2
297,1,1527,397,322,143,0.794900,3,3
298,16,1807,438,80,153,0.737307,1,8
298,14,1720,417,58,156,0.643502,1,11
298,13,1608,463,45,158,0.667283,1,10
298,12,1649,454,73,143,0.770554,1,6
298,11,1490,510,85,168,0.816305,1,1
298,8,1307,515,84,168,0.850665,1,0
298,7,1235,500,54,167,0.768176,1,7
298,6,1188,488,55,160,0.772358,1,5
298,5,1065,511,62,172,0.801960,1,3
298,3,1709,386,211,138,0.723862,3,9
298,2,846,484,248,175,0.792711,3,4
298,1,1529,397,321,144,0.808055,3,2
299,16,1805,445,80,146,0.726413,1,8
299,14,1718,417,60,155,0.658668,1,11
299,13,1605,462,47,158,0.682413,1,10
299,12,1648,454,75,144,0.769132,1,7
299,11,1490,508,82,170,0.810600,1,1
299,8,1307,512,83,172,0.822812,1,0
299,7,1231,502,57,164,0.773480,1,6
299,6,1183,487,58,161,0.775718,1,5
299,5,1063,514,62,170,0.792824,1,3
299,3,1708,385,212,139,0.697319,3,9
299,2,846,484,245,175,0.785559,3,4
299,1,1529,397,317,142,0.810087,3,2
300,16,1803,445,82,146,0.727529,1,8
300,14,1713,418,64,155,0.703365,1,10
300,13,1603,462,48,159,0.640429,1,11
300,12,1648,452,76,146,0.741497,1,7
300,11,1489,512,80,166,0.785006,1,5
300,8,1306,512,82,172,0.810382,1,0
300,7,1225,497,60,169,0.785942,1,4
300,6,1179,486,59,163,0.791649,1,2
300,5,1057,515,69,169,0.790813,1,3
300,3,1710,386,209,138,0.718110,3,9
300,2,846,484,245,175,0.762544,3,6
300,1,1526,396,320,146,0.794953,3,1
301,16,1803,443,82,147,0.742952,1,8
301,14,1710,417,69,157,0.724821,1,10
301,13,1598,461,51,159,0.674920,1,11
301,12,1648,449,70,149,0.732283,1,9
301,11,1487,514,79,164,0.789168,1,4
301,8,1307,512,79,170,0.818429,1,0
301,7,1219,501,65,167,0.784916,1,5
301,6,1175,487,64,165,0.805082,1,1
301,5,1055,516,70,169,0.793269,1,3
301,3,1720,386,199,137,0.743574,3,7
301,2,846,484,243,175,0.766433,3,6
301,1,1526,396,323,144,0.802446,3,2
302,16,1803,441,81,148,0.731915,1,9
302,14,1709,417,71,156,0.727409,1,10
302,13,1597,461,50,159,0.633584,1,11
302,12,1648,450,68,148,0.737629,1,8
302,11,1486,513,74,165,0.794274,1,1
302,8,1307,514,74,169,0.788403,1,2
302,7,1211,500,72,168,0.781556,1,3
302,6,1172,491,65,163,0.804354,1,0
302,5,1054,515,71,170,0.773789,1,4
302,3,1719,385,199,137,0.745779,3,7
302,2,846,483,242,176,0.759641,3,6
302,1,1524,395,318,143,0.770225,3,5
303,16,1804,440,78,149,0.738324,1,6
303,14,1706,417,73,157,0.736893,1,8
303,13,1594,463,51,158,0.677398,1,11
303,12,1647,449,68,148,0.761778,1,5
303,11,1486,512,69,166,0.768256,1,3
303,8,1306,511,70,173,0.782473,1,2
303,7,1208,499,73,169,0.783968,1,1
303,6,1169,491,64,161,0.803428,1,0
303,5,1054,517,69,169,0.764717,1,4
303,3,1715,385,204,139,0.731085,3,9
303,2,846,483,242,176,0.692011,3,10
303,1,1526,395,314,142,0.737570,3,7
304,16,1803,436,75,154,0.758949,1,5
304,14,1705,417,74,157,0.724639,1,8
304,13,1588,463,56,157,0.697116,1,11
304,12,1647,450,63,148,0.765591,1,4
304,11,1485,511,69,167,0.734512,1,7
304,8,1305,510,68,175,0.782559,1,2
304,7,1205,503,75,166,0.798918,1,0
304,6,1165,492,65,162,0.794407,1,1
304,5,1049,517,61,170,0.714702,1,10
304,3,1715,385,204,139,0.749427,3,6
304,2,846,483,271,177,0.781419,3,3
304,1,1531,396,305,144,0.721864,3,9
305,16,1802,436,72,154,0.780047,1,2
305,14,1703,419,77,155,0.710810,1,8
305,13,1582,463,61,158,0.703946,1,10
305,12,1647,450,59,148,0.731127,1,7
305,11,1480,511,71,167,0.629801,1,11
305,8,1302,510,65,174,0.756212,1,4
305,7,1206,504,74,165,0.779133,1,3
305,6,1163,494,65,160,0.791745,1,0
305,5,1050,517,55,170,0.704580,1,9
305,3,1713,385,206,138,0.750385,3,6
305,2,846,483,271,177,0.788457,3,1
305,1,1529,395,301,144,0.752304,3,5
306,16,1802,435,67,152,0.792901,1,3
306,14,1699,419,77,154,0.667118,1,10
306,13,1576,462,67,160,0.752613,1,5
306,12,1647,450,52,148,0.689102,1,9
306,8,1300,512,61,173,0.738816,1,6
306,7,1202,497,77,174,0.801783,1,2
306,6,1161,493,65,160,0.803267,1,1
306,5,1044,519,57,168,0.722712,1,7
306,3,1713,385,206,138,0.776027,3,4
306,2,846,483,272,177,0.813993,3,0
306,1,1526,395,298,145,0.722466,3,8
307,16,1803,435,60,152,0.739170,1,7
307,14,1698,418,78,156,0.650634,1,10
307,13,1572,462,69,160,0.765033,1,5
307,12,1645,450,49,149,0.710255,1,8
307,8,1299,514,57,171,0.741310,1,6
307,7,1203,497,76,174,0.811479,1,1
307,6,1159,492,65,164,0.805114,1,2
307,5,1041,517,56,171,0.677076,1,9
307,3,1713,386,206,140,0.791788,3,3
307,2,846,483,273,177,0.824268,3,0
307,1,1526,396,299,144,0.766948,3,4
308,16,1803,435,56,152,0.726572,1,7
308,14,1697,418,78,155,0.632013,1,10
308,13,1569,462,71,160,0.764760,1,5
308,12,1643,449,46,148,0.666350,1,9
308,8,1294,518,55,168,0.715383,1,8
308,7,1201,499,78,173,0.825394,1,0
308,6,1157,493,65,163,0.804235,1,3
308,5,1039,518,57,168,0.727866,1,6
308,3,1715,386,204,140,0.793542,3,4
308,2,846,483,279,177,0.816839,3,1
308,1,1526,396,293,142,0.805575,3,2
309,16,1801,437,52,150,0.734651,1,7
309,14,1696,418,77,154,0.625549,1,11
309,13,1569,463,72,159,0.775020,1,5
309,12,1640,449,45,150,0.672946,1,9
309,11,1476,503,53,178,0.652349,1,10
309,8,1289,519,56,168,0.684197,1,8
309,7,1200,499,77,172,0.803750,1,3
309,6,1156,493,64,161,0.806218,1,2
309,5,1037,519,54,166,0.761852,1,6
309,3,1711,384,207,138,0.790323,3,4
309,2,845,483,281,176,0.817567,3,1
309,1,1525,396,291,141,0.838015,3,0
310,16,1801,438,49,147,0.707545,1,8
310,14,1696,417,71,154,0.607295,1,11
310,13,1571,464,69,159,0.774377,1,5
310,12,1636,448,48,151,0.615383,1,10
310,11,1470,509,57,172,0.695097,1,9
310,8,1286,515,58,173,0.734715,1,7
310,7,1200,498,74,174,0.788726,1,3
310,6,1154,493,63,162,0.807264,1,2
310,5,1035,521,55,164,0.760072,1,6
310,3,1712,384,207,138,0.784893,3,4
310,2,845,483,281,177,0.821410,3,1
310,1,1525,397,292,137,0.844032,3,0
311,16,1800,440,45,148,0.676913,1,9
311,13,1571,463,68,160,0.762624,1,5
311,12,1628,450,54,148,0.659302,1,10
311,11,1462,509,63,171,0.730301,1,6
311,8,1284,515,57,174,0.693106,1,8
311,7,1199,498,73,173,0.774316,1,4
311,6,1154,494,62,161,0.793185,1,2
311,5,1034,520,55,164,0.728393,1,7
311,3,1711,384,208,138,0.786561,3,3
311,2,844,484,282,176,0.813789,3,1
311,1,1524,397,293,135,0.828336,3,0
312,16,1799,439,46,151,0.641736,1,10
312,13,1570,463,68,159,0.771358,1,4
312,12,1625,450,55,146,0.662910,1,9
312,11,1456,511,68,168,0.751404,1,7
312,8,1280,517,61,173,0.735377,1,8
312,7,1201,500,68,169,0.758340,1,6
312,6,1153,494,59,161,0.786644,1,2
312,5,1030,519,60,165,0.762471,1,5
312,3,1712,384,207,138,0.781487,3,3
312,2,845,483,281,176,0.800048,3,0
312,1,1524,396,291,131,0.799663,3,1
313,16,1792,440,52,150,0.616875,1,10
313,13,1569,463,66,160,0.784727,1,4
313,12,1625,450,52,146,0.643853,1,9
313,11,1451,509,74,171,0.747758,1,8
313,8,1275,520,64,170,0.772882,1,5
313,7,1201,502,66,167,0.756330,1,6
313,6,1152,491,55,165,0.790005,1,1
313,5,1016,518,73,167,0.792567,1,0
313,3,1711,385,207,137,0.788312,3,3
313,2,846,483,281,176,0.789081,3,2
313,1,1524,395,294,128,0.753397,3,7
314,16,1782,445,56,145,0.625745,1,10
314,13,1569,463,65,160,0.787909,1,3
314,12,1623,451,53,146,0.646985,1,9
314,11,1448,509,73,172,0.771220,1,5
314,8,1272,517,65,172,0.784465,1,4
314,7,1198,501,64,168,0.757222,1,7
314,6,1150,492,54,166,0.768460,1,6
314,5,1006,517,82,169,0.816448,1,0
314,3,1713,384,206,137,0.794289,3,2
314,2,844,483,285,176,0.796708,3,1
314,1,1525,393,293,114,0.735490,3,8
315,16,1776,445,60,144,0.642999,1,10
315,13,1569,464,63,159,0.768425,1,5
315,12,1621,452,54,144,0.645746,1,9
315,11,1446,510,75,172,0.794933,1,3
315,8,1269,516,68,174,0.793886,1,4
315,7,1196,496,62,174,0.738564,1,7
315,6,1149,492,52,165,0.754031,1,6
315,5,1000,517,88,169,0.802579,1,1
315,3,1713,384,206,137,0.795692,3,2
315,2,844,483,287,176,0.804511,3,0
315,1,1524,393,293,114,0.718631,3,8
316,16,1768,445,68,144,0.634644,1,10
316,13,1569,463,62,159,0.776051,1,5
316,12,1620,453,52,144,0.659036,1,9
316,11,1447,510,74,173,0.801476,1,1
316,8,1265,521,71,169,0.799145,1,3
316,7,1194,499,63,171,0.753502,1,7
316,6,1146,492,52,164,0.765783,1,6
316,5,998,516,89,170,0.800103,1,2
316,3,1714,384,205,137,0.797756,3,4
316,2,844,483,286,177,0.820334,3,0
316,1,1524,393,293,112,0.715533,3,8
317,16,1765,445,67,145,0.653125,1,10
317,13,1568,466,60,157,0.763255,1,5
317,12,1617,452,55,145,0.668789,1,9
317,11,1445,510,73,173,0.792411,1,4
317,8,1263,517,73,174,0.802555,1,2
317,7,1192,497,63,172,0.736897,1,6
317,6,1143,495,52,160,0.735160,1,7
317,5,998,516,90,171,0.809516,1,1
317,3,1714,384,205,137,0.799318,3,3
317,2,844,483,283,176,0.836493,3,0
317,1,1524,393,290,112,0.711707,3,8
318,16,1764,444,67,145,0.696328,1,9
318,13,1568,464,58,159,0.746705,1,5
318,12,1616,452,53,145,0.707532,1,8
318,11,1446,511,72,172,0.793973,1,4
318,8,1259,526,76,168,0.802307,1,3
318,7,1190,498,62,171,0.721304,1,7
318,6,1140,495,53,161,0.730365,1,6
318,5,998,515,88,173,0.808919,1,2
318,3,1714,384,205,138,0.810131,3,1
318,2,844,483,281,175,0.843631,3,0
318,1,1524,393,291,112,0.676908,3,10
319,16,1762,440,70,148,0.695184,1,8
319,13,1567,464,54,160,0.737297,1,5
319,12,1615,453,55,145,0.679308,1,9
319,11,1446,515,72,168,0.802237,1,3
319,8,1260,528,76,165,0.811718,1,1
319,7,1183,499,65,173,0.707451,1,7
319,6,1134,495,58,162,0.719388,1,6
319,5,997,519,88,168,0.802662,1,2
319,3,1717,385,202,137,0.795340,3,4
319,2,844,483,280,176,0.840256,3,0
319,1,1523,393,295,114,0.623104,3,10
320,16,1757,440,74,149,0.702148,1,8
320,13,1566,469,51,155,0.702906,1,7
320,12,1613,454,55,144,0.670019,1,9
320,11,1444,515,72,168,0.789001,1,3
320,8,1258,527,75,166,0.796878,1,2
320,7,1183,498,64,175,0.709279,1,6
320,6,1127,497,63,160,0.733102,1,5
320,5,995,522,86,167,0.774653,1,4
320,3,1717,385,202,138,0.799801,3,1
320,2,844,484,279,175,0.844962,3,0
320,1,1521,391,306,139,0.606810,3,11
321,16,1757,441,75,148,0.725028,1,8
321,13,1565,467,49,156,0.754601,1,5
321,12,1614,456,50,139,0.628784,1,9
321,11,1443,518,69,165,0.768372,1,4
321,8,1259,528,73,166,0.774878,1,2
321,7,1179,500,64,178,0.737796,1,7
321,6,1122,496,65,163,0.747394,1,6
321,5,994,525,84,163,0.770458,1,3
321,3,1717,385,202,138,0.806057,3,1
321,2,844,484,279,174,0.850429,3,0
322,16,1756,443,75,148,0.709393,1,8
322,13,1563,465,49,161,0.732792,1,7
322,12,1613,455,47,142,0.640752,1,10
322,11,1442,520,67,163,0.743651,1,5
322,8,1260,527,69,168,0.781872,1,2
322,7,1179,501,64,176,0.737333,1,6
322,6,1112,496,75,164,0.769556,1,3
322,5,993,523,80,165,0.765703,1,4
322,3,1717,385,202,138,0.807609,3,1
322,2,844,484,280,175,0.846844,3,0
323,16,1755,443,74,149,0.698997,1,8
323,13,1563,466,48,162,0.722982,1,7
323,12,1611,455,46,145,0.687739,1,10
323,11,1438,518,67,165,0.724944,1,6
323,8,1259,523,66,171,0.795657,1,2
323,7,1175,502,60,177,0.732256,1,4
323,6,1111,499,76,160,0.777093,1,3
323,5,993,522,72,167,0.725185,1,5
323,3,1715,385,203,138,0.799585,3,1
323,2,844,484,279,174,0.852755,3,0
324,17,1217,461,61,163,0.648243,1,11
324,16,1755,444,72,147,0.702331,1,9
324,14,1680,419,68,155,0.651430,1,10
324,13,1557,468,52,161,0.715420,1,7
324,12,1610,458,43,142,0.703351,1,8
324,11,1436,516,65,167,0.647605,1,12
324,8,1259,518,63,175,0.765965,1,3
324,7,1169,504,63,177,0.717476,1,6
324,6,1110,499,77,160,0.788636,1,2
324,5,992,524,66,166,0.756645,1,4
324,3,1715,385,204,137,0.793095,3,1
324,2,845,484,277,174,0.849378,3,0
325,17,1215,461,61,163,0.657036,1,10
325,16,1755,443,68,148,0.729732,1,8
325,14,1679,419,69,156,0.639905,1,12
325,13,1554,470,54,160,0.730509,1,7
325,12,1608,457,42,144,0.735607,1,6
325,11,1438,518,58,165,0.645556,1,11
325,8,1258,523,55,171,0.748784,1,4
325,7,1166,505,64,174,0.717608,1,9
325,6,1107,500,79,159,0.810369,1,1
325,5,990,523,63,166,0.739678,1,5
325,3,1716,385,203,138,0.794549,3,2
325,2,845,484,278,174,0.863014,3,0
325,1,1525,392,313,139,0.759660,3,3
326,17,1215,461,58,165,0.670564,1,11
326,16,1755,441,65,149,0.729698,1,5
326,14,1677,419,71,157,0.670896,1,10
326,13,1555,470,51,160,0.715267,1,7
326,12,1606,456,42,145,0.707686,1,9
326,11,1433,518,58,164,0.638052,1,12
326,8,1256,517,52,177,0.718106,1,6
326,7,1160,505,70,175,0.779003,1,3
326,6,1106,501,78,159,0.795137,1,1
326,5,984,524,60,165,0.710740,1,8
326,3,1716,384,203,138,0.788503,3,2
326,2,845,484,277,175,0.844091,3,0
326,1,1526,392,309,138,0.772298,3,4
327,17,1213,465,56,161,0.660023,1,10
327,16,1755,440,60,151,0.727106,1,5
327,14,1679,419,66,157,0.656093,1,12
327,13,1542,467,63,164,0.721240,1,6
327,12,1604,455,43,149,0.683720,1,9
327,11,1434,514,54,169,0.656650,1,11
327,8,1253,518,48,175,0.719401,1,7
327,7,1155,505,76,175,0.823899,1,1
327,6,1107,500,76,160,0.783239,1,4
327,5,981,523,54,167,0.704151,1,8
327,3,1716,384,203,138,0.792838,3,3
327,2,845,484,277,176,0.844230,3,0
327,1,1526,393,310,138,0.794595,3,2
328,17,1212,466,56,157,0.642843,1,12
328,16,1755,439,56,152,0.693493,1,8
328,14,1679,419,62,157,0.683582,1,9
328,13,1543,465,58,165,0.744644,1,5
328,12,1600,454,44,149,0.683514,1,10
328,11,1426,512,61,170,0.630896,1,13
328,10,1279,489,51,164,0.673261,1,11
328,8,1247,520,50,174,0.716386,1,6
328,7,1151,506,79,175,0.820689,1,0
328,6,1105,499,73,161,0.804555,1,2
328,5,975,524,57,169,0.714067,1,7
328,3,1715,384,203,138,0.798020,3,3
328,2,846,484,275,176,0.817446,3,1
328,1,1525,395,315,140,0.782691,3,4
329,17,1209,466,55,160,0.707947,1,8
329,16,1756,438,47,154,0.665741,1,13
329,14,1677,419,61,158,0.686058,1,10
329,13,1538,468,62,162,0.763278,1,5
329,12,1596,454,46,149,0.685062,1,11
329,11,1430,516,54,167,0.668134,1,12
329,10,1279,490,49,163,0.692440,1,9
329,8,1245,522,51,171,0.721771,1,7
329,7,1151,506,75,176,0.811064,1,2
329,6,1105,498,72,162,0.769269,1,4
329,5,971,525,58,169,0.733578,1,6
329,3,1717,384,202,138,0.808714,3,3
329,2,846,484,273,175,0.830593,3,0
329,1,1525,394,315,139,0.822725,3,1
330,17,1208,465,55,161,0.640056,1,13
330,16,1755,438,43,155,0.704105,1,10
330,14,1676,419,61,159,0.708645,1,9
330,13,1537,468,61,162,0.752481,1,4
330,12,1597,456,43,147,0.670001,1,12
330,11,1429,518,54,165,0.715206,1,8
330,10,1278,489,49,163,0.674480,1,11
330,8,1242,521,53,173,0.724316,1,7
330,7,1151,507,73,175,0.806717,1,3
330,6,1105,498,69,161,0.747830,1,5
330,5,966,525,62,170,0.732896,1,6
330,3,1717,384,201,138,0.820824,3,2
330,2,845,484,271,175,0.832272,3,1
330,1,1525,394,316,138,0.833009,3,0
331,17,1208,466,53,161,0.656860,1,12
331,16,1755,439,42,152,0.704059,1,9
331,14,1673,418,64,159,0.720165,1,8
331,13,1536,467,62,165,0.748496,1,5
331,12,1594,455,46,149,0.698238,1,10
331,11,1422,524,58,159,0.745863,1,6
331,10,1276,488,51,163,0.652099,1,13
331,8,1237,524,57,170,0.682407,1,11
331,7,1151,507,72,174,0.778222,1,3
331,6,1105,498,66,161,0.742570,1,7
331,5,963,530,61,168,0.759631,1,4
331,3,1718,384,201,138,0.826928,3,2
331,2,846,483,269,174,0.834144,3,1
331,1,1525,394,317,137,0.842719,3,0
332,17,1206,466,53,163,0.686781,1,12
332,16,1753,439,43,153,0.693754,1,10
332,14,1671,418,64,157,0.718726,1,7
332,13,1536,465,62,168,0.705578,1,9
332,12,1588,457,52,145,0.655858,1,13
332,11,1413,521,64,162,0.723574,1,6
332,10,1274,488,52,164,0.691844,1,11
332,8,1229,524,63,171,0.769175,1,4
332,7,1150,507,67,175,0.759798,1,5
332,6,1104,499,64,162,0.715202,1,8
332,5,960,529,64,169,0.789447,1,3
332,3,1717,384,202,138,0.820807,3,2
332,2,846,484,269,171,0.823878,3,1
332,1,1524,394,317,135,0.831840,3,0
333,17,1205,466,54,161,0.720709,1,8
333,16,1750,439,43,153,0.689670,1,9
333,14,1665,417,71,157,0.662676,1,12
333,13,1535,471,61,162,0.678552,1,10
333,12,1578,457,61,147,0.613842,1,13
333,11,1406,523,71,160,0.773452,1,4
333,10,1273,487,53,165,0.664472,1,11
333,8,1220,523,67,171,0.780741,1,3
333,7,1150,506,61,178,0.724199,1,7
333,6,1103,499,51,166,0.727239,1,6
333,5,960,528,62,169,0.756414,1,5
333,3,1717,384,202,138,0.818274,3,2
333,2,846,484,267,169,0.837478,3,1
333,1,1523,395,319,135,0.843699,3,0
334,17,1203,466,56,160,0.734751,1,8
334,16,1744,439,45,152,0.635637,1,12
334,14,1667,419,65,156,0.623158,1,13
334,13,1535,474,58,159,0.685442,1,10
334,12,1574,455,65,149,0.667344,1,11
334,11,1401,522,76,161,0.786344,1,4
334,10,1274,487,51,165,0.692498,1,9
334,8,1213,523,73,173,0.793856,1,3
334,7,1151,506,54,178,0.743453,1,6
334,6,1102,498,52,167,0.769783,1,5
334,5,956,527,70,171,0.740623,1,7
334,3,1715,384,204,138,0.825592,3,2
334,2,846,485,265,161,0.835557,3,1
334,1,1522,394,321,136,0.843741,3,0
335,17,1201,468,57,160,0.719778,1,8
335,16,1738,436,51,154,0.642538,1,12
335,14,1667,421,65,152,0.630681,1,13
335,13,1534,477,54,157,0.661892,1,11
335,12,1567,459,70,146,0.667986,1,10
335,11,1398,520,78,163,0.804320,1,4
335,10,1272,488,52,165,0.699686,1,9
335,8,1207,523,78,172,0.809451,1,3
335,7,1151,507,50,177,0.748015,1,6
335,6,1098,498,52,165,0.776152,1,5
335,5,953,527,72,173,0.746691,1,7
335,3,1714,384,205,138,0.819608,3,2
335,2,845,485,265,161,0.843389,3,0
335,1,1521,394,322,136,0.834374,3,1
336,17,1199,469,57,159,0.708257,1,10
336,16,1729,436,58,153,0.692054,1,11
336,14,1666,420,66,154,0.659113,1,13
336,13,1535,478,49,156,0.666089,1,12
336,12,1566,457,70,150,0.744965,1,8
336,11,1395,520,80,163,0.814594,1,3
336,10,1269,490,53,163,0.718278,1,9
336,8,1203,523,81,173,0.825238,1,1
336,7,1148,507,49,176,0.752554,1,5
336,6,1093,498,53,167,0.751107,1,6
336,5,945,528,78,172,0.749009,1,7
336,3,1714,384,205,137,0.810019,3,4
336,2,845,485,265,160,0.832343,3,0
336,1,1521,394,323,136,0.822520,3,2
337,18,1450,460,42,150,0.603665,1,14
337,17,1197,468,58,160,0.676552,1,10
337,16,1722,435,65,155,0.660391,1,13
337,14,1661,421,70,154,0.672289,1,11
337,13,1534,476,48,158,0.665695,1,12
337,12,1568,456,67,152,0.774118,1,5
337,11,1394,519,81,164,0.800613,1,4
337,10,1268,490,52,164,0.746081,1,8
337,8,1202,526,81,170,0.828368,1,0
337,7,1144,508,51,174,0.747221,1,7
337,6,1095,499,50,170,0.727249,1,9
337,5,948,531,72,169,0.747813,1,6
337,3,1713,384,206,137,0.803908,3,3
337,2,845,483,264,161,0.818975,3,1
337,1,1522,393,322,138,0.818384,3,2
338,17,1196,469,56,158,0.625637,1,13
338,16,1721,436,65,154,0.640516,1,12
338,14,1660,421,68,156,0.653119,1,11
338,13,1535,476,45,157,0.654682,1,10
338,12,1568,455,63,152,0.736813,1,7
338,11,1392,519,84,163,0.835659,1,0
338,10,1267,490,53,164,0.738213,1,6
338,8,1200,526,84,172,0.824957,1,1
338,7,1141,509,49,174,0.706894,1,9
338,6,1090,501,53,170,0.743072,1,5
338,5,952,529,66,170,0.727747,1,8
338,3,1713,384,206,138,0.802568,3,4
338,2,845,484,263,160,0.803632,3,3
338,1,1522,393,321,138,0.804065,3,2
339,17,1194,468,58,157,0.624642,1,12
339,16,1719,436,68,153,0.647261,1,11
339,14,1663,422,62,155,0.659156,1,10
339,13,1532,471,44,161,0.605891,1,13
339,12,1567,456,63,151,0.719045,1,8
339,11,1393,521,82,162,0.808338,1,3
339,10,1266,492,53,162,0.742413,1,6
339,8,1198,529,84,169,0.847532,1,0
339,7,1137,507,51,175,0.726641,1,7
339,6,1087,500,56,172,0.767402,1,5
339,5,948,529,65,170,0.706547,1,9
339,3,1713,384,206,137,0.797109,3,4
339,2,844,484,262,162,0.808523,3,2
339,1,1522,393,322,139,0.825827,3,1
340,16,1714,435,73,154,0.676371,1,9
340,13,1528,471,46,161,0.620108,1,12
340,12,1567,455,61,153,0.673271,1,10
340,11,1393,519,80,164,0.789961,1,3
340,10,1265,493,54,163,0.758197,1,6
340,8,1198,531,85,168,0.856285,1,0
340,7,1133,509,52,173,0.737476,1,7
340,6,1085,502,56,166,0.764426,1,5
340,5,937,531,70,169,0.730584,1,8
340,3,1714,384,205,137,0.807572,3,2
340,2,845,484,262,165,0.785457,3,4
340,1,1522,393,323,139,0.836155,3,1
341,18,1440,464,49,142,0.619432,1,11
341,16,1711,437,76,153,0.708773,1,8
341,13,1527,471,44,161,0.607650,1,12
341,12,1564,454,60,155,0.637540,1,10
341,11,1393,517,80,166,0.818044,1,2
341,10,1263,493,55,164,0.769812,1,4
341,8,1198,529,85,171,0.854963,1,0
341,7,1125,509,60,173,0.745592,1,6
341,6,1072,502,67,171,0.740203,1,7
341,5,933,532,71,168,0.758163,1,5
341,3,1714,384,205,137,0.810796,3,3
341,2,845,484,264,169,0.661036,3,9
341,1,1521,393,325,138,0.846310,3,1
342,18,1435,462,53,144,0.625610,1,11
342,16,1708,437,78,152,0.710331,1,8
342,13,1526,468,44,164,0.602558,1,12
342,12,1564,455,55,153,0.627678,1,10
342,11,1392,517,78,166,0.792593,1,3
342,10,1263,493,55,165,0.767667,1,6
342,8,1198,528,83,171,0.847607,1,1
342,7,1117,510,66,171,0.770120,1,4
342,6,1068,503,69,167,0.770001,1,5
342,5,929,532,71,168,0.740335,1,7
342,3,1714,384,205,138,0.823887,3,2
342,2,845,484,257,167,0.641589,3,9
342,1,1521,393,325,141,0.870058,3,0
343,18,1434,462,53,141,0.616956,1,9
343,16,1709,436,77,153,0.695743,1,8
343,13,1521,472,47,160,0.612569,1,11
343,12,1562,455,54,155,0.609423,1,12
343,11,1392,517,74,166,0.782305,1,4
343,10,1260,493,57,165,0.766957,1,6
343,8,1198,530,81,170,0.805014,1,2
343,7,1106,507,77,174,0.796066,1,3
343,6,1067,501,66,170,0.778965,1,5
343,5,925,532,66,168,0.716620,1,7
343,3,1715,384,204,138,0.823384,3,1
343,2,844,483,275,165,0.614580,3,10
343,1,1521,393,325,140,0.868671,3,0
344,18,1432,462,55,144,0.657132,1,11
344,16,1709,434,77,155,0.689376,1,9
344,13,1515,475,53,158,0.662465,1,10
344,12,1561,456,49,152,0.653888,1,12
344,11,1391,518,72,165,0.772612,1,6
344,10,1258,493,58,164,0.785801,1,4
344,8,1199,528,78,171,0.814614,1,2
344,7,1099,508,84,175,0.802006,1,3
344,6,1065,502,66,169,0.782872,1,5
344,5,928,529,62,171,0.742659,1,7
344,3,1714,384,205,138,0.822686,3,1
344,2,845,483,252,165,0.741664,3,8
344,1,1521,393,325,139,0.865712,3,0
345,18,1429,462,58,145,0.650421,1,11
345,16,1712,437,70,154,0.644880,1,12
345,13,1507,477,59,155,0.695692,1,9
345,12,1558,455,49,150,0.683271,1,10
345,11,1391,517,69,167,0.772795,1,5
345,10,1258,493,57,169,0.771417,1,6
345,8,1197,526,74,172,0.815484,1,3
345,7,1097,512,84,172,0.822437,1,2
345,6,1062,509,66,165,0.780090,1,4
345,5,926,528,64,170,0.749916,1,8
345,3,1713,384,206,138,0.829248,3,1
345,2,845,483,250,164,0.752491,3,7
345,1,1522,393,323,143,0.848793,3,0
346,18,1426,462,57,145,0.613292,1,13
346,16,1711,438,70,154,0.667778,1,12
346,13,1501,476,63,158,0.721691,1,9
346,12,1556,455,50,153,0.675341,1,11
346,11,1392,518,63,165,0.765521,1,6
346,10,1257,494,57,168,0.779545,1,5
346,8,1197,526,69,173,0.803395,1,3
346,7,1094,511,85,172,0.817068,1,2
346,6,1062,509,63,165,0.763264,1,7
346,5,925,530,63,168,0.797474,1,4
346,3,1714,384,205,138,0.838949,3,0
346,2,845,483,247,164,0.745935,3,8
346,1,1521,393,323,143,0.830955,3,1
347,18,1425,461,52,147,0.675315,1,13
347,16,1711,436,69,154,0.681233,1,12
347,14,1651,422,56,154,0.716248,1,10
347,13,1497,476,68,157,0.776578,1,7
347,12,1555,455,49,155,0.697972,1,11
347,11,1392,519,59,164,0.746742,1,8
347,10,1256,494,55,167,0.798840,1,5
347,8,1197,527,65,172,0.804199,1,4
347,7,1094,512,85,172,0.820975,1,1
347,6,1061,509,60,165,0.778830,1,6
347,5,918,529,69,170,0.817015,1,2
347,3,1713,384,206,137,0.845851,3,0
347,2,845,483,246,165,0.740965,3,9
347,1,1522,393,322,141,0.811946,3,3
348,18,1424,462,48,149,0.649269,1,13
348,16,1711,437,65,153,0.692235,1,11
348,14,1651,422,55,154,0.686884,1,12
348,13,1493,478,71,155,0.785627,1,7
348,12,1554,455,49,156,0.698296,1,10
348,11,1392,518,54,165,0.750373,1,9
348,10,1254,494,57,167,0.805880,1,3
348,8,1196,528,61,172,0.795990,1,4
348,7,1092,511,87,173,0.821602,1,2
348,6,1061,510,58,165,0.791353,1,6
348,5,910,527,74,174,0.841875,1,1
348,3,1713,384,206,137,0.846248,3,0
348,2,845,483,237,163,0.755397,3,8
348,1,1522,394,324,142,0.792012,3,5
349,18,1423,461,48,152,0.647935,1,13
349,16,1710,436,60,155,0.705189,1,11
349,14,1648,423,54,153,0.666708,1,12
349,13,1493,478,71,156,0.794292,1,5
349,12,1552,456,49,155,0.713887,1,10
349,11,1390,517,50,167,0.719940,1,9
349,10,1251,494,60,168,0.809564,1,3
349,8,1193,528,56,170,0.774643,1,8
349,7,1088,511,90,174,0.817656,1,2
349,6,1061,510,53,166,0.777796,1,7
349,5,901,526,83,176,0.843320,1,1
349,3,1713,384,205,137,0.848195,3,0
349,2,844,483,231,164,0.786493,3,6
349,1,1523,393,322,142,0.806106,3,4
350,18,1422,461,47,153,0.647191,1,12
350,16,1711,437,55,153,0.712960,1,9
350,14,1645,423,55,151,0.645068,1,13
350,13,1494,478,69,156,0.792937,1,6
350,12,1550,456,51,154,0.706069,1,10
350,11,1388,516,50,169,0.701311,1,11
350,10,1248,494,63,168,0.804315,1,4
350,8,1187,528,56,174,0.782529,1,7
350,7,1088,511,88,174,0.806682,1,3
350,6,1059,510,52,168,0.721767,1,8
350,5,897,526,89,177,0.833308,1,1
350,3,1713,384,206,137,0.844228,3,0
350,2,845,484,228,165,0.799321,3,5
350,1,1523,394,322,143,0.810584,3,2
351,18,1420,462,47,154,0.652965,1,13
351,16,1710,438,51,152,0.674570,1,12
351,14,1637,423,65,154,0.718880,1,10
351,13,1494,476,69,159,0.798213,1,6
351,12,1549,457,50,152,0.722948,1,9
351,11,1388,517,52,169,0.703004,1,11
351,10,1247,495,64,168,0.812643,1,3
351,8,1183,530,57,174,0.774786,1,7
351,7,1087,510,87,175,0.806633,1,5
351,6,1057,511,51,166,0.728389,1,8
351,5,895,523,90,180,0.819544,1,1
351,3,1713,384,205,138,0.844414,3,0
351,2,845,484,227,165,0.813741,3,2
351,1,1523,393,323,142,0.811128,3,4
352,18,1418,462,44,152,0.635337,1,14
352,16,1710,438,46,152,0.666060,1,12
352,14,1632,423,69,152,0.759267,1,8
352,13,1492,476,70,159,0.806254,1,6
352,12,1548,459,51,150,0.710614,1,9
352,11,1386,520,51,166,0.681256,1,11
352,10,1245,495,67,168,0.821935,1,2
352,8,1181,530,57,174,0.763745,1,7
352,7,1086,512,85,174,0.815405,1,4
352,6,1054,510,50,167,0.701449,1,10
352,5,894,521,89,183,0.819354,1,3
352,3,1714,384,205,138,0.838528,3,0
352,2,845,484,223,166,0.825841,3,1
352,1,1523,394,322,143,0.813979,3,5
353,19,1363,493,43,162,0.632517,1,13
353,18,1417,464,45,153,0.607838,1,14
353,16,1708,437,43,152,0.644739,1,12
353,14,1630,422,70,153,0.741649,1,8
353,13,1493,478,68,157,0.797247,1,5
353,12,1544,460,55,147,0.714656,1,9
353,11,1381,522,57,165,0.665258,1,11
353,10,1246,496,70,169,0.806132,1,4
353,8,1176,530,59,176,0.795365,1,7
353,7,1086,512,81,175,0.816305,1,2
353,6,1053,509,48,166,0.710856,1,10
353,5,895,518,90,186,0.796325,1,6
353,3,1713,384,205,138,0.840360,3,0
353,2,846,484,220,167,0.813664,3,3
353,1,1523,394,323,142,0.819026,3,1
354,16,1706,436,41,155,0.712281,1,10
354,14,1629,421,70,154,0.718562,1,9
354,13,1492,478,67,158,0.768504,1,7
354,12,1541,460,57,145,0.677272,1,12
354,11,1376,522,57,167,0.704212,1,11
354,10,1247,496,72,169,0.813867,1,3
354,8,1173,528,59,178,0.789504,1,5
354,7,1086,512,79,175,0.834203,1,1
354,6,1051,510,48,166,0.747800,1,8
354,5,895,520,90,185,0.800245,1,4
354,3,1714,384,205,138,0.839124,3,0
354,2,846,483,216,167,0.788495,3,6
354,1,1523,394,323,141,0.821160,3,2
355,16,1706,436,40,156,0.706014,1,10
355,14,1629,422,71,154,0.692231,1,11
355,13,1493,478,65,157,0.770844,1,8
355,12,1540,461,58,146,0.666351,1,12
355,11,1374,524,59,166,0.732309,1,9
355,10,1247,496,74,170,0.827307,1,1
355,8,1169,529,63,180,0.796298,1,4
355,7,1085,511,74,176,0.819333,1,3
355,6,1046,511,49,164,0.778901,1,7
355,5,894,530,88,175,0.794946,1,5
355,3,1714,384,204,138,0.842908,3,0
355,2,846,484,216,169,0.782468,3,6
355,1,1524,394,322,140,0.819584,3,2
356,16,1703,437,43,157,0.711399,1,9
356,14,1630,424,70,153,0.681022,1,11
356,13,1493,479,63,157,0.756338,1,7
356,12,1540,461,58,146,0.668593,1,12
356,11,1369,523,63,166,0.722778,1,8
356,10,1250,496,71,171,0.825732,1,2
356,8,1164,533,67,176,0.793567,1,5
356,7,1084,511,68,175,0.769500,1,6
356,6,1041,511,54,164,0.701899,1,10
356,5,892,531,88,174,0.806587,1,3
356,3,1714,384,204,138,0.842355,3,0
356,2,847,484,212,169,0.802967,3,4
356,1,1523,394,323,140,0.840392,3,1
357,19,1356,495,45,159,0.629550,1,13
357,16,1697,437,46,156,0.712793,1,11
357,14,1629,425,71,153,0.718106,1,10
357,13,1492,479,63,157,0.769845,1,6
357,12,1539,463,58,146,0.629648,1,12
357,11,1365,524,66,166,0.755684,1,7
357,10,1251,496,68,171,0.817577,1,3
357,8,1162,533,68,175,0.809167,1,4
357,7,1084,507,62,176,0.736542,1,9
357,6,1029,510,64,166,0.743083,1,8
357,5,888,530,92,176,0.817784,1,2
357,3,1714,383,205,138,0.843953,3,0
357,2,847,483,211,172,0.800812,3,5
357,1,1523,394,323,139,0.842066,3,1
358,19,1353,493,46,161,0.626453,1,13
358,16,1689,436,51,156,0.716813,1,10
358,14,1628,423,70,157,0.713005,1,11
358,13,1490,478,58,157,0.762483,1,7
358,12,1537,460,50,150,0.644558,1,12
358,11,1363,525,67,167,0.736502,1,9
358,10,1255,498,66,170,0.820590,1,4
358,8,1160,533,70,175,0.826270,1,2
358,7,1083,512,56,175,0.746029,1,8
358,6,1022,509,71,164,0.788423,1,6
358,5,883,529,95,179,0.823202,1,3
358,3,1716,383,203,139,0.843525,3,1
358,2,846,483,209,174,0.796065,3,5
358,1,1523,394,322,140,0.869732,3,0
359,19,1351,493,47,163,0.665789,1,12
359,16,1685,436,56,155,0.752241,1,7
359,14,1628,422,70,157,0.716088,1,10
359,13,1490,478,54,158,0.721938,1,9
359,11,1364,526,61,166,0.709517,1,11
359,10,1257,498,64,170,0.812001,1,3
359,8,1157,535,71,173,0.837524,1,2
359,7,1082,512,54,178,0.740729,1,8
359,6,1015,516,76,157,0.805189,1,4
359,5,879,530,97,177,0.782316,1,6
359,3,1715,384,204,138,0.839687,3,1
359,2,847,483,205,174,0.800424,3,5
359,1,1523,394,323,139,0.858172,3,0
360,19,1345,493,53,163,0.696574,1,11
360,16,1679,438,61,154,0.732665,1,8
360,14,1628,422,68,158,0.681909,1,12
360,13,1485,479,56,159,0.742477,1,7
360,11,1364,525,60,168,0.698471,1,10
360,10,1259,498,61,170,0.808762,1,4
360,8,1155,538,75,173,0.823500,1,2
360,7,1080,513,55,176,0.713915,1,9
360,6,1009,514,82,160,0.794003,1,5
360,5,875,522,93,185,0.745169,1,6
360,3,1715,384,204,139,0.846536,3,1
360,2,847,483,202,175,0.818959,3,3
360,1,1522,394,323,140,0.856950,3,0
361,19,1340,494,53,160,0.697891,1,10
361,16,1677,442,64,151,0.733364,1,6
361,14,1628,424,64,156,0.672199,1,12
361,13,1486,478,53,159,0.720489,1,7
361,11,1362,528,61,165,0.712038,1,8
361,10,1260,499,60,169,0.814621,1,3
361,8,1152,540,76,171,0.830686,1,2
361,7,1079,514,52,177,0.690090,1,11
361,6,1007,517,83,159,0.798529,1,4
361,5,877,518,76,189,0.707286,1,9
361,3,1716,384,203,138,0.841853,3,1
361,2,847,483,204,175,0.783636,3,5
361,1,1522,395,323,140,0.869564,3,0
362,19,1336,495,55,157,0.732743,1,7
362,16,1677,441,63,153,0.742807,1,6
362,14,1627,426,63,153,0.681174,1,12
362,13,1477,478,64,164,0.714011,1,9
362,11,1361,529,62,165,0.718751,1,8
362,10,1261,500,60,167,0.821983,1,2
362,8,1151,536,77,177,0.821091,1,3
362,7,1073,513,57,177,0.687458,1,11
362,6,1006,516,92,165,0.781667,1,5
362,5,872,515,75,191,0.703559,1,10
362,3,1715,384,204,138,0.845547,3,1
362,2,847,483,199,174,0.800340,3,4
362,1,1523,393,322,141,0.870589,3,0
363,19,1332,497,57,157,0.741072,1,6
363,16,1675,444,65,151,0.701091,1,8
363,14,1626,420,60,161,0.685776,1,11
363,13,1469,477,72,163,0.686438,1,10
363,11,1361,529,61,165,0.721557,1,7
363,10,1260,499,63,168,0.813650,1,2
363,8,1153,535,72,177,0.811163,1,3
363,7,1064,513,66,179,0.688100,1,9
363,6,1004,516,86,160,0.748452,1,5
363,5,865,528,76,179,0.680775,1,12
363,3,1714,384,205,138,0.843626,3,1
363,2,847,484,197,174,0.784531,3,4
363,1,1524,394,322,142,0.869461,3,0
364,19,1328,499,57,157,0.724096,1,9
364,16,1675,445,65,150,0.729534,1,7
364,14,1624,420,61,160,0.682362,1,11
364,13,1467,479,73,164,0.733173,1,6
364,11,1361,529,60,164,0.727158,1,8
364,10,1260,499,64,169,0.814048,1,2
364,8,1153,533,68,179,0.807058,1,3
364,7,1058,514,68,178,0.771243,1,4
364,6,1002,515,82,163,0.765960,1,5
364,5,864,516,81,194,0.648116,1,12
364,3,1714,384,205,138,0.842280,3,1
364,2,846,484,199,173,0.706193,3,10
364,1,1522,396,325,139,0.872704,3,0
365,19,1325,499,59,158,0.704675,1,10
365,16,1673,444,66,151,0.711931,1,9
365,14,1620,421,61,159,0.681234,1,11
365,13,1465,478,69,166,0.742975,1,5
365,11,1360,529,59,164,0.721471,1,8
365,10,1261,499,63,169,0.808528,1,2
365,8,1153,533,63,180,0.798009,1,3
365,7,1052,514,70,180,0.789345,1,4
365,6,1003,514,77,162,0.729508,1,7
365,5,856,531,87,181,0.676280,1,12
365,3,1714,384,205,138,0.842851,3,1
365,2,846,484,191,174,0.732583,3,6
365,1,1522,396,324,142,0.870310,3,0
366,19,1331,499,51,158,0.700066,1,9
366,16,1673,443,66,152,0.699488,1,10
366,14,1616,421,58,161,0.663321,1,13
366,13,1480,479,55,166,0.734508,1,6
366,11,1360,530,57,165,0.741040,1,5
366,10,1262,498,64,169,0.808361,1,3
366,8,1151,534,59,179,0.790497,1,4
366,7,1047,515,74,177,0.826697,1,2
366,6,1003,514,73,161,0.714854,1,8
366,5,852,532,89,182,0.695822,1,11
366,3,1714,384,205,138,0.844195,3,1
366,2,845,484,188,172,0.727426,3,7
366,1,1522,395,325,141,0.868402,3,0
367,19,1328,499,50,159,0.674317,1,12
367,17,1163,483,50,156,0.640093,1,14
367,16,1671,440,66,154,0.696930,1,10
367,14,1611,420,63,161,0.694133,1,11
367,13,1471,479,62,167,0.722267,1,7
367,11,1360,529,57,165,0.728065,1,6
367,10,1262,499,67,167,0.806999,1,3
367,8,1151,533,51,180,0.779837,1,4
367,7,1044,515,75,178,0.842070,1,2
367,6,1003,516,69,160,0.721300,1,8
367,5,851,535,84,178,0.733081,1,5
367,3,1713,384,205,138,0.842795,3,1
367,2,845,484,186,173,0.720869,3,9
367,1,1522,396,324,141,0.855792,3,0
368,19,1328,499,48,160,0.667169,1,10
368,17,1160,484,52,158,0.632651,1,14
368,16,1671,438,64,156,0.715951,1,6
368,14,1608,421,65,162,0.646549,1,13
368,13,1468,478,63,166,0.714867,1,7
368,12,1518,471,48,144,0.654472,1,11
368,11,1355,525,57,165,0.710618,1,8
368,10,1262,500,68,167,0.798866,1,3
368,8,1147,533,51,179,0.772459,1,4
368,7,1041,515,79,180,0.830972,1,2
368,6,1001,513,61,165,0.703659,1,9
368,5,849,537,77,177,0.738006,1,5
368,3,1713,384,205,138,0.841805,3,1
368,2,845,484,186,173,0.649310,3,12
368,1,1523,396,324,141,0.849842,3,0
369,19,1325,498,49,167,0.639226,1,12
369,16,1672,439,63,155,0.726253,1,8
369,14,1610,421,59,162,0.660457,1,11
369,13,1468,479,59,166,0.731016,1,7
369,12,1513,471,51,144,0.675573,1,10
369,11,1356,528,56,163,0.732761,1,6
369,10,1262,501,66,167,0.791363,1,4
369,8,1144,533,52,181,0.759483,1,5
369,7,1039,516,80,181,0.835534,1,2
369,6,1002,515,55,162,0.714435,1,9
369,5,842,543,79,171,0.806029,1,3
369,3,1713,384,206,138,0.840630,3,1
369,2,843,482,190,176,0.620598,3,13
369,1,1523,396,324,141,0.858552,3,0
370,19,1326,496,47,166,0.658571,1,12
370,16,1672,440,58,154,0.683531,1,10
370,14,1608,420,59,165,0.699326,1,9
370,13,1466,479,58,167,0.735421,1,7
370,12,1509,471,54,143,0.666646,1,11
370,11,1355,530,53,161,0.705482,1,8
370,10,1262,502,69,166,0.797829,1,4
370,8,1139,535,50,179,0.735501,1,6
370,7,1039,515,78,180,0.803188,1,3
370,6,999,515,58,164,0.747326,1,5
370,5,839,544,83,169,0.838543,1,2
370,3,1713,384,206,137,0.840502,3,1
370,1,1523,396,324,140,0.851759,3,0
371,19,1325,495,46,169,0.673098,1,12
371,16,1673,445,52,149,0.688083,1,11
371,14,1601,421,63,163,0.714893,1,8
371,13,1464,478,61,166,0.732783,1,7
371,12,1507,471,57,142,0.640072,1,13
371,11,1351,525,59,165,0.695103,1,9
371,10,1262,502,76,167,0.807256,1,3
371,8,1136,535,49,178,0.736431,1,6
371,7,1036,516,77,180,0.777999,1,4
371,6,996,515,59,165,0.744661,1,5
371,5,833,543,86,169,0.832444,1,2
371,3,1713,384,206,137,0.834998,3,1
371,1,1523,396,323,143,0.847476,3,0
372,19,1324,497,44,167,0.680235,1,11
372,16,1673,446,47,148,0.641321,1,12
372,14,1597,421,66,163,0.763682,1,4
372,13,1464,479,57,168,0.703922,1,9
372,11,1351,525,56,167,0.690330,1,10
372,10,1260,502,78,168,0.775813,1,3
372,8,1130,534,53,179,0.746883,1,7
372,7,1036,517,74,179,0.760260,1,5
372,6,995,515,53,163,0.756402,1,6
372,5,829,544,88,169,0.839666,1,1
372,3,1713,384,206,137,0.830401,3,2
372,1,1523,397,323,140,0.850105,3,0
373,19,1320,497,45,168,0.650130,1,10
373,16,1673,444,41,151,0.642111,1,12
373,14,1596,421,65,163,0.742120,1,5
373,13,1456,480,62,166,0.698478,1,9
373,11,1349,525,54,167,0.647507,1,11
373,10,1259,504,66,167,0.787927,1,3
373,8,1122,536,59,176,0.775823,1,4
373,7,1039,519,65,176,0.727390,1,7
373,6,992,515,51,164,0.732951,1,6
373,5,826,543,87,169,0.804873,1,2
373,3,1712,384,206,137,0.832627,3,1
373,2,847,483,259,182,0.713383,3,8
373,1,1524,397,322,138,0.851271,3,0
374,18,1381,472,43,149,0.662346,1,9
374,16,1670,443,42,152,0.619125,1,12
374,14,1593,422,63,160,0.718803,1,5
374,13,1456,481,60,164,0.683443,1,8
374,11,1342,525,59,166,0.661606,1,10
374,10,1256,502,66,168,0.779260,1,3
374,8,1114,538,68,175,0.790905,1,2
374,7,1039,518,55,177,0.691221,1,7
374,6,987,517,53,164,0.702229,1,6
374,5,822,542,88,172,0.773908,1,4
374,3,1713,384,206,137,0.831305,3,1
374,2,848,483,251,185,0.633551,3,11
374,1,1524,397,321,139,0.852362,3,0
375,18,1380,474,44,148,0.624270,1,12
375,16,1669,444,41,150,0.629387,1,11
375,14,1591,422,63,160,0.744151,1,6
375,13,1459,482,54,163,0.687688,1,8
375,11,1340,524,54,167,0.689124,1,7
375,10,1253,504,69,167,0.783429,1,4
375,8,1105,538,76,176,0.813465,1,2
375,7,1037,520,48,176,0.681035,1,9
375,6,983,517,54,168,0.753459,1,5
375,5,818,540,84,174,0.786565,1,3
375,3,1713,384,206,137,0.825865,3,1
375,1,1524,397,322,140,0.857785,3,0
376,18,1379,475,44,147,0.616515,1,12
376,16,1665,443,43,151,0.640676,1,11
376,14,1590,425,64,157,0.739531,1,6
376,13,1461,483,50,162,0.698097,1,8
376,11,1333,525,60,166,0.692037,1,9
376,10,1249,504,74,168,0.779213,1,4
376,8,1097,539,83,176,0.808893,1,2
376,7,1036,519,47,176,0.704168,1,7
376,6,984,517,53,165,0.768073,1,5
376,5,816,540,81,172,0.807598,1,3
376,3,1712,384,206,137,0.828918,3,1
376,1,1523,397,324,140,0.855868,3,0
377,18,1375,475,48,147,0.620137,1,13
377,17,1142,484,58,166,0.695079,1,8
377,16,1661,442,43,152,0.655302,1,11
377,14,1588,425,67,159,0.733530,1,6
377,13,1462,482,46,164,0.640138,1,12
377,11,1328,525,64,167,0.717736,1,7
377,10,1246,504,79,167,0.782124,1,4
377,8,1091,541,89,175,0.822328,1,3
377,7,1031,520,49,174,0.685718,1,10
377,6,973,520,62,163,0.759530,1,5
377,5,811,545,80,169,0.823873,1,2
377,3,1711,384,207,136,0.830997,3,1
377,1,1523,397,324,140,0.863288,3,0
378,18,1372,476,50,145,0.654474,1,10
378,17,1141,485,59,168,0.706646,1,8
378,16,1659,442,44,153,0.623389,1,13
378,14,1589,429,65,155,0.736911,1,7
378,13,1462,483,41,164,0.630527,1,12
378,12,1492,472,57,146,0.657504,1,9
378,11,1320,527,73,166,0.796433,1,4
378,10,1243,505,79,166,0.792422,1,6
378,8,1087,539,92,178,0.831251,1,2
378,7,1030,519,49,179,0.652143,1,11
378,6,968,519,66,165,0.793666,1,5
378,5,808,543,76,171,0.800040,1,3
378,3,1711,384,207,136,0.839601,3,1
378,1,1523,396,324,141,0.862351,3,0
379,18,1370,477,52,144,0.655745,1,10
379,17,1139,486,59,168,0.731111,1,7
379,16,1651,442,51,153,0.678996,1,9
379,14,1589,429,62,155,0.730720,1,8
379,13,1461,482,41,164,0.642963,1,12
379,12,1491,470,55,144,0.643203,1,11
379,11,1314,525,78,167,0.803182,1,4
379,10,1242,506,78,165,0.781846,1,5
379,8,1086,540,93,177,0.844852,1,1
379,7,1029,520,48,175,0.629087,1,13
379,6,960,524,73,161,0.775841,1,6
379,5,805,539,75,174,0.813441,1,3
379,3,1712,384,207,136,0.836286,3,2
379,1,1522,396,325,142,0.862528,3,0
380,18,1367,478,53,146,0.658314,1,12
380,17,1136,486,62,172,0.736921,1,8
380,16,1647,439,55,155,0.746768,1,7
380,14,1589,428,61,157,0.728906,1,9
380,13,1459,485,41,162,0.678553,1,10
380,12,1490,469,51,149,0.661537,1,11
380,11,1312,525,79,167,0.801562,1,4
380,10,1241,505,76,167,0.791751,1,5
380,8,1086,539,92,180,0.851464,1,1
380,7,1025,518,50,179,0.648514,1,13
380,6,958,522,75,165,0.777231,1,6
380,5,803,540,73,173,0.807096,1,3
380,3,1712,384,206,137,0.836767,3,2
380,1,1522,396,325,142,0.860760,3,0
381,18,1364,478,55,144,0.694903,1,11
381,17,1134,486,61,173,0.736705,1,9
381,16,1637,443,65,154,0.759205,1,7
381,14,1588,429,59,156,0.733844,1,10
381,13,1458,482,42,165,0.736787,1,8
381,12,1488,469,52,148,0.674944,1,12
381,11,1311,526,79,166,0.814409,1,3
381,10,1244,504,78,168,0.812433,1,4
381,8,1086,539,93,179,0.847447,1,1
381,7,1019,515,53,180,0.673796,1,13
381,6,956,520,77,169,0.776614,1,6
381,5,801,540,73,173,0.800685,1,5
381,3,1714,384,205,137,0.839489,3,2
381,1,1523,396,325,144,0.868541,3,0
382,18,1362,477,57,144,0.656297,1,12
382,17,1133,488,60,168,0.730602,1,10
382,16,1632,441,69,156,0.798713,1,6
382,14,1591,428,48,158,0.720300,1,11
382,13,1454,482,45,165,0.737460,1,9
382,12,1487,470,52,144,0.640130,1,13
382,11,1310,525,80,168,0.804187,1,4
382,10,1243,507,78,165,0.825416,1,3
382,8,1085,540,94,179,0.847496,1,1
382,7,1009,518,62,176,0.749313,1,8
382,6,954,520,75,173,0.791233,1,7
382,5,800,540,73,174,0.799844,1,5
382,3,1713,384,206,137,0.844506,3,2
382,1,1523,396,325,144,0.867584,3,0
383,18,1359,476,59,145,0.625151,1,13
383,17,1132,488,59,163,0.753602,1,8
383,16,1632,444,68,152,0.779779,1,6
383,14,1588,428,48,160,0.702457,1,11
383,13,1452,482,45,165,0.733433,1,10
383,12,1485,470,52,147,0.672230,1,12
383,11,1307,527,82,167,0.796136,1,5
383,10,1243,507,77,166,0.810254,1,4
383,8,1086,541,89,177,0.843515,1,2
383,7,1000,518,70,177,0.755396,1,7
383,6,953,521,69,171,0.745837,1,9
383,5,793,540,79,176,0.833830,1,3
383,3,1713,384,206,137,0.844964,3,1
383,1,1523,396,325,145,0.858951,3,0
384,18,1356,477,61,144,0.605645,1,14
384,17,1131,491,56,157,0.744944,1,7
384,16,1630,442,70,154,0.779951,1,6
384,14,1587,429,46,159,0.710802,1,10
384,13,1449,482,48,165,0.733988,1,9
384,12,1483,471,54,146,0.666851,1,12
384,11,1306,528,81,166,0.786819,1,5
384,10,1243,506,77,167,0.797873,1,4
384,8,1085,542,84,177,0.829078,1,3
384,7,990,521,79,174,0.733988,1,8
384,6,951,519,62,175,0.686599,1,11
384,5,787,542,84,174,0.843686,1,1
384,3,1714,383,205,138,0.843467,3,2
384,2,845,483,265,168,0.640251,3,13
384,1,1524,396,324,145,0.854302,3,0
385,17,1130,492,55,155,0.738703,1,8
385,16,1628,447,72,150,0.773989,1,6
385,14,1585,430,44,155,0.696252,1,10
385,13,1444,482,52,165,0.725879,1,9
385,12,1482,472,52,147,0.682687,1,12
385,11,1306,527,80,167,0.793047,1,4
385,10,1242,507,78,166,0.774754,1,5
385,8,1086,543,80,177,0.822128,1,3
385,7,982,520,87,176,0.751803,1,7
385,6,951,523,60,171,0.686740,1,11
385,5,782,541,90,176,0.835052,1,2
385,3,1714,384,205,138,0.848317,3,1
385,2,847,484,256,171,0.650342,3,13
385,1,1524,396,324,146,0.864170,3,0
386,17,1130,493,52,160,0.723854,1,9
386,16,1628,447,72,151,0.764229,1,5
386,14,1582,428,45,157,0.720940,1,10
386,13,1438,483,57,165,0.742900,1,7
386,12,1482,471,52,141,0.716918,1,11
386,11,1305,530,81,164,0.794789,1,4
386,10,1241,508,78,165,0.736307,1,8
386,8,1086,543,76,177,0.808994,1,3
386,7,980,523,89,173,0.763425,1,6
386,6,950,521,55,171,0.662760,1,13
386,5,780,542,91,175,0.840195,1,2
386,3,1713,383,205,138,0.845141,3,1
386,2,846,485,253,164,0.705209,3,12
386,1,1524,396,324,147,0.870312,3,0
387,17,1129,493,52,158,0.691552,1,11
387,16,1627,447,73,151,0.749412,1,8
387,14,1578,428,46,157,0.713217,1,9
387,13,1429,487,66,161,0.752224,1,7
387,12,1479,473,51,141,0.694570,1,10
387,11,1304,529,82,164,0.788147,1,4
387,10,1239,507,72,166,0.774389,1,5
387,8,1085,542,71,178,0.796814,1,3
387,7,973,520,96,177,0.764584,1,6
387,6,950,527,53,165,0.647351,1,13
387,5,780,543,91,175,0.837991,1,2
387,3,1714,383,205,138,0.842048,3,1
387,2,847,485,251,162,0.689470,3,12
387,1,1524,396,323,147,0.867200,3,0
388,18,1346,476,56,151,0.621607,1,13
388,17,1125,494,53,162,0.702635,1,10
388,16,1627,448,74,149,0.742321,1,6
388,14,1574,428,48,159,0.739465,1,7
388,13,1423,489,72,160,0.783289,1,4
388,12,1479,474,50,141,0.674769,1,12
388,11,1303,529,81,165,0.789194,1,3
388,10,1234,508,71,165,0.735408,1,8
388,8,1084,540,68,180,0.765580,1,5
388,7,967,517,102,180,0.732355,1,9
388,5,778,544,92,176,0.838625,1,2
388,3,1714,384,204,138,0.841503,3,1
388,2,847,485,247,161,0.682477,3,11
388,1,1525,396,323,147,0.865259,3,0
389,18,1345,476,49,152,0.678967,1,12
389,17,1123,494,53,163,0.688441,1,11
389,16,1627,449,72,149,0.729584,1,9
389,14,1569,430,51,156,0.745861,1,6
389,13,1418,488,76,161,0.786852,1,4
389,12,1477,476,50,139,0.667500,1,13
389,11,1305,528,76,166,0.794172,1,3
389,10,1232,506,63,168,0.740253,1,7
389,8,1083,541,60,180,0.759974,1,5
389,7,970,519,98,179,0.738398,1,8
389,5,778,545,91,176,0.848828,1,1
389,3,1715,384,204,138,0.839306,3,2
389,2,846,486,246,158,0.703599,3,10
389,1,1523,395,324,147,0.875075,3,0
390,18,1343,477,49,152,0.679697,1,11
390,17,1122,494,54,162,0.663586,1,12
390,16,1627,449,70,150,0.745883,1,8
390,14,1564,430,54,156,0.744498,1,9
390,13,1417,491,77,160,0.798414,1,3
390,12,1475,476,49,138,0.643431,1,13
390,11,1300,527,78,167,0.787840,1,4
390,10,1229,507,64,168,0.752423,1,6
390,8,1082,544,52,177,0.750412,1,7
390,7,967,524,100,174,0.773671,1,5
390,5,776,546,89,176,0.838198,1,1
390,3,1713,384,205,138,0.836809,3,2
390,2,845,485,246,160,0.728629,3,10
390,1,1523,396,324,147,0.885066,3,0
391,18,1340,479,48,151,0.658915,1,12
391,17,1121,494,52,165,0.679292,1,11
391,16,1627,450,66,149,0.725031,1,9
391,14,1558,431,59,155,0.708076,1,10
391,13,1418,489,76,161,0.803366,1,3
391,12,1474,476,51,139,0.629911,1,14
391,11,1299,527,74,167,0.778510,1,4
391,10,1227,508,58,169,0.770548,1,6
391,8,1079,545,53,178,0.731678,1,8
391,7,971,525,96,173,0.768093,1,7
391,5,773,545,89,175,0.835930,1,2
391,3,1714,384,205,138,0.836213,3,1
391,2,845,485,243,157,0.773725,3,5
391,1,1523,396,324,147,0.887505,3,0
392,18,1338,479,50,154,0.690363,1,11
392,17,1118,495,53,166,0.670781,1,12
392,16,1627,450,62,150,0.729914,1,8
392,14,1551,431,65,156,0.745112,1,7
392,13,1418,493,75,156,0.792864,1,3
392,12,1473,478,50,137,0.637483,1,14
392,11,1299,527,69,167,0.778705,1,4
392,10,1225,508,56,170,0.772534,1,5
392,8,1073,547,57,180,0.712864,1,10
392,7,965,527,98,172,0.753945,1,6
392,6,937,522,52,169,0.627474,1,15
392,5,770,546,87,175,0.824730,1,2
392,3,1715,384,204,138,0.833311,3,1
392,2,845,484,246,160,0.713331,3,9
392,1,1524,395,323,147,0.891448,3,0
393,19,1267,502,49,155,0.668003,1,12
393,18,1337,480,49,154,0.658130,1,13
393,17,1117,495,53,169,0.693350,1,11
393,16,1626,451,59,150,0.729790,1,9
393,14,1546,431,69,156,0.758401,1,6
393,13,1415,493,76,157,0.787385,1,3
393,12,1470,479,49,136,0.646676,1,15
393,11,1299,527,63,168,0.773971,1,4
393,10,1222,508,54,170,0.742104,1,8
393,8,1065,551,68,177,0.711905,1,10
393,7,962,525,98,173,0.759189,1,5
393,6,927,525,57,163,0.742997,1,7
393,5,772,545,76,176,0.815821,1,2
393,3,1715,384,204,138,0.833311,3,1
393,2,845,484,244,158,0.652763,3,14
393,1,1525,395,323,147,0.890862,3,0
394,19,1272,505,43,155,0.661419,1,13
394,18,1336,480,47,155,0.668578,1,12
394,17,1116,495,51,169,0.702467,1,11
394,16,1625,449,55,154,0.741038,1,8
394,14,1543,433,73,153,0.790021,1,5
394,13,1416,492,74,158,0.793560,1,4
394,12,1467,477,51,139,0.614114,1,14
394,11,1300,529,57,167,0.722291,1,10
394,10,1221,509,53,172,0.777039,1,6
394,8,1061,550,65,178,0.737794,1,9
394,7,963,527,92,171,0.744827,1,7
394,6,918,524,64,168,0.794480,1,3
394,5,772,546,71,177,0.803663,1,2
394,3,1714,384,205,138,0.831763,3,1
394,1,1525,395,323,147,0.888485,3,0
395,19,1269,507,43,152,0.697459,1,12
395,18,1333,481,48,154,0.625991,1,13
395,17,1115,495,51,170,0.735017,1,8
395,16,1625,450,51,152,0.731325,1,10
395,14,1541,435,76,153,0.791153,1,3
395,13,1416,490,72,159,0.774196,1,5
395,12,1466,479,49,137,0.621223,1,15
395,11,1299,532,51,164,0.708789,1,11
395,10,1218,511,55,168,0.768953,1,6
395,8,1058,550,63,180,0.734856,1,9
395,7,963,525,88,172,0.741648,1,7
395,6,904,525,76,164,0.786590,1,4
395,5,768,546,68,177,0.791849,1,2
395,3,1714,384,205,138,0.832073,3,1
395,1,1524,395,323,147,0.889860,3,0
396,19,1268,506,42,151,0.684472,1,13
396,18,1332,482,47,153,0.638777,1,15
396,17,1113,495,49,170,0.706992,1,11
396,16,1622,448,50,154,0.709122,1,9
396,14,1539,435,77,153,0.792938,1,2
396,13,1414,490,71,159,0.777229,1,4
396,12,1464,479,47,139,0.692606,1,12
396,11,1296,531,52,166,0.707914,1,10
396,10,1214,512,57,171,0.771021,1,5
396,8,1050,547,71,184,0.715350,1,8
396,7,961,526,83,172,0.778345,1,3
396,6,897,526,83,164,0.766799,1,6
396,5,768,545,59,176,0.765243,1,7
396,3,1715,384,204,138,0.836728,3,1
396,1,1524,396,323,146,0.883791,3,0
397,19,1266,509,42,151,0.651277,1,13
397,18,1330,483,46,152,0.603287,1,14
397,17,1110,495,48,170,0.690788,1,12
397,16,1618,448,55,155,0.695132,1,11
397,14,1540,434,74,155,0.789192,1,4
397,13,1415,490,67,160,0.743991,1,8
397,11,1294,533,52,166,0.720678,1,9
397,10,1208,512,64,171,0.799450,1,3
397,8,1044,547,78,183,0.769675,1,7
397,7,961,526,79,172,0.773284,1,6
397,6,895,526,84,165,0.801498,1,2
397,5,766,546,50,177,0.775606,1,5
397,3,1714,384,205,138,0.837958,3,1
397,2,846,485,228,139,0.699957,3,10
397,1,1523,396,324,146,0.878546,3,0
398,18,1328,484,47,149,0.610095,1,14
398,17,1107,497,49,167,0.686719,1,10
398,16,1611,448,59,157,0.668379,1,11
398,14,1540,434,71,155,0.781590,1,5
398,13,1415,490,65,160,0.759697,1,8
398,11,1291,532,55,168,0.725929,1,9
398,10,1203,512,69,171,0.784264,1,4
398,8,1041,549,79,182,0.790675,1,3
398,7,961,526,70,172,0.765178,1,7
398,6,891,517,89,174,0.796554,1,2
398,5,762,548,49,178,0.779352,1,6
398,3,1714,384,205,138,0.839782,3,1
398,2,845,485,228,145,0.660856,3,12
398,1,1522,396,325,147,0.875883,3,0
399,17,1103,498,50,165,0.728240,1,9
399,16,1610,450,58,156,0.679758,1,12
399,14,1541,433,68,155,0.743421,1,7
399,13,1413,490,58,160,0.758016,1,6
399,11,1289,532,56,168,0.741697,1,8
399,10,1199,514,74,169,0.764536,1,5
399,8,1039,549,81,181,0.811886,1,3
399,7,962,527,60,173,0.672440,1,13
399,6,889,518,89,178,0.828809,1,2
399,5,757,548,52,180,0.792770,1,4
399,3,1713,384,206,138,0.837010,3,1
399,2,845,484,227,161,0.694694,3,10
399,1,1522,396,325,147,0.873582,3,0
400,17,1099,499,54,167,0.722712,1,9
400,16,1611,450,56,155,0.662840,1,12
400,14,1540,433,68,156,0.733978,1,8
400,13,1412,492,55,159,0.765083,1,6
400,12,1458,478,45,144,0.694833,1,10
400,11,1283,532,60,170,0.738498,1,7
400,10,1195,515,76,169,0.787178,1,5
400,8,1037,551,82,181,0.830071,1,2
400,7,967,522,50,179,0.692500,1,11
400,6,888,521,90,175,0.820787,1,3
400,5,753,549,55,182,0.819674,1,4
400,3,1715,383,204,139,0.841724,3,1
400,2,845,484,235,163,0.602657,3,14
400,1,1522,396,325,147,0.871899,3,0
401,17,1094,500,57,166,0.720715,1,8
401,16,1606,452,59,153,0.698530,1,9
401,14,1539,433,65,155,0.696279,1,10
401,13,1403,491,58,161,0.732532,1,7
401,12,1456,478,46,144,0.659096,1,11
401,11,1276,533,64,169,0.754292,1,6
401,10,1194,515,77,169,0.797649,1,4
401,8,1037,552,81,181,0.811590,1,3
401,7,964,523,49,180,0.646813,1,12
401,6,887,522,94,175,0.777147,1,5
401,5,748,548,60,182,0.812919,1,2
401,3,1716,383,203,139,0.842171,3,1
401,2,845,484,257,158,0.616459,3,13
401,1,1523,396,324,147,0.865672,3,0
402,18,1322,485,44,151,0.641444,1,14
402,17,1089,501,62,166,0.707848,1,8
402,16,1600,453,61,152,0.730577,1,7
402,14,1538,433,60,156,0.688968,1,9
402,13,1401,491,55,162,0.684977,1,10
402,12,1453,478,44,141,0.646297,1,13
402,11,1269,533,69,169,0.755349,1,5
402,10,1193,517,70,167,0.788328,1,4
402,8,1036,551,79,182,0.799901,1,3
402,7,957,523,54,182,0.666478,1,11
402,6,884,518,97,183,0.745388,1,6
402,5,737,550,72,180,0.834642,1,2
402,3,1715,383,204,139,0.840170,3,1
402,2,845,485,263,160,0.661555,3,12
402,1,1522,396,324,146,0.863435,3,0
403,18,1319,485,44,152,0.602124,1,15
403,17,1086,501,64,166,0.707543,1,9
403,16,1595,454,64,152,0.762816,1,4
403,14,1536,433,59,156,0.709783,1,8
403,13,1395,488,60,166,0.687300,1,11
403,12,1450,479,47,144,0.628954,1,14
403,11,1272,533,64,171,0.746581,1,6
403,10,1193,517,65,167,0.747598,1,5
403,8,1036,552,75,182,0.775015,1,3
403,7,956,525,53,180,0.682944,1,12
403,6,885,520,89,174,0.732417,1,7
403,5,730,551,77,179,0.831166,1,2
403,3,1716,384,203,139,0.838641,3,1
403,2,845,484,264,166,0.705278,3,10
403,1,1523,396,324,146,0.854361,3,0
404,19,1241,507,49,171,0.657299,1,13
404,17,1082,501,67,167,0.707048,1,10
404,16,1593,454,65,151,0.772838,1,4
404,14,1534,433,56,157,0.709000,1,9
404,13,1391,489,61,166,0.700842,1,11
404,11,1272,532,63,172,0.757548,1,6
404,10,1193,515,62,168,0.742795,1,7
404,8,1037,551,71,183,0.772257,1,5
404,7,945,529,62,179,0.774603,1,3
404,6,886,523,79,168,0.734802,1,8
404,5,726,553,80,178,0.837335,1,2
404,3,1716,384,204,139,0.838581,3,1
404,2,845,485,263,166,0.681256,3,12
404,1,1523,396,323,146,0.853126,3,0
405,19,1233,508,55,160,0.609756,1,13
405,17,1078,502,70,167,0.752344,1,5
405,16,1592,455,64,150,0.756529,1,4
405,14,1529,435,55,153,0.694217,1,10
405,13,1389,489,61,167,0.674165,1,11
405,11,1266,532,69,171,0.727896,1,8
405,10,1191,516,48,166,0.704094,1,9
405,8,1037,552,64,181,0.737034,1,7
405,7,932,528,74,180,0.774171,1,3
405,6,885,523,76,168,0.745901,1,6
405,5,725,552,80,179,0.852535,1,0
405,3,1716,384,203,139,0.839370,3,2
405,1,1523,395,323,147,0.850390,3,1
406,19,1226,509,59,160,0.611701,1,13
406,17,1078,503,71,166,0.762604,1,3
406,16,1591,455,64,151,0.756805,1,5
406,14,1526,434,60,157,0.678816,1,11
406,13,1385,491,64,167,0.729087,1,8
406,11,1266,532,69,169,0.703918,1,10
406,10,1189,516,48,166,0.727984,1,9
406,8,1037,554,59,179,0.738158,1,7
406,7,927,529,78,178,0.761392,1,4
406,6,885,520,69,171,0.740243,1,6
406,5,722,553,81,181,0.864246,1,0
406,3,1718,383,201,139,0.844488,3,2
406,1,1523,395,323,147,0.846751,3,1
407,19,1226,509,55,160,0.619405,1,13
407,17,1077,503,72,166,0.784902,1,3
407,16,1590,454,65,150,0.754226,1,6
407,14,1525,434,60,158,0.683444,1,12
407,13,1383,490,63,168,0.760329,1,5
407,12,1434,479,60,144,0.685979,1,11
407,11,1269,532,67,171,0.727359,1,8
407,10,1186,516,46,167,0.705974,1,10
407,8,1034,554,56,179,0.708395,1,9
407,7,923,529,78,178,0.761351,1,4
407,6,885,519,62,173,0.737950,1,7
407,5,721,555,80,180,0.857095,1,0
407,3,1717,384,201,137,0.853406,3,1
407,1,1522,395,324,147,0.853056,3,2
408,19,1226,510,52,154,0.711007,1,9
408,17,1074,505,74,165,0.786326,1,3
408,16,1589,454,65,152,0.768914,1,4
408,14,1524,434,59,158,0.682123,1,12
408,13,1379,492,67,166,0.767358,1,5
408,12,1433,478,60,145,0.675837,1,13
408,11,1269,535,65,169,0.691807,1,11
408,10,1180,514,50,169,0.693684,1,10
408,8,1031,553,53,180,0.733179,1,7
408,7,920,530,83,177,0.746617,1,6
408,6,884,521,58,170,0.728766,1,8
408,5,718,554,82,182,0.862741,1,0
408,3,1718,383,201,139,0.852707,3,1
408,1,1522,395,324,147,0.849681,3,2
409,19,1225,511,51,152,0.737678,1,7
409,17,1072,504,77,166,0.757148,1,5
409,16,1587,454,64,152,0.771927,1,3
409,14,1522,435,61,160,0.671933,1,13
409,13,1377,497,70,161,0.770942,1,4
409,12,1433,478,62,145,0.721842,1,10
409,11,1264,534,66,169,0.676187,1,12
409,10,1174,516,55,165,0.716541,1,11
409,8,1027,552,50,182,0.742749,1,6
409,7,918,530,84,178,0.731086,1,8
409,6,882,522,50,169,0.722113,1,9
409,5,717,554,77,181,0.844880,1,2
409,3,1719,384,200,138,0.852423,3,0
409,1,1522,395,325,147,0.848905,3,1
410,19,1223,513,49,152,0.704312,1,10
410,18,1310,484,38,152,0.603760,1,14
410,17,1070,506,74,166,0.713521,1,9
410,16,1587,455,60,152,0.744731,1,8
410,14,1518,435,63,160,0.682964,1,11
410,13,1376,495,71,163,0.772856,1,4
410,12,1431,479,61,144,0.745415,1,7
410,11,1262,534,68,170,0.655636,1,13
410,10,1172,516,54,168,0.749714,1,6
410,8,1022,553,49,180,0.750622,1,5
410,7,916,531,83,180,0.786564,1,3
410,6,882,525,48,169,0.682283,1,12
410,5,715,555,71,181,0.824508,1,2
410,3,1717,385,201,137,0.852014,3,1
410,1,1521,395,326,147,0.854049,3,0
411,19,1221,511,47,155,0.744043,1,7
411,18,1309,485,37,152,0.628768,1,13
411,17,1066,504,74,167,0.700195,1,10
411,16,1587,453,57,153,0.731946,1,8
411,14,1517,436,60,159,0.651831,1,12
411,13,1374,495,71,163,0.766668,1,5
411,12,1429,480,60,144,0.725735,1,9
411,10,1165,516,60,169,0.779867,1,4
411,8,1019,553,51,181,0.782163,1,3
411,7,915,530,84,181,0.817067,1,2
411,6,879,528,48,168,0.689737,1,11
411,5,712,558,67,176,0.765896,1,6
411,3,1717,385,201,137,0.853508,3,1
411,1,1521,395,325,147,0.864465,3,0
412,19,1221,510,43,154,0.726215,1,7
412,18,1307,486,38,152,0.629661,1,13
412,17,1067,504,69,167,0.685402,1,9
412,16,1586,454,51,153,0.669447,1,11
412,14,1515,436,61,160,0.667081,1,12
412,13,1374,498,68,161,0.759970,1,5
412,12,1427,479,62,146,0.718038,1,8
412,10,1157,514,66,170,0.780029,1,3
412,8,1012,553,57,181,0.761630,1,4
412,7,914,531,83,181,0.800509,1,2
412,6,873,528,50,168,0.674694,1,10
412,5,709,558,62,176,0.754002,1,6
412,3,1719,384,200,138,0.852172,3,1
412,1,1521,395,325,147,0.861058,3,0
413,19,1220,510,42,154,0.710767,1,8
413,17,1067,504,66,166,0.623077,1,12
413,16,1585,452,47,156,0.671559,1,10
413,14,1504,436,69,159,0.662986,1,11
413,13,1372,498,68,161,0.760001,1,5
413,12,1425,479,62,146,0.711433,1,7
413,10,1145,514,77,170,0.794280,1,2
413,8,1004,554,61,180,0.757441,1,6
413,7,914,531,78,181,0.767257,1,4
413,6,863,528,58,172,0.701252,1,9
413,5,704,557,60,176,0.784908,1,3
413,3,1719,383,200,138,0.855130,3,1
413,1,1524,395,322,148,0.871509,3,0
414,19,1216,511,45,153,0.697100,1,9
414,17,1067,503,58,166,0.671843,1,12
414,16,1584,453,45,155,0.688942,1,10
414,14,1504,437,69,160,0.688492,1,11
414,13,1372,501,66,158,0.747459,1,7
414,12,1425,479,59,145,0.708730,1,8
414,10,1134,515,88,169,0.830935,1,2
414,8,994,555,71,179,0.792075,1,3
414,7,914,532,73,180,0.769276,1,6
414,6,852,529,66,170,0.769341,1,5
414,5,702,558,51,175,0.788071,1,4
414,3,1719,383,200,139,0.855362,3,1
414,1,1527,395,320,148,0.875559,3,0
415,19,1213,510,45,154,0.727500,1,8
415,17,1066,504,54,166,0.740298,1,7
415,16,1580,453,45,154,0.674549,1,11
415,14,1507,439,63,160,0.714257,1,9
415,13,1371,500,63,158,0.708182,1,10
415,12,1426,478,57,147,0.670574,1,12
415,10,1129,515,91,170,0.840989,1,2
415,8,985,554,80,180,0.826839,1,3
415,7,915,533,66,180,0.742957,1,6
415,6,847,531,72,169,0.754178,1,5
415,5,699,559,55,175,0.773323,1,4
415,3,1718,383,201,139,0.857445,3,1
415,1,1528,394,319,148,0.872295,3,0
416,19,1211,510,45,154,0.718673,1,8
416,18,1296,487,48,151,0.659283,1,13
416,17,1061,506,55,169,0.722936,1,7
416,16,1577,454,46,154,0.706676,1,9
416,14,1502,439,68,160,0.745315,1,6
416,13,1370,499,53,159,0.683156,1,11
416,12,1421,478,59,147,0.661254,1,12
416,10,1126,516,94,169,0.841455,1,2
416,8,978,554,85,180,0.832947,1,3
416,7,912,531,68,180,0.704633,1,10
416,6,841,532,76,168,0.778099,1,5
416,5,693,558,59,177,0.799927,1,4
416,3,1717,384,202,137,0.857874,3,1
416,1,1527,394,320,148,0.870060,3,0
417,19,1208,510,45,154,0.696542,1,10
417,18,1294,489,51,149,0.629668,1,13
417,17,1057,509,58,167,0.725478,1,7
417,16,1576,454,46,155,0.700594,1,8
417,14,1498,439,70,160,0.758426,1,6
417,13,1369,499,49,160,0.696856,1,9
417,12,1419,477,57,149,0.667524,1,11
417,10,1128,516,91,169,0.824400,1,3
417,8,972,557,92,179,0.838216,1,2
417,7,914,530,65,182,0.663200,1,12
417,6,840,534,76,165,0.767658,1,5
417,5,688,559,65,175,0.799958,1,4
417,3,1717,385,202,138,0.857722,3,1
417,1,1528,394,318,149,0.867787,3,0
418,19,1205,511,46,151,0.631360,1,13
418,18,1291,487,54,153,0.648936,1,11
418,17,1056,510,56,165,0.710517,1,9
418,16,1572,454,48,155,0.723943,1,8
418,14,1493,439,73,160,0.734402,1,7
418,13,1368,501,50,159,0.672358,1,10
418,12,1414,475,59,149,0.766567,1,5
418,10,1128,518,92,167,0.820446,1,3
418,8,968,560,95,176,0.840491,1,2
418,7,910,531,67,181,0.639294,1,12
418,6,838,537,77,164,0.764895,1,6
418,5,679,560,73,174,0.819479,1,4
418,3,1716,384,203,139,0.850039,3,1
418,1,1528,395,319,148,0.860728,3,0
419,19,1201,512,48,149,0.609547,1,13
419,18,1288,487,56,153,0.669350,1,11
419,17,1052,510,56,170,0.707870,1,10
419,16,1565,454,54,156,0.723475,1,7
419,14,1497,440,68,160,0.708654,1,9
419,13,1365,502,48,158,0.713375,1,8
419,12,1411,475,58,152,0.758134,1,5
419,10,1128,518,92,167,0.818190,1,4
419,8,968,560,95,177,0.848395,1,2
419,7,906,530,58,182,0.650265,1,12
419,6,838,531,79,170,0.742995,1,6
419,5,669,560,83,176,0.834371,1,3
419,3,1715,384,204,139,0.850813,3,1
419,1,1528,395,319,148,0.865505,3,0
420,19,1199,511,47,150,0.674694,1,12
420,18,1286,487,57,152,0.616427,1,15
420,17,1046,510,60,173,0.679992,1,11
420,16,1559,454,58,156,0.732446,1,8
420,14,1497,438,64,162,0.739017,1,7
420,13,1363,502,47,157,0.724377,1,9
420,12,1412,476,54,150,0.761103,1,5
420,10,1127,516,91,168,0.813613,1,4
420,8,965,556,99,181,0.844178,1,3
420,7,901,526,56,187,0.692246,1,10
420,6,837,531,82,171,0.743776,1,6
420,5,659,565,93,171,0.860234,1,1
420,3,1715,384,204,139,0.852735,3,2
420,1,1527,395,319,148,0.875138,3,0
421,19,1195,511,48,148,0.628394,1,13
421,17,1042,509,64,173,0.666689,1,11
421,16,1554,455,61,155,0.715227,1,9
421,14,1497,440,60,160,0.744905,1,7
421,13,1358,502,49,158,0.713689,1,10
421,12,1411,478,53,148,0.736848,1,8
421,10,1128,515,86,169,0.787560,1,4
421,8,965,557,98,181,0.857806,1,2
421,7,894,527,57,185,0.752995,1,6
421,6,836,534,78,169,0.758905,1,5
421,5,657,562,95,176,0.880570,1,0
421,3,1717,384,202,139,0.855409,3,3
421,1,1529,394,318,148,0.876624,3,1
422,19,1191,510,52,153,0.675267,1,13
422,17,1043,510,61,171,0.701697,1,12
422,16,1547,455,68,156,0.758543,1,6
422,14,1497,440,61,160,0.749266,1,7
422,13,1357,500,48,160,0.710633,1,10
422,12,1412,479,51,147,0.719450,1,8
422,10,1127,515,82,169,0.775449,1,5
422,8,966,559,95,179,0.851605,1,2
422,7,890,528,61,184,0.710129,1,11
422,6,837,532,74,171,0.788057,1,4
422,5,656,561,96,177,0.885424,1,0
422,3,1716,383,203,139,0.851322,3,3
422,1,1530,394,317,148,0.868782,3,1
423,20,1235,537,70,168,0.742381,1,7
423,19,1185,510,56,158,0.663028,1,13
423,17,1039,511,62,169,0.715393,1,12
423,16,1542,455,72,155,0.788873,1,4
423,14,1497,439,60,161,0.737822,1,8
423,13,1350,502,55,157,0.770702,1,6
423,12,1411,480,51,150,0.723482,1,11
423,10,1126,515,79,170,0.776912,1,5
423,8,967,558,94,180,0.845887,1,3
423,7,883,529,66,185,0.727290,1,10
423,6,837,532,66,170,0.736101,1,9
423,5,657,562,95,178,0.869577,1,0
423,3,1715,384,204,139,0.849317,3,2
423,1,1530,394,317,150,0.868911,3,1
424,20,1232,535,74,171,0.752417,1,6
424,19,1180,512,58,161,0.696798,1,12
424,17,1041,515,58,169,0.730017,1,10
424,16,1540,456,74,155,0.796959,1,4
424,14,1496,440,59,161,0.747060,1,7
424,13,1340,500,65,160,0.770734,1,5
424,12,1408,481,52,150,0.726959,1,11
424,10,1124,514,75,169,0.746080,1,8
424,8,966,559,90,179,0.812711,1,3
424,7,876,527,70,187,0.733718,1,9
424,6,835,534,60,170,0.691909,1,13
424,5,657,562,94,179,0.867322,1,1
424,3,1715,384,204,139,0.851248,3,2
424,1,1530,394,318,151,0.875928,3,0
425,20,1233,536,73,169,0.738510,1,8
425,19,1180,513,56,162,0.655042,1,13
425,17,1035,516,62,168,0.731446,1,10
425,16,1541,457,73,155,0.785280,1,3
425,14,1494,439,56,161,0.768544,1,6
425,13,1331,501,73,159,0.774873,1,5
425,12,1409,482,49,148,0.709891,1,11
425,10,1123,515,71,169,0.748416,1,7
425,8,966,560,88,178,0.783055,1,4
425,7,868,528,77,186,0.734581,1,9
425,6,833,531,50,175,0.658139,1,12
425,5,656,563,89,178,0.853265,1,1
425,3,1714,384,205,139,0.842978,3,2
425,1,1531,395,316,151,0.870988,3,0
426,20,1232,536,73,169,0.741253,1,7
426,19,1178,514,53,157,0.683986,1,12
426,17,1033,516,61,169,0.740572,1,8
426,16,1542,457,72,155,0.787753,1,3
426,14,1492,440,56,159,0.761852,1,5
426,13,1324,499,80,161,0.777324,1,4
426,12,1404,481,50,149,0.732052,1,10
426,10,1120,515,67,169,0.722306,1,11
426,8,966,558,81,181,0.756840,1,6
426,7,860,535,84,179,0.733155,1,9
426,6,832,533,50,172,0.655243,1,13
426,5,656,563,87,178,0.841538,1,1
426,3,1711,385,208,138,0.834719,3,2
426,1,1531,395,316,151,0.877185,3,0
427,20,1228,535,76,171,0.747089,1,7
427,19,1172,514,56,151,0.704745,1,12
427,17,1028,517,65,168,0.701599,1,13
427,16,1540,458,72,154,0.780878,1,3
427,14,1489,441,59,158,0.743193,1,8
427,13,1322,499,82,162,0.773761,1,4
427,12,1402,481,52,149,0.724670,1,9
427,10,1117,517,65,169,0.708322,1,10
427,8,966,560,76,178,0.767069,1,6
427,7,858,535,87,178,0.773648,1,5
427,6,828,533,49,172,0.705570,1,11
427,5,655,564,87,178,0.817521,1,2
427,3,1714,384,205,139,0.834973,3,1
427,1,1531,396,316,150,0.869309,3,0
428,20,1227,533,77,172,0.750959,1,7
428,19,1166,514,60,156,0.704086,1,10
428,17,1024,518,63,168,0.687342,1,12
428,16,1540,457,71,155,0.776219,1,5
428,14,1482,441,66,159,0.740600,1,8
428,13,1321,500,83,162,0.789487,1,2
428,12,1401,481,51,148,0.729399,1,9
428,10,1117,516,60,171,0.674420,1,13
428,8,964,558,71,181,0.754480,1,6
428,7,855,536,91,180,0.777480,1,4
428,6,822,531,56,175,0.687940,1,11
428,5,657,564,79,178,0.787000,1,3
428,3,1714,384,205,139,0.833390,3,1
428,1,1529,396,318,150,0.874673,3,0
429,20,1223,537,80,168,0.762842,1,6
429,19,1163,514,60,156,0.693551,1,12
429,17,1023,518,58,169,0.688609,1,13
429,16,1540,456,70,156,0.777314,1,3
429,14,1475,441,69,162,0.719698,1,10
429,13,1320,499,83,162,0.787792,1,2
429,12,1399,481,51,148,0.731544,1,9
429,10,1114,516,67,172,0.745634,1,7
429,8,963,560,66,178,0.732099,1,8
429,7,844,536,101,179,0.768173,1,4
429,6,818,532,51,172,0.699728,1,11
429,5,655,564,65,178,0.765904,1,5
429,3,1714,384,205,140,0.840364,3,1
429,1,1529,396,318,151,0.863168,3,0
430,20,1220,537,81,168,0.774325,1,5
430,19,1160,512,62,159,0.776122,1,4
430,17,1023,518,55,170,0.685434,1,13
430,16,1540,456,68,156,0.773741,1,6
430,14,1470,443,69,159,0.739649,1,11
430,13,1318,502,84,160,0.813551,1,2
430,12,1396,483,52,148,0.721155,1,12
430,11,1208,546,40,146,0.630624,1,14
430,10,1110,516,64,173,0.749911,1,8
430,8,956,558,67,180,0.749037,1,9
430,7,844,539,98,177,0.789566,1,3
430,6,811,531,56,173,0.741097,1,10
430,5,652,565,54,176,0.759816,1,7
430,3,1714,384,206,139,0.840634,3,1
430,1,1526,396,321,147,0.866804,3,0
431,20,1221,539,81,166,0.739763,1,10
431,19,1159,512,61,159,0.760142,1,7
431,17,1021,517,55,170,0.638337,1,13
431,16,1539,455,66,158,0.757077,1,9
431,14,1463,443,75,159,0.757384,1,8
431,13,1318,502,83,159,0.800846,1,3
431,12,1394,484,54,146,0.703039,1,12
431,11,1207,548,39,145,0.623594,1,14
431,10,1109,516,64,176,0.715113,1,11
431,8,956,558,60,184,0.773024,1,6
431,7,844,539,97,178,0.809168,1,2
431,6,799,532,67,173,0.787148,1,4
431,5,651,567,52,175,0.782867,1,5
431,3,1713,384,206,139,0.837174,3,1
431,1,1527,396,320,150,0.875039,3,0
432,20,1218,535,80,170,0.728775,1,11
432,19,1158,510,58,159,0.732468,1,10
432,17,1017,517,57,169,0.642121,1,13
432,16,1539,456,62,157,0.761483,1,7
432,14,1459,445,79,157,0.741008,1,9
432,13,1318,502,80,159,0.774580,1,5
432,12,1392,487,54,143,0.691303,1,12
432,11,1207,544,36,150,0.638069,1,14
432,10,1108,518,67,177,0.760118,1,8
432,8,954,559,55,184,0.792056,1,4
432,7,843,539,97,179,0.796632,1,3
432,6,785,536,78,170,0.820910,1,2
432,5,646,567,47,176,0.769975,1,6
432,3,1713,384,206,139,0.837392,3,1
432,1,1527,396,320,150,0.888184,3,0
433,20,1220,536,77,171,0.719991,1,9
433,19,1157,512,55,159,0.702688,1,11
433,17,1013,517,59,168,0.683090,1,13
433,16,1539,456,58,157,0.700115,1,12
433,14,1459,445,78,156,0.761123,1,7
433,13,1320,499,74,162,0.766332,1,6
433,12,1389,486,58,145,0.712053,1,10
433,11,1201,546,40,151,0.607815,1,15
433,10,1104,520,65,172,0.742772,1,8
433,8,954,558,52,187,0.766972,1,5
433,7,842,538,95,178,0.805589,1,3
433,6,779,538,84,169,0.812226,1,2
433,5,641,567,50,182,0.787788,1,4
433,3,1714,384,206,139,0.841799,3,1
433,1,1526,396,321,150,0.897595,3,0
434,20,1220,537,73,169,0.717994,1,8
434,19,1160,512,49,160,0.700840,1,11
434,17,1010,518,61,167,0.695013,1,12
434,16,1538,457,58,156,0.682588,1,13
434,14,1457,447,80,157,0.753075,1,5
434,13,1319,499,72,162,0.720597,1,7
434,12,1387,486,58,144,0.704515,1,10
434,11,1199,545,40,149,0.622855,1,15
434,10,1101,518,64,176,0.735037,1,6
434,8,946,561,58,186,0.714896,1,9
434,7,842,538,93,178,0.790229,1,4
434,6,773,542,89,167,0.812523,1,2
434,5,637,568,54,183,0.803289,1,3
434,3,1714,384,206,139,0.839868,3,1
434,1,1525,395,321,150,0.899228,3,0
435,20,1221,535,67,169,0.711265,1,10
435,19,1160,513,46,161,0.723225,1,9
435,18,1255,488,48,154,0.680696,1,13
435,17,1014,516,54,168,0.664578,1,14
435,16,1537,457,49,156,0.634120,1,15
435,14,1456,446,79,158,0.753977,1,6
435,13,1318,498,67,162,0.725126,1,8
435,12,1388,485,53,144,0.690766,1,11
435,11,1192,544,44,150,0.683078,1,12
435,10,1100,519,60,177,0.761949,1,4
435,8,940,560,62,189,0.760698,1,5
435,7,841,541,89,176,0.745644,1,7
435,6,771,540,91,170,0.809304,1,3
435,5,633,568,61,185,0.819319,1,2
435,3,1714,384,205,139,0.839266,3,1
435,1,1525,395,322,150,0.900134,3,0
436,20,1219,535,65,169,0.699325,1,11
436,19,1158,513,46,157,0.730237,1,8
436,18,1255,489,47,154,0.698238,1,12
436,17,1004,517,59,166,0.700077,1,10
436,16,1537,456,50,158,0.649596,1,15
436,14,1456,446,80,157,0.791814,1,4
436,13,1318,497,61,163,0.721983,1,9
436,12,1388,485,52,143,0.680905,1,14
436,11,1185,544,50,150,0.683655,1,13
436,10,1099,521,58,175,0.758456,1,6
436,8,932,562,70,186,0.776661,1,5
436,7,843,539,83,178,0.734431,1,7
436,6,770,539,93,173,0.820375,1,3
436,5,624,568,70,185,0.826532,1,2
436,3,1714,384,205,140,0.843757,3,1
436,1,1524,395,322,151,0.898253,3,0
437,20,1219,535,62,169,0.654021,1,13
437,19,1155,513,46,158,0.735370,1,10
437,18,1252,491,49,152,0.741117,1,8
437,17,1002,517,62,167,0.713046,1,11
437,16,1534,457,53,157,0.650761,1,14
437,14,1457,447,79,157,0.771704,1,5
437,13,1314,498,57,161,0.739565,1,9
437,12,1388,484,47,145,0.644533,1,15
437,11,1174,543,58,153,0.690854,1,12
437,10,1099,522,57,174,0.754756,1,7
437,8,925,564,76,185,0.788084,1,4
437,7,844,542,78,175,0.763432,1,6
437,6,768,541,94,170,0.830961,1,3
437,5,618,570,78,184,0.832433,1,2
437,3,1713,385,206,138,0.841411,3,1
437,1,1524,395,322,151,0.900540,3,0
438,19,1151,513,47,167,0.701933,1,9
438,18,1252,491,47,150,0.719685,1,8
438,17,1003,517,61,167,0.677963,1,12
438,16,1533,458,54,158,0.687616,1,11
438,14,1456,445,74,158,0.773152,1,5
438,13,1313,498,54,162,0.742714,1,6
438,12,1385,484,48,146,0.623077,1,14
438,11,1161,546,76,148,0.663276,1,13
438,10,1098,522,54,173,0.689804,1,10
438,8,920,563,82,184,0.792158,1,4
438,7,847,541,67,175,0.730634,1,7
438,6,766,543,98,171,0.841086,1,3
438,5,611,571,84,183,0.855216,1,1
438,3,1716,383,204,140,0.841131,3,2
438,1,1525,395,321,151,0.903106,3,0
439,19,1150,513,46,170,0.680665,1,11
439,18,1250,491,47,151,0.707155,1,8
439,17,997,519,64,168,0.735521,1,6
439,16,1531,458,57,161,0.682646,1,10
439,14,1457,445,71,158,0.752608,1,5
439,13,1309,498,56,163,0.646257,1,13
439,12,1380,484,50,143,0.620407,1,15
439,11,1159,547,79,147,0.665368,1,12
439,10,1095,522,51,173,0.702764,1,9
439,8,919,566,81,182,0.790837,1,4
439,7,845,541,62,176,0.713699,1,7
439,6,766,541,95,169,0.817648,1,3
439,5,609,574,86,181,0.852916,1,1
439,3,1714,384,205,138,0.840358,3,2
439,1,1525,395,321,151,0.898914,3,0
440,19,1148,513,46,159,0.650129,1,13
440,18,1249,492,47,151,0.712675,1,7
440,17,992,520,70,166,0.720666,1,6
440,16,1528,458,57,161,0.679370,1,12
440,14,1455,447,69,156,0.766471,1,5
440,13,1305,498,59,165,0.682619,1,11
440,12,1380,485,48,143,0.626373,1,15
440,11,1158,548,79,149,0.699277,1,8
440,10,1092,522,51,174,0.685665,1,10
440,8,915,571,85,180,0.809263,1,3
440,7,844,541,53,177,0.692141,1,9
440,6,766,542,93,168,0.798084,1,4
440,5,608,575,84,179,0.851111,1,1
440,3,1712,385,207,138,0.842057,3,2
440,1,1525,395,321,151,0.894637,3,0
441,19,1145,513,46,168,0.672884,1,13
441,18,1248,492,46,150,0.719779,1,8
441,17,986,517,76,170,0.692829,1,10
441,16,1522,460,61,160,0.706154,1,9
441,14,1453,448,72,156,0.764968,1,5
441,13,1308,500,55,168,0.728859,1,6
441,12,1380,486,46,145,0.635568,1,14
441,11,1155,548,79,148,0.725289,1,7
441,10,1088,521,53,175,0.688366,1,11
441,8,912,568,87,183,0.806192,1,3
441,7,842,537,53,180,0.679866,1,12
441,6,766,541,88,168,0.788317,1,4
441,5,606,575,80,180,0.848349,1,1
441,3,1715,383,204,140,0.837038,3,2
441,1,1523,395,322,151,0.886630,3,0
442,19,1138,513,52,168,0.676626,1,13
442,18,1247,492,46,149,0.703485,1,8
442,17,981,521,79,167,0.710901,1,7
442,16,1520,460,61,156,0.699697,1,9
442,14,1451,446,62,156,0.750157,1,5
442,13,1303,499,59,169,0.699061,1,10
442,12,1378,484,46,146,0.655238,1,14
442,11,1154,550,72,145,0.741341,1,6
442,10,1085,522,55,173,0.640077,1,15
442,8,912,567,86,184,0.813911,1,3
442,7,840,534,56,185,0.687231,1,11
442,6,767,539,79,167,0.808750,1,4
442,5,606,577,79,179,0.835805,1,2
442,3,1716,384,204,139,0.838988,3,1
442,1,1523,394,323,151,0.882881,3,0
443,20,1209,537,48,169,0.668050,1,11
443,19,1135,512,52,164,0.657778,1,13
443,18,1247,492,46,151,0.667009,1,12
443,17,979,524,81,164,0.722021,1,7
443,16,1517,460,62,156,0.703445,1,9
443,14,1446,445,63,157,0.737668,1,5
443,13,1294,499,67,171,0.717984,1,8
443,12,1376,485,48,149,0.636118,1,14
443,11,1155,550,69,147,0.724524,1,6
443,8,912,567,87,184,0.813060,1,3
443,7,835,543,61,181,0.669319,1,10
443,6,767,540,70,166,0.785636,1,4
443,5,603,577,77,177,0.832760,1,2
443,3,1716,384,203,139,0.841318,3,1
443,1,1523,394,323,151,0.893299,3,0
444,20,1201,536,57,169,0.740850,1,5
444,19,1133,515,50,159,0.634755,1,14
444,18,1246,492,45,153,0.603579,1,15
444,17,977,526,83,163,0.734485,1,6
444,16,1514,460,64,157,0.702115,1,11
444,14,1444,445,63,158,0.714705,1,7
444,13,1289,499,68,168,0.712666,1,8
444,12,1372,485,50,149,0.643077,1,13
444,11,1154,548,62,148,0.705026,1,10
444,8,911,563,84,188,0.791573,1,3
444,7,831,538,64,189,0.709269,1,9
444,6,767,542,62,165,0.787350,1,4
444,5,604,578,69,179,0.832944,1,2
444,3,1714,386,205,138,0.847139,3,1
444,1,1522,394,323,150,0.895784,3,0
445,20,1196,536,60,169,0.716200,1,9
445,19,1131,516,49,159,0.640658,1,15
445,18,1244,493,47,153,0.640961,1,14
445,17,976,528,82,161,0.745261,1,7
445,16,1510,462,61,160,0.713596,1,10
445,14,1443,446,65,157,0.696077,1,11
445,13,1286,500,68,169,0.746377,1,6
445,12,1362,486,59,149,0.677018,1,13
445,11,1154,547,62,149,0.679533,1,12
445,8,911,566,79,185,0.779826,1,3
445,7,822,538,72,188,0.753714,1,5
445,6,764,542,56,165,0.770713,1,4
445,5,599,577,71,180,0.799437,1,2
445,3,1716,384,203,139,0.845606,3,1
445,1,1523,394,323,151,0.897881,3,0
446,20,1190,534,65,172,0.724469,1,10
446,19,1126,515,53,164,0.685465,1,13
446,18,1242,492,47,156,0.639992,1,14
446,17,972,527,84,161,0.760077,1,6
446,16,1507,462,63,160,0.723088,1,11
446,14,1439,445,63,161,0.743666,1,8
446,13,1281,499,71,170,0.751448,1,7
446,12,1355,484,64,150,0.719276,1,12
446,11,1158,546,49,150,0.635746,1,15
446,10,1068,524,60,173,0.725737,1,9
446,8,911,569,73,182,0.766853,1,5
446,7,813,539,79,187,0.783953,1,2
446,6,758,540,55,169,0.781725,1,3
446,5,596,578,62,179,0.776911,1,4
446,3,1718,383,201,139,0.851443,3,1
446,1,1523,394,323,151,0.899228,3,0
447,20,1186,533,68,173,0.721080,1,13
447,19,1123,514,54,170,0.721917,1,12
447,17,974,528,81,159,0.740151,1,10
447,16,1507,463,60,159,0.732980,1,11
447,14,1437,445,66,162,0.754348,1,8
447,13,1277,501,72,170,0.763080,1,6
447,12,1353,483,66,152,0.777295,1,4
447,11,1156,547,48,151,0.681906,1,14
447,10,1062,524,66,173,0.751935,1,9
447,8,911,567,67,184,0.782709,1,3
447,7,804,540,84,184,0.806865,1,2
447,6,753,540,54,171,0.764121,1,5
447,5,592,577,57,179,0.761395,1,7
447,3,1718,383,201,139,0.850170,3,1
447,1,1523,394,323,151,0.891699,3,0
448,20,1185,535,69,169,0.761114,1,10
448,19,1122,516,50,168,0.679697,1,13
448,17,972,526,78,163,0.740972,1,12
448,16,1506,464,59,159,0.749142,1,11
448,14,1438,446,61,163,0.770385,1,4
448,13,1279,503,68,168,0.769786,1,5
448,12,1347,483,71,152,0.761869,1,9
448,11,1157,546,44,152,0.644856,1,15
448,10,1055,527,71,170,0.763468,1,8
448,8,911,568,64,183,0.765567,1,7
448,7,798,542,88,184,0.817171,1,2
448,6,747,540,59,172,0.790812,1,3
448,5,589,577,58,179,0.765625,1,6
448,3,1718,384,201,139,0.840804,3,1
448,1,1523,395,324,148,0.883083,3,0
449,20,1179,538,76,166,0.782938,1,4
449,19,1119,517,52,159,0.655040,1,15
449,17,970,526,75,162,0.706872,1,13
449,16,1505,463,58,159,0.713761,1,11
449,14,1438,446,61,163,0.775984,1,5
449,13,1278,505,68,166,0.745524,1,9
449,12,1347,483,71,152,0.747005,1,8
449,11,1157,544,42,154,0.677936,1,14
449,10,1046,524,79,172,0.770363,1,7
449,8,907,569,56,181,0.721234,1,10
449,7,794,543,86,182,0.802976,1,2
449,6,741,541,63,176,0.773275,1,6
449,5,585,577,54,180,0.795710,1,3
449,3,1717,384,202,139,0.843369,3,1
449,1,1523,395,324,148,0.887961,3,0
450,20,1181,538,75,166,0.792405,1,6
450,19,1117,518,51,157,0.666582,1,15
450,18,1236,493,47,155,0.733274,1,12
450,17,967,526,74,164,0.703271,1,13
450,16,1503,465,55,157,0.747355,1,10
450,14,1435,447,61,163,0.781345,1,7
450,13,1277,504,68,167,0.740163,1,11
450,12,1347,484,71,151,0.769848,1,8
450,11,1153,548,45,148,0.694164,1,14
450,10,1043,525,82,174,0.796256,1,5
450,8,903,567,52,184,0.767559,1,9
450,7,791,543,87,185,0.806114,1,4
450,6,736,542,66,174,0.820536,1,2
450,5,582,577,56,180,0.806771,1,3
450,3,1720,384,200,139,0.845535,3,1
450,1,1523,394,324,148,0.881864,3,0
451,20,1174,537,81,168,0.802587,1,4
451,19,1115,516,49,163,0.665754,1,15
451,18,1234,494,48,153,0.735156,1,9
451,17,965,525,71,163,0.715044,1,13
451,16,1503,465,53,157,0.718712,1,11
451,14,1434,448,61,161,0.787580,1,6
451,13,1278,505,66,166,0.715774,1,12
451,12,1347,486,70,148,0.720408,1,10
451,11,1148,547,47,149,0.676470,1,14
451,10,1041,525,85,175,0.828506,1,2
451,8,899,568,49,183,0.783419,1,8
451,7,786,546,91,183,0.816750,1,3
451,6,731,544,69,172,0.801000,1,5
451,5,576,578,61,179,0.786963,1,7
451,3,1720,384,200,139,0.845276,3,1
451,1,1523,394,324,148,0.885574,3,0
452,20,1168,536,86,169,0.768143,1,7
452,19,1114,517,46,161,0.696687,1,12
452,18,1232,493,49,151,0.708619,1,11
452,17,965,525,63,164,0.710116,1,10
452,16,1504,464,50,158,0.710307,1,9
452,14,1433,449,58,161,0.775299,1,6
452,13,1279,506,61,166,0.686882,1,13
452,12,1345,486,71,148,0.684093,1,14
452,11,1143,547,50,147,0.678257,1,15
452,10,1039,526,87,174,0.810114,1,4
452,8,894,570,50,181,0.759916,1,8
452,7,787,543,91,187,0.823970,1,2
452,6,724,546,76,167,0.823369,1,3
452,5,574,579,63,179,0.796119,1,5
452,3,1719,384,200,139,0.845450,3,1
452,1,1523,394,324,148,0.886989,3,0
453,20,1178,534,74,171,0.785809,1,7
453,19,1113,517,43,160,0.663633,1,13
453,18,1231,493,49,151,0.722522,1,10
453,17,964,525,57,164,0.652591,1,15
453,16,1503,464,48,158,0.729660,1,9
453,14,1431,451,58,161,0.785932,1,6
453,13,1278,507,59,165,0.698242,1,12
453,12,1344,487,71,147,0.708134,1,11
453,11,1143,546,49,158,0.662587,1,14
453,10,1039,527,86,175,0.791427,1,5
453,8,889,570,54,182,0.769841,1,8
453,7,787,544,88,187,0.827547,1,4
453,6,721,547,79,167,0.851068,1,1
453,5,565,580,71,180,0.837073,1,3
453,3,1716,384,203,139,0.843759,3,2
453,1,1524,395,323,148,0.889636,3,0
454,20,1175,534,76,172,0.786735,1,7
454,19,1111,516,44,160,0.605976,1,14
454,18,1230,494,50,150,0.719841,1,10
454,16,1502,464,47,159,0.722157,1,9
454,14,1426,451,62,158,0.778474,1,8
454,13,1279,506,52,166,0.694707,1,12
454,12,1342,487,70,147,0.690463,1,13
454,11,1137,546,52,154,0.699049,1,11
454,10,1039,528,86,174,0.787961,1,6
454,8,881,569,62,183,0.797692,1,5
454,7,787,544,85,187,0.818996,1,4
454,6,718,546,82,169,0.835118,1,3
454,5,558,580,78,181,0.849342,1,1
454,3,1719,384,200,139,0.844372,3,2
454,1,1524,394,323,148,0.885337,3,0
455,20,1178,536,73,170,0.776105,1,7
455,19,1107,514,45,160,0.600064,1,14
455,18,1227,495,52,149,0.698308,1,11
455,16,1501,464,45,158,0.700225,1,10
455,14,1427,452,59,163,0.764786,1,8
455,13,1278,507,49,165,0.664196,1,13
455,12,1342,486,70,148,0.669586,1,12
455,11,1130,548,57,152,0.714162,1,9
455,10,1039,527,82,174,0.790348,1,5
455,8,867,570,75,183,0.843983,1,2
455,7,786,545,82,186,0.781996,1,6
455,6,715,546,82,169,0.827202,1,4
455,5,551,582,85,182,0.860432,1,1
455,3,1719,384,200,139,0.842183,3,3
455,1,1525,394,323,148,0.884194,3,0
456,20,1177,535,73,171,0.771509,1,8
456,18,1224,494,55,152,0.698582,1,10
456,16,1495,464,50,159,0.704391,1,9
456,14,1424,451,63,162,0.781201,1,7
456,13,1276,506,46,166,0.662216,1,13
456,12,1339,487,69,148,0.650359,1,14
456,11,1126,547,59,157,0.694709,1,11
456,10,1039,527,83,175,0.782325,1,6
456,8,859,575,83,178,0.859491,1,1
456,7,787,545,73,186,0.798708,1,5
456,6,713,546,84,172,0.826378,1,4
456,5,547,583,89,183,0.852439,1,2
456,3,1718,384,201,139,0.845050,3,3
456,1,1525,394,323,148,0.886871,3,0
457,20,1176,533,72,173,0.773879,1,8
457,18,1218,496,58,151,0.721963,1,9
457,16,1493,464,50,159,0.708038,1,11
457,14,1423,452,61,161,0.790737,1,5
457,13,1274,506,44,167,0.677328,1,13
457,12,1341,487,64,146,0.709866,1,10
457,11,1121,547,62,155,0.692021,1,12
457,10,1039,528,78,174,0.787614,1,6
457,8,851,578,91,176,0.843088,1,2
457,7,786,545,67,187,0.774920,1,7
457,6,711,546,86,173,0.807631,1,4
457,5,549,583,87,182,0.852721,1,1
457,3,1717,384,202,139,0.837836,3,3
457,1,1525,395,322,148,0.887971,3,0
458,20,1173,532,73,174,0.778344,1,5
458,18,1215,495,60,152,0.721357,1,11
458,17,947,528,59,169,0.703516,1,13
458,16,1491,465,47,158,0.721866,1,10
458,14,1423,452,58,161,0.766702,1,6
458,13,1272,505,43,166,0.697103,1,14
458,12,1339,487,62,144,0.708190,1,12
458,11,1113,550,70,150,0.733793,1,9
458,10,1039,528,73,172,0.764214,1,7
458,8,844,577,97,178,0.846883,1,2
458,7,786,546,58,185,0.748412,1,8
458,6,710,546,81,171,0.794811,1,4
458,5,547,584,87,182,0.856422,1,1
458,3,1717,384,202,139,0.836747,3,3
458,1,1525,395,322,148,0.886404,3,0
459,20,1173,533,70,173,0.724084,1,9
459,18,1215,496,59,152,0.711412,1,12
459,17,940,528,65,168,0.731324,1,7
459,16,1486,463,53,161,0.711272,1,13
459,14,1423,453,57,162,0.763051,1,5
459,13,1269,506,45,165,0.714943,1,11
459,12,1339,487,57,145,0.673968,1,14
459,11,1116,553,69,150,0.716037,1,10
459,10,1039,529,70,173,0.736133,1,6
459,8,844,576,98,180,0.867108,1,1
459,7,784,547,53,185,0.730953,1,8
459,6,707,545,79,173,0.792240,1,4
459,5,546,584,86,183,0.854660,1,2
459,3,1718,384,201,139,0.838389,3,3
459,1,1525,395,322,148,0.884942,3,0
460,20,1174,534,66,173,0.678503,1,13
460,18,1213,496,61,152,0.734810,1,9
460,17,936,530,69,170,0.751209,1,6
460,16,1479,464,58,159,0.719267,1,10
460,14,1425,453,52,160,0.743117,1,8
460,13,1266,506,47,166,0.704567,1,12
460,12,1337,488,58,146,0.634052,1,14
460,11,1113,553,69,150,0.748866,1,7
460,10,1039,529,62,172,0.708913,1,11
460,8,841,577,101,179,0.870521,1,1
460,7,781,546,50,186,0.778721,1,4
460,6,707,546,73,172,0.763429,1,5
460,5,546,585,82,183,0.842623,1,2
460,3,1716,384,203,139,0.836517,3,3
460,1,1525,396,322,147,0.889920,3,0
461,20,1173,538,63,168,0.699633,1,11
461,18,1213,497,59,151,0.736588,1,8
461,17,933,530,70,171,0.749402,1,5
461,16,1473,464,63,161,0.725466,1,9
461,14,1424,453,50,161,0.743537,1,7
461,13,1258,506,52,166,0.691015,1,13
461,12,1334,487,57,146,0.652038,1,14
461,11,1112,553,69,151,0.744463,1,6
461,10,1036,531,56,171,0.691275,1,12
461,8,840,577,102,179,0.865491,1,1
461,7,776,547,51,184,0.761528,1,4
461,6,704,547,72,171,0.722930,1,10
461,5,545,586,79,183,0.827148,1,3
461,3,1716,384,203,139,0.837512,3,2
461,1,1525,396,322,147,0.887893,3,0
462,20,1174,538,59,168,0.676727,1,13
462,18,1210,499,59,146,0.737635,1,8
462,17,931,530,73,170,0.751124,1,6
462,16,1468,465,66,160,0.769068,1,4
462,14,1424,452,49,162,0.735462,1,10
462,13,1248,507,62,166,0.749125,1,7
462,12,1322,487,66,147,0.699101,1,12
462,11,1113,552,67,152,0.732814,1,11
462,10,1032,530,53,172,0.666153,1,14
462,8,840,578,102,178,0.860571,1,1
462,7,770,546,55,184,0.763365,1,5
462,6,705,546,53,173,0.737057,1,9
462,5,544,585,75,183,0.810559,1,3
462,3,1718,384,202,139,0.842416,3,2
462,1,1525,395,322,148,0.888935,3,0
463,20,1174,538,55,168,0.641480,1,15
463,18,1210,501,57,147,0.726265,1,11
463,17,931,530,71,171,0.747074,1,8
463,16,1466,468,68,157,0.784813,1,5
463,14,1422,453,49,162,0.740479,1,9
463,13,1242,508,69,164,0.783142,1,6
463,12,1328,487,59,148,0.732380,1,10
463,11,1113,550,65,153,0.718545,1,12
463,10,1026,530,54,177,0.656344,1,14
463,8,840,577,98,178,0.838267,1,1
463,7,767,546,56,185,0.801550,1,4
463,6,703,546,54,172,0.772547,1,7
463,5,541,585,76,184,0.821665,1,3
463,3,1716,384,203,139,0.832688,3,2
463,1,1525,396,323,147,0.891332,3,0
464,20,1173,538,51,169,0.651581,1,15
464,19,1065,515,64,166,0.705311,1,12
464,18,1209,497,58,151,0.749263,1,8
464,17,930,533,72,169,0.722267,1,10
464,16,1460,467,73,158,0.795067,1,6
464,14,1417,453,52,162,0.748227,1,9
464,13,1232,509,79,163,0.800177,1,5
464,12,1329,487,54,150,0.706331,1,11
464,11,1112,551,58,153,0.674235,1,14
464,10,1023,532,55,176,0.685174,1,13
464,8,838,572,97,184,0.853378,1,1
464,7,761,548,60,183,0.807643,1,3
464,6,700,546,51,175,0.791031,1,7
464,5,538,586,77,183,0.805428,1,4
464,3,1715,384,204,139,0.836892,3,2
464,1,1525,396,322,147,0.892417,3,0
465,20,1172,536,45,171,0.665432,1,12
465,19,1063,519,66,166,0.651057,1,13
465,18,1209,498,56,152,0.739526,1,8
465,17,928,531,73,171,0.702476,1,11
465,16,1461,467,72,160,0.798413,1,4
465,14,1415,453,51,162,0.733188,1,9
465,13,1229,510,81,163,0.797613,1,5
465,12,1327,490,55,149,0.712733,1,10
465,10,1019,533,61,177,0.627792,1,14
465,8,838,570,94,186,0.872002,1,1
465,7,751,547,68,185,0.812902,1,3
465,6,698,546,49,173,0.780894,1,7
465,5,535,585,62,184,0.782671,1,6
465,3,1716,384,204,139,0.831381,3,2
465,1,1525,396,323,147,0.892495,3,0
466,20,1169,536,43,171,0.667662,1,14
466,19,1064,518,60,163,0.714837,1,10
466,18,1207,497,54,151,0.757938,1,8
466,17,927,531,67,172,0.706312,1,11
466,16,1459,467,73,160,0.802590,1,4
466,14,1410,453,54,161,0.741994,1,9
466,13,1227,510,83,163,0.802580,1,5
466,12,1327,491,52,147,0.681347,1,13
466,10,1016,532,58,177,0.683092,1,12
466,8,838,566,88,190,0.857173,1,1
466,7,739,550,80,182,0.825012,1,3
466,6,694,546,51,173,0.781421,1,7
466,5,530,585,61,185,0.800636,1,6
466,3,1716,384,204,139,0.831925,3,2
466,1,1525,396,323,147,0.894931,3,0
467,20,1167,533,43,173,0.663006,1,13
467,19,1062,520,62,162,0.657194,1,14
467,18,1205,495,54,156,0.767973,1,8
467,17,924,531,68,172,0.695180,1,12
467,16,1458,469,75,160,0.803739,1,6
467,14,1406,454,55,160,0.752190,1,9
467,13,1223,511,86,163,0.822678,1,4
467,12,1324,491,53,142,0.719007,1,11
467,10,1010,531,63,179,0.732181,1,10
467,8,838,564,83,191,0.825484,1,3
467,7,726,552,92,181,0.840513,1,1
467,6,686,547,58,171,0.811548,1,5
467,5,527,585,59,186,0.779192,1,7
467,3,1717,384,203,139,0.831035,3,2
467,1,1525,396,323,147,0.891579,3,0
468,20,1165,534,45,172,0.694786,1,12
468,19,1062,519,62,162,0.605488,1,14
468,18,1203,495,55,156,0.739411,1,10
468,17,922,529,65,173,0.664290,1,13
468,16,1457,468,75,160,0.807904,1,6
468,14,1399,455,62,161,0.741796,1,9
468,13,1223,508,86,165,0.828111,1,3
468,12,1321,491,55,145,0.707974,1,11
468,10,1006,533,67,178,0.754063,1,8
468,8,838,565,77,191,0.820740,1,5
468,7,724,551,95,181,0.839675,1,1
468,6,676,547,68,173,0.825026,1,4
468,5,521,585,56,190,0.759044,1,7
468,3,1716,384,203,139,0.834069,3,2
468,1,1525,396,323,147,0.892558,3,0
469,20,1163,535,46,172,0.749025,1,9
469,18,1201,494,54,156,0.739387,1,11
469,17,924,532,58,170,0.686531,1,13
469,16,1458,468,73,161,0.784361,1,6
469,14,1394,456,66,160,0.745379,1,10
469,13,1222,506,87,168,0.823170,1,4
469,12,1318,492,57,146,0.710537,1,12
469,10,1000,535,72,176,0.767031,1,8
469,8,839,566,69,191,0.809533,1,5
469,7,723,552,95,181,0.826329,1,3
469,6,664,550,79,177,0.827885,1,2
469,5,518,587,59,190,0.767809,1,7
469,3,1716,384,203,139,0.834290,3,1
469,1,1524,396,323,147,0.893177,3,0
470,20,1156,535,52,171,0.718617,1,11
470,18,1199,494,53,156,0.705172,1,12
470,17,921,530,58,172,0.633955,1,14
470,16,1458,467,73,161,0.764348,1,7
470,14,1388,456,69,159,0.761923,1,8
470,13,1222,506,84,167,0.815932,1,3
470,12,1314,492,59,147,0.726426,1,10
470,10,999,537,73,175,0.741122,1,9
470,8,836,568,65,190,0.801535,1,5
470,7,719,552,96,182,0.810444,1,4
470,6,654,551,87,177,0.817567,1,2
470,5,514,588,62,188,0.778486,1,6
470,3,1715,384,204,139,0.836358,3,1
470,1,1524,396,323,148,0.892214,3,0
471,20,1150,536,58,171,0.695977,1,12
471,18,1197,493,53,155,0.719270,1,11
471,17,918,528,60,174,0.664181,1,14
471,16,1458,468,71,161,0.780866,1,7
471,14,1384,456,72,159,0.766219,1,8
471,13,1222,510,80,163,0.809840,1,4
471,12,1314,494,59,144,0.748841,1,10
471,11,1092,551,48,154,0.686310,1,13
471,10,994,540,75,172,0.750025,1,9
471,8,831,566,64,192,0.796314,1,6
471,7,717,553,98,182,0.821544,1,2
471,6,652,550,90,174,0.819489,1,3
471,5,512,592,66,186,0.800896,1,5
471,3,1715,384,204,139,0.839985,3,1
471,1,1524,396,323,147,0.893157,3,0
472,20,1142,536,65,170,0.744405,1,12
472,18,1194,495,53,153,0.717589,1,13
472,17,915,529,60,173,0.715576,1,14
472,16,1457,469,68,160,0.794425,1,5
472,14,1383,457,71,159,0.765199,1,8
472,13,1222,512,77,162,0.754301,1,10
472,12,1313,495,59,143,0.752838,1,11
472,11,1081,551,58,155,0.763588,1,9
472,10,992,540,76,172,0.768852,1,7
472,8,824,575,61,186,0.790946,1,6
472,7,715,554,99,182,0.825714,1,2
472,6,645,550,96,173,0.818001,1,3
472,5,504,594,74,183,0.814929,1,4
472,3,1716,384,203,139,0.839536,3,1
472,1,1524,396,323,147,0.893460,3,0
473,20,1139,536,68,170,0.772078,1,9
473,18,1193,496,50,157,0.689605,1,14
473,17,911,530,68,172,0.755375,1,12
473,16,1456,468,67,160,0.791137,1,7
473,14,1383,458,70,158,0.776787,1,8
473,13,1221,511,74,163,0.761955,1,11
473,12,1313,494,57,145,0.765944,1,10
473,11,1075,552,64,155,0.792981,1,5
473,10,991,541,74,171,0.755057,1,13
473,8,821,578,60,186,0.791926,1,6
473,7,713,552,101,185,0.832051,1,2
473,6,648,553,92,171,0.825738,1,3
473,5,498,591,81,186,0.808972,1,4
473,3,1716,384,203,139,0.842178,3,1
473,1,1524,396,323,148,0.891617,3,0
474,20,1137,537,70,170,0.793457,1,6
474,18,1193,496,47,158,0.665253,1,14
474,17,908,531,68,171,0.752945,1,12
474,16,1456,468,63,159,0.774631,1,9
474,14,1383,460,71,157,0.798947,1,5
474,13,1221,511,68,162,0.750425,1,13
474,12,1309,494,60,143,0.757545,1,10
474,11,1072,553,67,154,0.776360,1,8
474,10,994,540,68,173,0.756423,1,11
474,8,816,578,63,187,0.779239,1,7
474,7,713,552,100,185,0.844670,1,2
474,6,648,554,91,169,0.829537,1,4
474,5,495,592,84,188,0.831207,1,3
474,3,1715,384,204,139,0.845951,3,1
474,1,1525,395,323,148,0.890315,3,0
475,20,1135,536,71,171,0.804924,1,5
475,18,1192,496,46,156,0.680136,1,14
475,17,904,530,70,173,0.747802,1,10
475,16,1456,470,59,157,0.729358,1,13
475,14,1383,459,70,158,0.787048,1,6
475,13,1221,512,63,163,0.758271,1,9
475,12,1308,493,55,145,0.735387,1,11
475,11,1069,553,69,153,0.771972,1,8
475,10,991,537,69,175,0.733485,1,12
475,8,810,579,68,188,0.775517,1,7
475,7,713,553,95,184,0.813801,1,4
475,6,645,555,93,169,0.842770,1,2
475,5,492,595,86,185,0.834716,1,3
475,3,1717,384,203,139,0.848662,3,1
475,1,1524,395,323,148,0.890781,3,0
476,20,1134,538,71,169,0.800900,1,7
476,18,1191,496,45,157,0.677425,1,14
476,17,895,529,70,174,0.778976,1,8
476,16,1454,468,57,159,0.720497,1,11
476,14,1382,458,71,159,0.801106,1,6
476,13,1219,512,58,162,0.735811,1,10
476,12,1307,494,55,143,0.719478,1,12
476,11,1068,554,69,153,0.751034,1,9
476,10,993,539,61,173,0.713889,1,13
476,8,808,579,68,187,0.814346,1,4
476,7,711,553,94,186,0.807428,1,5
476,6,645,555,91,169,0.840748,1,2
476,5,490,595,87,185,0.816990,1,3
476,3,1716,384,203,139,0.846948,3,1
476,1,1524,395,323,148,0.888190,3,0
477,20,1131,538,73,169,0.804729,1,8
477,18,1189,496,43,155,0.610249,1,16
477,17,885,528,77,176,0.825723,1,4
477,16,1449,467,58,160,0.701384,1,13
477,14,1382,458,70,160,0.806632,1,7
477,13,1214,511,57,164,0.736559,1,11
477,12,1304,494,54,143,0.737605,1,10
477,11,1066,554,71,153,0.757046,1,9
477,10,991,538,60,176,0.723524,1,12
477,8,800,579,74,186,0.825365,1,5
477,7,713,552,87,185,0.825820,1,3
477,6,645,557,89,168,0.835434,1,2
477,5,493,595,83,187,0.818747,1,6
477,3,1717,384,203,139,0.845968,3,1
477,2,847,484,208,174,0.690733,3,14
477,1,1524,395,323,149,0.888417,3,0
478,20,1130,536,75,170,0.802688,1,6
478,17,878,530,84,174,0.787266,1,8
478,16,1451,467,55,162,0.704951,1,11
478,14,1382,458,70,160,0.808644,1,5
478,13,1212,512,53,165,0.692832,1,12
478,12,1304,494,52,143,0.736664,1,10
478,11,1066,553,68,154,0.751046,1,9
478,10,991,538,52,177,0.685085,1,13
478,8,799,580,76,184,0.827640,1,3
478,7,713,552,83,186,0.828105,1,2
478,6,644,554,86,171,0.815036,1,4
478,5,493,597,76,184,0.787668,1,7
478,3,1717,384,202,139,0.846952,3,1
478,2,847,484,208,173,0.681110,3,14
478,1,1524,395,323,148,0.892768,3,0
479,20,1128,534,76,173,0.780994,1,8
479,17,871,534,94,169,0.774624,1,9
479,16,1452,467,54,165,0.730521,1,11
479,14,1381,456,70,161,0.805942,1,5
479,13,1211,511,50,168,0.698140,1,12
479,12,1301,495,51,142,0.743148,1,10
479,11,1065,553,69,154,0.784255,1,7
479,10,988,538,51,173,0.650182,1,14
479,8,794,581,80,186,0.815447,1,4
479,7,713,552,78,185,0.819213,1,3
479,6,643,553,80,172,0.825867,1,2
479,5,490,598,72,184,0.790670,1,6
479,3,1718,384,202,139,0.844982,3,1
479,2,847,484,205,174,0.685129,3,13
479,1,1524,395,323,149,0.890432,3,0
480,20,1128,532,75,174,0.782303,1,8
480,17,869,534,91,169,0.779072,1,9
480,16,1443,468,62,164,0.733229,1,11
480,14,1382,456,68,161,0.804697,1,5
480,13,1205,512,54,167,0.720813,1,12
480,12,1299,494,51,143,0.748857,1,10
480,11,1064,553,66,154,0.798079,1,6
480,10,986,537,47,177,0.636574,1,15
480,8,792,582,82,184,0.836210,1,2
480,7,715,552,68,185,0.807411,1,4
480,6,644,554,76,171,0.819048,1,3
480,5,488,595,71,187,0.797453,1,7
480,3,1716,384,204,139,0.844108,3,1
480,2,847,485,204,173,0.693625,3,13
480,1,1524,395,323,148,0.890949,3,0
481,20,1128,532,72,175,0.776160,1,7
481,17,868,533,94,170,0.797555,1,5
481,16,1439,468,66,166,0.747784,1,11
481,14,1381,456,65,162,0.806913,1,3
481,13,1201,514,58,166,0.729575,1,12
481,12,1296,494,52,146,0.763401,1,9
481,11,1064,552,63,156,0.755423,1,10
481,10,985,539,48,173,0.655353,1,15
481,8,787,579,87,187,0.834595,1,2
481,7,713,552,62,185,0.798158,1,4
481,6,644,552,66,171,0.764907,1,8
481,5,487,595,63,188,0.789366,1,6
481,3,1716,384,204,139,0.846195,3,1
481,2,847,485,203,172,0.677109,3,14
481,1,1524,395,323,148,0.893221,3,0
482,20,1122,533,75,173,0.779699,1,6
482,19,1023,516,51,165,0.693462,1,13
482,17,867,533,91,170,0.798776,1,5
482,16,1433,469,71,165,0.726834,1,11
482,14,1380,456,62,162,0.807118,1,4
482,13,1202,512,53,170,0.722847,1,12
482,12,1294,494,54,145,0.761617,1,8
482,11,1065,552,58,155,0.736863,1,10
482,10,979,538,53,174,0.672595,1,14
482,8,786,582,86,188,0.851915,1,1
482,7,703,552,65,188,0.820958,1,3
482,6,641,553,52,170,0.759421,1,9
482,5,483,596,60,186,0.775042,1,7
482,3,1716,384,204,139,0.849455,3,2
482,2,847,485,201,176,0.632656,3,15
482,1,1524,395,323,148,0.894359,3,0
483,20,1122,532,74,175,0.787411,1,5
483,19,1024,517,48,161,0.636119,1,14
483,17,865,532,92,172,0.785819,1,6
483,16,1433,471,68,162,0.725712,1,11
483,14,1376,457,61,161,0.759086,1,8
483,13,1196,513,57,168,0.735544,1,10
483,12,1292,493,53,144,0.740752,1,9
483,11,1064,553,53,155,0.712976,1,12
483,10,971,539,58,172,0.665526,1,13
483,8,787,584,85,186,0.853693,1,1
483,7,697,552,71,188,0.838600,1,3
483,6,636,554,50,172,0.785236,1,7
483,5,475,600,62,182,0.788303,1,4
483,3,1716,384,204,139,0.849614,3,2
483,1,1524,395,323,148,0.894969,3,0
484,20,1122,530,68,176,0.768950,1,6
484,19,1019,516,53,159,0.633820,1,14
484,17,865,536,93,168,0.767933,1,7
484,16,1430,471,70,164,0.709352,1,12
484,14,1375,456,59,161,0.747717,1,9
484,13,1193,512,60,169,0.745062,1,10
484,12,1288,493,57,145,0.760719,1,8
484,11,1062,556,48,153,0.710962,1,11
484,10,961,535,68,178,0.646176,1,13
484,8,787,585,85,183,0.842101,1,2
484,7,693,553,75,191,0.839742,1,3
484,6,630,553,53,174,0.788328,1,5
484,5,468,599,62,184,0.794260,1,4
484,3,1716,384,204,139,0.848070,3,1
484,1,1524,395,323,148,0.894002,3,0
485,20,1121,532,63,174,0.731647,1,12
485,19,1016,517,55,148,0.623442,1,14
485,17,866,534,84,172,0.757458,1,9
485,16,1420,472,78,164,0.739793,1,11
485,14,1374,458,54,160,0.746242,1,10
485,13,1189,521,62,161,0.770823,1,7
485,12,1282,493,61,145,0.776212,1,6
485,11,1058,555,47,153,0.711490,1,13
485,10,956,535,72,177,0.770732,1,8
485,8,786,585,82,184,0.818020,1,3
485,7,687,553,78,191,0.837297,1,1
485,6,626,552,54,178,0.784953,1,5
485,5,463,600,65,183,0.798795,1,4
485,3,1715,384,204,139,0.836353,3,2
485,1,1524,396,323,147,0.894821,3,0
486,20,1121,532,58,174,0.685183,1,12
486,17,867,534,81,171,0.754788,1,8
486,16,1417,472,78,162,0.742407,1,10
486,14,1372,459,53,160,0.722991,1,11
486,13,1182,519,69,163,0.763479,1,7
486,12,1275,493,66,147,0.775690,1,6
486,11,1055,557,48,154,0.675322,1,13
486,10,947,539,80,172,0.754406,1,9
486,8,786,584,77,186,0.809285,1,4
486,7,679,553,85,196,0.816241,1,3
486,6,619,553,58,178,0.794928,1,5
486,5,455,600,71,183,0.845494,1,1
486,3,1715,384,204,139,0.834125,3,2
486,1,1524,396,323,148,0.893676,3,0
487,20,1120,531,52,173,0.667388,1,12
487,17,866,537,75,168,0.729519,1,11
487,16,1423,473,71,161,0.765258,1,8
487,14,1368,458,56,161,0.764646,1,9
487,13,1182,512,69,170,0.765341,1,7
487,12,1269,493,71,147,0.789750,1,5
487,11,1051,557,48,155,0.639812,1,13
487,10,944,542,83,171,0.742192,1,10
487,8,787,584,69,187,0.784477,1,6
487,7,680,556,81,190,0.794522,1,4
487,6,610,554,67,176,0.804525,1,3
487,5,448,599,77,184,0.846408,1,1
487,3,1714,384,206,139,0.828344,3,2
487,1,1525,396,323,147,0.895926,3,0
488,20,1117,531,49,173,0.689860,1,12
488,17,865,539,69,166,0.724315,1,11
488,16,1423,474,67,161,0.741393,1,9
488,14,1364,459,58,161,0.785313,1,6
488,13,1180,509,74,176,0.726834,1,10
488,12,1266,494,74,147,0.793180,1,5
488,11,1047,560,51,155,0.680992,1,13
488,10,941,540,86,174,0.771979,1,8
488,8,788,584,62,188,0.772932,1,7
488,7,671,556,87,188,0.819080,1,4
488,6,601,557,77,171,0.835969,1,2
488,5,441,603,85,181,0.848720,1,1
488,3,1715,385,204,139,0.825298,3,3
488,1,1525,396,323,147,0.894562,3,0
489,20,1116,534,44,170,0.704524,1,12
489,17,864,541,64,164,0.705141,1,11
489,16,1420,475,68,162,0.742613,1,9
489,14,1357,461,60,163,0.770029,1,7
489,13,1178,516,71,169,0.733622,1,10
489,12,1266,494,74,147,0.790413,1,5
489,11,1035,556,62,158,0.661184,1,13
489,10,938,541,89,174,0.768451,1,8
489,8,785,585,59,187,0.790355,1,6
489,7,666,559,88,184,0.821107,1,4
489,6,596,558,82,170,0.847799,1,2
489,5,434,603,94,182,0.861328,1,1
489,3,1714,385,205,139,0.825116,3,3
489,1,1525,396,323,147,0.894545,3,0
490,20,1115,533,44,171,0.687969,1,13
490,17,859,535,61,171,0.714538,1,12
490,16,1415,476,72,162,0.771700,1,8
490,14,1357,461,61,163,0.744343,1,10
490,13,1177,509,72,176,0.757796,1,9
490,12,1266,494,74,147,0.802666,1,5
490,11,1035,556,60,160,0.731124,1,11
490,10,940,541,86,174,0.772253,1,7
490,8,782,585,53,186,0.772927,1,6
490,7,664,560,86,185,0.829139,1,3
490,6,593,560,86,169,0.832812,1,2
490,5,432,602,96,183,0.862966,1,1
490,3,1711,386,208,137,0.821728,3,4
490,1,1525,396,323,147,0.892467,3,0
491,20,1110,533,46,170,0.707085,1,12
491,17,857,536,55,170,0.699077,1,13
491,16,1417,476,68,162,0.800479,1,7
491,14,1355,463,59,160,0.748327,1,10
491,13,1177,521,70,164,0.771835,1,9
491,12,1266,495,73,147,0.808500,1,5
491,11,1032,558,64,158,0.718178,1,11
491,10,936,540,90,176,0.798183,1,8
491,8,778,586,51,185,0.803381,1,6
491,7,661,560,88,184,0.833826,1,3
491,6,592,560,87,170,0.821768,1,4
491,5,429,603,97,183,0.867199,1,1
491,3,1713,384,206,139,0.835198,3,2
491,1,1525,396,322,147,0.892821,3,0
492,20,1102,534,53,169,0.737017,1,12
492,17,857,541,46,166,0.710100,1,13
492,16,1410,478,73,161,0.788688,1,8
492,14,1352,465,61,159,0.760017,1,11
492,13,1177,522,64,162,0.774407,1,9
492,12,1265,496,71,147,0.808284,1,5
492,11,1027,561,68,156,0.769130,1,10
492,10,937,540,88,176,0.796910,1,7
492,8,772,585,50,186,0.800796,1,6
492,7,659,560,90,187,0.838712,1,2
492,6,589,560,90,172,0.814884,1,4
492,5,430,603,96,184,0.855430,1,1
492,3,1713,385,206,140,0.823695,3,3
492,1,1525,396,322,148,0.890381,3,0
493,20,1095,534,59,170,0.737567,1,11
493,17,855,542,44,167,0.716288,1,12
493,16,1410,478,70,161,0.773387,1,10
493,14,1351,465,62,159,0.776790,1,8
493,13,1178,529,58,154,0.686783,1,13
493,12,1265,496,71,146,0.807039,1,5
493,11,1027,562,68,156,0.774922,1,9
493,10,938,542,85,176,0.800523,1,7
493,8,769,586,51,186,0.804224,1,6
493,7,657,562,90,188,0.858812,1,1
493,6,589,561,88,171,0.809991,1,4
493,5,430,605,93,184,0.837346,1,2
493,3,1714,385,205,139,0.828493,3,3
493,2,846,486,268,152,0.620809,3,14
493,1,1525,396,322,148,0.891158,3,0
494,20,1092,536,62,167,0.776869,1,8
494,17,851,537,47,173,0.760537,1,11
494,16,1413,478,65,162,0.756650,1,12
494,14,1348,465,63,158,0.773690,1,9
494,13,1176,520,56,165,0.699700,1,13
494,12,1265,496,68,147,0.818556,1,4
494,11,1028,563,65,156,0.767009,1,10
494,10,937,540,83,178,0.777053,1,7
494,8,760,586,60,185,0.820067,1,3
494,7,657,563,88,188,0.849829,1,1
494,6,589,561,87,171,0.798843,1,6
494,5,430,604,90,185,0.800493,1,5
494,3,1715,385,205,140,0.832447,3,2
494,2,846,486,263,153,0.665697,3,14
494,1,1525,396,322,149,0.896096,3,0
495,20,1085,534,70,171,0.791557,1,6
495,17,845,535,53,177,0.738643,1,10
495,16,1413,478,62,163,0.736755,1,11
495,14,1348,467,61,157,0.767732,1,9
495,13,1176,521,53,164,0.632371,1,14
495,12,1263,497,66,147,0.780517,1,7
495,11,1026,564,63,155,0.715012,1,13
495,10,937,539,81,178,0.768348,1,8
495,8,750,587,69,185,0.830964,1,3
495,7,656,563,86,188,0.836939,1,2
495,6,589,561,80,171,0.804190,1,5
495,5,430,604,83,185,0.824029,1,4
495,3,1714,385,205,140,0.838149,3,1
495,2,848,487,258,157,0.719588,3,12
495,1,1525,396,322,149,0.897840,3,0
496,20,1077,536,79,171,0.784604,1,6
496,17,835,535,63,178,0.754438,1,10
496,16,1414,477,60,164,0.753871,1,11
496,14,1349,467,60,157,0.763028,1,9
496,13,1174,518,50,167,0.651981,1,14
496,12,1263,496,62,146,0.767125,1,7
496,11,1014,564,73,155,0.703310,1,12
496,10,937,540,75,177,0.765534,1,8
496,8,745,588,73,184,0.844034,1,1
496,7,656,563,84,187,0.826338,1,3
496,6,588,560,76,172,0.790748,1,5
496,5,431,605,77,185,0.807765,1,4
496,3,1714,385,205,140,0.834104,3,2
496,2,848,487,256,164,0.698933,3,13
496,1,1525,396,322,149,0.896226,3,0
497,20,1074,535,81,172,0.809258,1,3
497,17,826,537,73,177,0.784611,1,6
497,16,1416,478,55,161,0.769989,1,9
497,14,1344,466,64,160,0.761904,1,10
497,13,1172,512,50,172,0.680378,1,13
497,12,1262,496,58,147,0.781791,1,7
497,11,1016,564,69,155,0.725244,1,12
497,10,938,542,71,176,0.747967,1,11
497,8,734,588,84,186,0.837178,1,1
497,7,655,563,82,187,0.798108,1,5
497,6,587,561,72,170,0.771993,1,8
497,5,428,606,73,186,0.802457,1,4
497,3,1715,385,205,139,0.831200,3,2
497,2,848,487,255,162,0.639404,3,14
497,1,1525,396,322,149,0.896648,3,0
498,20,1074,535,80,172,0.802489,1,3
498,17,820,544,78,170,0.800011,1,4
498,16,1415,478,54,163,0.780246,1,5
498,14,1346,465,63,160,0.742178,1,10
498,13,1169,511,51,174,0.724731,1,12
498,12,1260,496,57,147,0.772676,1,7
498,11,1015,566,66,153,0.703876,1,13
498,10,937,539,64,179,0.747765,1,9
498,8,726,589,92,186,0.841201,1,1
498,7,656,564,72,188,0.748533,1,8
498,6,585,561,49,172,0.732954,1,11
498,5,429,606,65,184,0.776619,1,6
498,3,1715,385,204,139,0.821742,3,2
498,2,850,487,253,159,0.677566,3,14
498,1,1525,396,322,149,0.894116,3,0
499,20,1075,535,78,172,0.756907,1,7
499,17,816,545,82,168,0.807143,1,3
499,16,1415,478,53,163,0.772520,1,5
499,14,1346,466,59,162,0.721142,1,11
499,13,1166,517,51,169,0.695417,1,13
499,12,1259,495,56,148,0.740184,1,8
499,11,1025,568,50,151,0.668056,1,14
499,10,936,546,58,171,0.736043,1,10
499,8,722,591,96,185,0.854435,1,1
499,7,656,563,54,188,0.759582,1,6
499,6,583,561,49,173,0.737841,1,9
499,5,425,607,67,184,0.780973,1,4
499,3,1715,385,204,139,0.824846,3,2
499,2,853,487,250,162,0.712922,3,12
499,1,1525,396,322,150,0.893506,3,0
500,20,1073,538,78,168,0.757474,1,7
500,17,816,544,80,170,0.819371,1,3
500,16,1413,479,52,160,0.781650,1,4
500,14,1343,468,59,160,0.729018,1,10
500,13,1162,519,51,167,0.648975,1,14
500,12,1257,496,54,147,0.750443,1,8
500,11,1025,568,46,153,0.712711,1,11
500,10,928,542,61,176,0.688693,1,12
500,8,722,592,97,186,0.869387,1,1
500,7,654,564,49,187,0.779098,1,5
500,6,579,560,53,173,0.764700,1,6
500,5,421,606,58,185,0.741153,1,9
500,3,1714,386,205,138,0.824480,3,2
500,2,853,487,247,162,0.668870,3,13
500,1,1525,396,322,150,0.892837,3,0
501,20,1073,538,77,168,0.769442,1,7
501,17,814,541,82,174,0.818870,1,3
501,16,1409,479,53,161,0.753899,1,9
501,14,1345,467,53,161,0.732580,1,10
501,13,1157,520,54,166,0.680877,1,12
501,12,1256,496,54,149,0.763021,1,8
501,11,1023,566,44,153,0.716204,1,11
501,10,925,546,56,172,0.673608,1,13
501,8,717,592,99,185,0.846570,1,1
501,7,650,563,49,187,0.794501,1,4
501,6,575,561,49,173,0.773059,1,6
501,5,417,607,50,187,0.782813,1,5
501,3,1715,385,204,139,0.821791,3,2
501,1,1525,396,322,150,0.891566,3,0
502,20,1072,537,74,169,0.774948,1,6
502,17,812,541,81,174,0.831909,1,2
502,16,1405,478,55,160,0.738809,1,11
502,14,1346,466,48,162,0.738929,1,10
502,13,1149,521,61,165,0.722310,1,12
502,12,1255,495,53,150,0.753744,1,8
502,11,1022,566,43,153,0.744336,1,9
502,10,922,545,55,175,0.681286,1,13
502,8,718,594,99,185,0.859169,1,1
502,7,644,565,50,186,0.775513,1,5
502,6,574,561,49,175,0.759366,1,7
502,5,413,609,51,187,0.775961,1,4
502,3,1715,385,204,139,0.825205,3,3
502,1,1525,396,322,150,0.890094,3,0
503,20,1071,537,72,169,0.791484,1,5
503,17,811,540,79,176,0.831222,1,2
503,16,1397,480,60,160,0.781167,1,7
503,14,1344,466,46,162,0.736418,1,11
503,13,1142,519,65,164,0.723368,1,13
503,12,1251,495,55,152,0.762633,1,9
503,11,1018,565,45,155,0.749856,1,10
503,10,914,548,63,174,0.723614,1,12
503,8,716,596,100,183,0.861819,1,1
503,7,638,564,55,187,0.776079,1,8
503,6,568,561,52,174,0.793827,1,4
503,5,408,609,55,189,0.782528,1,6
503,3,1715,385,204,139,0.829816,3,3
503,1,1525,396,322,150,0.892229,3,0
504,20,1070,534,67,172,0.709352,1,12
504,17,812,540,72,176,0.791529,1,7
504,16,1391,481,64,160,0.805480,1,6
504,14,1340,465,47,164,0.710609,1,11
504,13,1139,521,66,164,0.733284,1,10
504,12,1250,496,54,152,0.738879,1,9
504,11,1013,564,48,156,0.754129,1,8
504,10,913,548,63,176,0.708562,1,13
504,8,714,597,103,181,0.864291,1,1
504,7,636,565,54,185,0.817806,1,3
504,6,559,560,60,174,0.812894,1,4
504,5,396,608,67,191,0.810275,1,5
504,3,1715,385,204,139,0.828367,3,2
504,1,1525,396,321,149,0.890681,3,0
505,20,1069,538,62,168,0.695225,1,13
505,17,809,539,72,177,0.767673,1,7
505,16,1382,480,72,162,0.822247,1,5
505,14,1336,465,47,164,0.725115,1,11
505,13,1134,523,71,162,0.739870,1,10
505,12,1249,496,55,150,0.752557,1,9
505,11,1005,563,55,157,0.753824,1,8
505,10,908,546,67,177,0.720575,1,12
505,8,714,597,100,183,0.859242,1,1
505,7,630,566,58,185,0.828798,1,3
505,6,545,561,74,174,0.811510,1,6
505,5,383,607,82,191,0.825217,1,4
505,3,1714,385,205,140,0.831228,3,2
505,1,1525,396,322,149,0.891985,3,0
506,20,1068,536,48,172,0.685163,1,13
506,17,810,539,64,176,0.774242,1,7
506,16,1378,481,75,161,0.821441,1,6
506,14,1333,464,48,165,0.735111,1,10
506,13,1125,522,81,164,0.753973,1,9
506,12,1246,496,56,150,0.759553,1,8
506,11,996,563,62,157,0.704287,1,12
506,10,903,548,71,178,0.724448,1,11
506,8,715,595,94,185,0.863317,1,1
506,7,618,565,70,186,0.833787,1,4
506,6,533,563,85,171,0.837711,1,3
506,5,373,607,90,190,0.849323,1,2
506,3,1714,385,205,139,0.830826,3,5
506,1,1525,396,322,149,0.894527,3,0
507,20,1067,536,47,170,0.688240,1,13
507,17,803,540,65,175,0.779582,1,7
507,16,1376,481,77,162,0.822283,1,6
507,14,1329,465,50,165,0.741310,1,11
507,13,1120,523,86,162,0.764074,1,8
507,12,1243,495,57,153,0.756370,1,10
507,11,988,568,68,154,0.756693,1,9
507,10,898,552,76,173,0.724168,1,12
507,8,716,593,86,187,0.853992,1,2
507,7,608,565,79,187,0.839267,1,5
507,6,527,563,91,171,0.842578,1,3
507,5,369,610,94,189,0.862665,1,1
507,3,1714,385,206,139,0.840003,3,4
507,1,1525,396,322,149,0.893413,3,0
508,20,1065,533,43,173,0.643403,1,13
508,17,802,542,58,174,0.754837,1,11
508,16,1376,481,77,163,0.828736,1,6
508,14,1327,465,52,163,0.730716,1,12
508,13,1121,522,85,164,0.772063,1,8
508,12,1242,496,56,153,0.759438,1,10
508,11,982,570,74,152,0.784352,1,7
508,10,895,548,78,177,0.769652,1,9
508,8,715,594,81,187,0.841011,1,4
508,7,592,566,96,186,0.871034,1,1
508,6,523,564,95,172,0.854450,1,3
508,5,367,612,95,189,0.857283,1,2
508,3,1714,385,205,139,0.830816,3,5
508,1,1525,396,322,149,0.892857,3,0
509,20,1058,536,46,172,0.614100,1,13
509,17,801,540,52,174,0.784021,1,9
509,16,1375,482,78,162,0.829890,1,6
509,14,1320,465,56,162,0.732709,1,12
509,13,1119,520,86,168,0.784528,1,8
509,12,1238,497,57,152,0.746798,1,11
509,11,981,573,76,150,0.793318,1,7
509,10,893,549,78,177,0.776529,1,10
509,8,715,592,74,188,0.835791,1,4
509,7,589,568,99,184,0.870303,1,1
509,6,523,566,93,170,0.865379,1,2
509,5,367,612,96,190,0.857149,1,3
509,3,1713,385,206,139,0.833612,3,5
509,1,1525,396,322,149,0.892459,3,0
510,20,1054,537,51,172,0.639802,1,13
510,17,796,540,51,175,0.763179,1,8
510,16,1375,481,78,162,0.819155,1,6
510,14,1314,467,62,161,0.726125,1,11
510,13,1120,523,83,165,0.686580,1,12
510,12,1236,498,57,151,0.728090,1,10
510,11,982,571,75,155,0.786429,1,7
510,10,893,549,77,177,0.761126,1,9
510,8,715,594,69,186,0.822086,1,5
510,7,587,568,102,184,0.873267,1,1
510,6,523,568,91,171,0.851817,1,2
510,5,365,612,92,191,0.851643,1,3
510,3,1713,385,206,139,0.831742,3,4
510,1,1525,396,322,148,0.890852,3,0
511,20,1051,538,55,171,0.687055,1,14
511,17,793,540,50,175,0.758479,1,8
511,16,1375,481,77,163,0.808510,1,6
511,14,1305,469,70,158,0.746044,1,9
511,13,1120,523,84,166,0.691834,1,13
511,12,1236,498,59,151,0.733483,1,10
511,11,982,570,74,156,0.773391,1,7
511,10,893,545,76,181,0.725977,1,11
511,8,711,595,65,187,0.821154,1,5
511,7,582,569,107,185,0.858045,1,2
511,6,520,566,92,171,0.850911,1,3
511,5,367,613,88,191,0.859079,1,1
511,3,1714,385,205,139,0.832744,3,4
511,1,1525,396,322,149,0.894571,3,0
512,20,1048,538,56,171,0.717296,1,11
512,17,789,543,54,173,0.775586,1,8
512,16,1374,482,77,162,0.819327,1,5
512,14,1300,470,75,157,0.777529,1,7
512,13,1120,524,77,165,0.634584,1,15
512,12,1234,498,57,151,0.724379,1,10
512,11,982,570,72,157,0.758041,1,9
512,10,893,546,76,180,0.713715,1,12
512,8,704,594,64,188,0.806696,1,6
512,7,582,570,107,185,0.857653,1,1
512,6,519,566,90,173,0.842345,1,3
512,5,361,614,88,190,0.854175,1,2
512,3,1714,385,205,139,0.830957,3,4
512,1,1524,396,323,149,0.890786,3,0
513,20,1038,539,65,169,0.767156,1,9
513,17,782,544,60,172,0.802535,1,7
513,16,1374,482,76,161,0.812635,1,4
513,14,1297,470,78,157,0.769670,1,8
513,13,1120,524,79,165,0.690511,1,14
513,12,1234,500,55,149,0.707696,1,12
513,11,981,571,73,156,0.730309,1,10
513,10,891,550,74,175,0.701205,1,13
513,8,701,593,60,190,0.803096,1,6
513,7,583,571,105,185,0.851061,1,1
513,6,519,565,89,176,0.824761,1,3
513,5,362,615,79,189,0.807496,1,5
513,3,1715,385,204,140,0.835757,3,2
513,2,846,487,268,181,0.724331,3,11
513,1,1524,396,322,149,0.890576,3,0
514,20,1034,541,67,168,0.764638,1,8
514,17,772,544,69,173,0.811009,1,4
514,16,1374,482,73,162,0.805061,1,6
514,14,1292,471,83,156,0.784470,1,7
514,13,1121,523,78,166,0.738657,1,10
514,12,1233,501,53,148,0.732321,1,11
514,11,981,569,69,158,0.729924,1,12
514,10,891,547,69,178,0.708966,1,13
514,8,698,594,60,194,0.817300,1,3
514,7,583,571,103,185,0.852625,1,1
514,6,519,567,85,174,0.809845,1,5
514,5,350,614,82,190,0.748248,1,9
514,3,1715,385,204,140,0.835117,3,2
514,1,1524,396,322,150,0.892585,3,0
515,21,1159,514,53,152,0.653563,1,14
515,20,1030,538,71,170,0.758110,1,9
515,17,761,543,81,175,0.817827,1,4
515,16,1374,482,70,163,0.812912,1,5
515,14,1290,471,84,156,0.802808,1,7
515,13,1120,524,75,164,0.742272,1,10
515,12,1232,501,52,148,0.729458,1,11
515,11,982,570,67,158,0.683722,1,13
515,10,892,551,63,176,0.712563,1,12
515,8,691,595,67,194,0.826779,1,3
515,7,582,571,100,185,0.843748,1,1
515,6,519,567,82,172,0.812481,1,6
515,5,342,615,83,190,0.780117,1,8
515,3,1715,385,205,139,0.837628,3,2
515,1,1524,396,322,150,0.892965,3,0
516,21,1156,515,56,152,0.656552,1,13
516,20,1023,537,78,171,0.755925,1,9
516,17,753,542,89,175,0.825363,1,3
516,16,1373,481,67,163,0.797199,1,7
516,14,1289,471,85,156,0.812498,1,5
516,13,1119,524,75,165,0.749132,1,10
516,12,1228,500,54,149,0.739721,1,11
516,11,982,568,62,159,0.615263,1,14
516,10,891,547,59,179,0.699985,1,12
516,8,689,597,67,192,0.817274,1,4
516,7,582,571,99,184,0.837817,1,1
516,6,518,567,77,172,0.800357,1,6
516,5,335,615,78,189,0.772041,1,8
516,3,1715,385,204,139,0.834461,3,2
516,1,1524,396,322,150,0.893321,3,0
517,21,1152,513,61,150,0.648074,1,13
517,20,1022,535,78,176,0.720547,1,11
517,17,752,543,90,174,0.832214,1,3
517,16,1373,482,63,162,0.770361,1,8
517,14,1289,470,84,157,0.812647,1,6
517,13,1119,524,68,164,0.736494,1,9
517,12,1227,500,53,149,0.733145,1,10
517,11,982,570,54,157,0.614282,1,15
517,10,892,538,51,187,0.682377,1,12
517,8,681,598,72,191,0.824761,1,4
517,7,583,572,92,182,0.841598,1,1
517,6,518,566,70,174,0.818852,1,5
517,5,331,616,74,187,0.788309,1,7
517,3,1715,385,204,139,0.832412,3,2
517,1,1524,396,322,150,0.893025,3,0
518,21,1150,514,60,152,0.680149,1,12
518,20,1020,535,80,173,0.738625,1,9
518,19,916,517,49,165,0.651680,1,14
518,17,747,544,94,174,0.842053,1,1
518,16,1370,482,61,161,0.752686,1,8
518,14,1289,470,85,157,0.810042,1,5
518,13,1118,519,62,170,0.737939,1,10
518,12,1226,499,53,150,0.698914,1,11
518,11,981,571,53,156,0.668999,1,13
518,10,891,532,48,193,0.633290,1,15
518,8,676,599,77,190,0.838020,1,2
518,7,583,572,86,183,0.830710,1,4
518,6,518,566,62,173,0.807688,1,7
518,5,326,616,75,189,0.807969,1,6
518,3,1715,385,204,139,0.834272,3,3
518,1,1524,396,322,150,0.895034,3,0
519,21,1150,515,58,154,0.686510,1,12
519,20,1016,538,83,174,0.723125,1,11
519,19,917,514,45,167,0.609407,1,14
519,17,746,545,95,174,0.835366,1,4
519,16,1365,482,62,160,0.742889,1,9
519,14,1289,468,84,159,0.820971,1,6
519,13,1117,520,59,169,0.750860,1,8
519,12,1225,500,51,151,0.730702,1,10
519,10,888,542,45,183,0.612172,1,13
519,8,672,600,81,189,0.836238,1,3
519,7,582,572,83,183,0.843630,1,1
519,6,513,567,59,171,0.800878,1,7
519,5,321,617,79,188,0.826988,1,5
519,3,1715,385,204,139,0.836766,3,2
519,1,1524,396,322,150,0.895098,3,0
520,21,1148,516,59,151,0.664259,1,13
520,20,1014,543,82,167,0.755751,1,8
520,17,743,544,96,174,0.843266,1,2
520,16,1353,483,71,162,0.740328,1,10
520,14,1288,470,83,157,0.822367,1,5
520,13,1114,521,54,169,0.698944,1,11
520,12,1221,501,51,150,0.741415,1,9
520,8,669,600,84,191,0.844143,1,1
520,7,583,570,73,185,0.820497,1,6
520,6,509,566,55,173,0.778620,1,7
520,5,318,617,81,187,0.836523,1,3
520,3,1716,385,204,139,0.826813,3,4
520,1,1524,396,322,150,0.893639,3,0
521,21,1146,514,61,154,0.725961,1,12
521,20,1014,542,78,166,0.782554,1,8
521,17,743,544,93,174,0.840437,1,3
521,16,1354,482,69,165,0.737791,1,10
521,14,1288,469,80,157,0.830945,1,5
521,13,1113,521,48,170,0.720421,1,13
521,12,1222,501,50,151,0.753713,1,9
521,8,664,601,89,191,0.864903,1,1
521,7,581,569,69,187,0.796478,1,6
521,6,503,567,53,178,0.783937,1,7
521,5,316,618,83,187,0.852812,1,2
521,3,1715,385,204,139,0.833901,3,4
521,1,1524,396,322,150,0.896821,3,0
522,21,1143,515,62,156,0.734500,1,11
522,20,1014,542,75,166,0.781340,1,8
522,17,744,544,89,174,0.830581,1,5
522,16,1352,482,69,166,0.776195,1,9
522,14,1288,468,78,158,0.840448,1,3
522,13,1113,520,44,170,0.673653,1,15
522,12,1216,501,54,151,0.742711,1,10
522,11,966,571,51,162,0.704322,1,13
522,8,662,602,90,190,0.853684,1,2
522,7,574,568,66,190,0.805426,1,6
522,6,498,568,56,177,0.785527,1,7
522,5,312,622,87,184,0.873312,1,1
522,3,1715,385,205,139,0.834485,3,4
522,1,1524,396,322,150,0.896506,3,0
523,21,1142,514,62,157,0.704815,1,13
523,20,1013,539,71,168,0.784160,1,8
523,17,744,544,85,175,0.827076,1,4
523,16,1345,482,75,169,0.760035,1,9
523,14,1289,468,75,157,0.819760,1,5
523,13,1105,520,48,172,0.668792,1,15
523,12,1210,502,59,150,0.745574,1,10
523,11,962,573,55,160,0.711782,1,12
523,10,867,549,59,174,0.694695,1,14
523,8,662,605,89,188,0.847656,1,2
523,7,566,569,66,189,0.800148,1,6
523,6,494,568,60,180,0.793708,1,7
523,5,305,624,94,185,0.872610,1,1
523,3,1715,385,204,139,0.834106,3,3
523,2,846,487,271,160,0.732291,3,11
523,1,1524,396,322,150,0.896415,3,0
524,21,1141,514,58,157,0.666836,1,15
524,20,1012,540,65,167,0.748752,1,9
524,17,742,545,81,173,0.791356,1,6
524,16,1336,484,82,166,0.747332,1,10
524,14,1289,470,71,156,0.780771,1,7
524,13,1105,523,47,171,0.670372,1,14
524,12,1203,502,63,151,0.749988,1,8
524,11,961,574,54,158,0.705343,1,12
524,10,857,546,68,178,0.701825,1,13
524,8,661,606,90,187,0.855753,1,2
524,7,558,569,68,191,0.808140,1,4
524,6,487,570,66,178,0.798918,1,5
524,5,302,624,96,188,0.875270,1,1
524,3,1715,385,204,139,0.826468,3,3
524,2,846,487,269,163,0.713228,3,11
524,1,1524,396,322,150,0.896922,3,0
525,21,1141,514,56,158,0.643389,1,15
525,20,1009,537,62,171,0.732585,1,10
525,17,738,546,76,172,0.774600,1,6
525,16,1334,485,84,161,0.748089,1,9
525,14,1291,470,62,155,0.771713,1,7
525,13,1104,521,47,175,0.666206,1,14
525,12,1203,503,62,149,0.760249,1,8
525,11,956,577,57,156,0.692613,1,13
525,10,848,542,77,183,0.726349,1,11
525,8,662,606,87,186,0.848437,1,2
525,7,551,570,73,192,0.792442,1,5
525,6,478,572,75,175,0.827011,1,4
525,5,303,625,95,189,0.866730,1,1
525,3,1715,385,204,139,0.830143,3,3
525,2,846,487,268,162,0.719797,3,12
525,1,1524,396,322,150,0.896334,3,0
526,21,1138,515,59,157,0.637043,1,15
526,20,1006,541,54,168,0.749486,1,10
526,17,739,543,68,174,0.760696,1,6
526,16,1335,486,81,161,0.747374,1,11
526,14,1288,468,61,157,0.756613,1,8
526,13,1089,524,61,170,0.736672,1,14
526,12,1199,503,65,150,0.774084,1,5
526,11,948,578,65,158,0.742564,1,12
526,10,845,548,81,175,0.756948,1,7
526,8,662,605,79,189,0.848130,1,2
526,7,547,572,76,193,0.749668,1,9
526,6,472,572,80,174,0.811927,1,4
526,5,303,626,94,189,0.859241,1,1
526,3,1715,385,204,139,0.824594,3,3
526,2,845,486,267,157,0.738691,3,13
526,1,1524,396,322,149,0.899430,3,0
527,21,1135,515,63,158,0.647495,1,15
527,20,1003,540,51,167,0.711542,1,13
527,17,735,544,64,175,0.764884,1,8
527,16,1337,485,77,165,0.764694,1,9
527,14,1286,470,58,156,0.656288,1,14
527,13,1082,524,66,170,0.747670,1,11
527,12,1194,504,69,148,0.765392,1,7
527,11,947,578,65,159,0.781812,1,5
527,10,843,548,81,175,0.750144,1,10
527,8,662,605,76,190,0.830053,1,2
527,7,548,572,72,194,0.776201,1,6
527,6,470,571,84,176,0.808374,1,4
527,5,302,626,93,190,0.853089,1,1
527,3,1715,385,204,139,0.825603,3,3
527,2,844,487,266,158,0.714792,3,12
527,1,1524,396,322,149,0.901081,3,0
528,21,1134,515,61,157,0.650185,1,14
528,20,999,541,45,171,0.680627,1,13
528,17,731,544,60,173,0.784726,1,5
528,16,1339,486,74,167,0.768258,1,10
528,14,1285,468,52,159,0.637941,1,15
528,13,1075,527,73,166,0.782659,1,8
528,12,1192,503,71,150,0.782762,1,7
528,11,944,580,66,161,0.779306,1,9
528,10,840,550,84,174,0.763162,1,11
528,8,662,605,69,190,0.848381,1,1
528,7,545,572,74,191,0.783073,1,6
528,6,467,571,86,177,0.821294,1,4
528,5,302,627,91,190,0.846181,1,2
528,3,1716,385,203,139,0.828660,3,3
528,2,845,487,263,170,0.683547,3,12
528,1,1524,396,322,150,0.898261,3,0
529,21,1132,513,57,160,0.657628,1,15
529,20,996,542,42,168,0.681426,1,13
529,17,728,544,53,175,0.803206,1,5
529,16,1339,487,72,165,0.781628,1,9
529,14,1282,470,50,157,0.703733,1,12
529,13,1069,527,79,164,0.789080,1,7
529,12,1196,503,68,150,0.782966,1,8
529,11,946,583,64,158,0.765333,1,11
529,10,837,550,86,175,0.772399,1,10
529,8,662,606,63,190,0.837764,1,2
529,7,536,573,82,191,0.802001,1,6
529,6,466,574,86,177,0.807790,1,4
529,5,301,627,84,191,0.839176,1,1
529,3,1715,385,204,139,0.830407,3,3
529,2,844,487,263,171,0.657849,3,14
529,1,1524,396,322,150,0.898314,3,0
530,21,1131,515,53,163,0.697114,1,13
530,20,993,540,44,169,0.648847,1,14
530,17,724,544,51,176,0.785902,1,10
530,16,1342,486,69,167,0.793873,1,8
530,14,1281,468,51,161,0.699763,1,12
530,13,1065,523,84,170,0.796798,1,7
530,12,1194,503,69,150,0.798439,1,6
530,11,947,580,59,160,0.750674,1,11
530,10,838,550,85,175,0.787408,1,9
530,8,659,606,60,190,0.826789,1,1
530,7,531,574,87,187,0.809781,1,5
530,6,466,573,85,177,0.810785,1,4
530,5,298,626,79,191,0.821679,1,2
530,3,1716,385,203,139,0.819148,3,3
530,2,842,486,259,175,0.624079,3,15
530,1,1524,396,322,150,0.895162,3,0
531,21,1129,516,51,163,0.699754,1,12
531,20,990,539,46,170,0.665257,1,13
531,17,718,544,57,176,0.790319,1,8
531,16,1342,487,66,165,0.799822,1,6
531,14,1274,469,55,161,0.660066,1,14
531,13,1062,523,86,169,0.795432,1,7
531,12,1193,502,68,151,0.773369,1,10
531,11,947,581,54,159,0.738310,1,11
531,10,835,552,87,173,0.785586,1,9
531,8,654,605,56,190,0.810381,1,5
531,7,527,575,91,187,0.818952,1,4
531,6,466,574,81,177,0.822047,1,2
531,5,296,627,73,190,0.829613,1,1
531,3,1716,385,203,140,0.821455,3,3
531,1,1524,396,322,149,0.897684,3,0
532,21,1129,516,50,157,0.668871,1,13
532,20,985,543,49,165,0.699681,1,12
532,17,711,545,65,177,0.781913,1,9
532,16,1343,488,64,166,0.784609,1,8
532,14,1273,468,53,163,0.659152,1,14
532,13,1062,524,88,168,0.803778,1,5
532,12,1192,503,68,151,0.779796,1,10
532,11,947,581,50,160,0.708132,1,11
532,10,835,551,88,174,0.802885,1,7
532,8,649,607,54,188,0.803112,1,6
532,7,519,576,100,189,0.837144,1,1
532,6,464,574,80,175,0.827437,1,2
532,5,293,627,71,191,0.809685,1,4
532,3,1716,385,203,140,0.823533,3,3
532,1,1524,396,322,150,0.898500,3,0
533,21,1127,518,50,155,0.634300,1,14
533,20,980,544,56,165,0.714067,1,12
533,17,701,547,74,180,0.795905,1,6
533,16,1342,487,64,166,0.774723,1,8
533,14,1271,469,54,162,0.728031,1,11
533,13,1060,525,89,168,0.774687,1,9
533,12,1191,503,66,151,0.770377,1,10
533,11,946,581,45,160,0.667242,1,13
533,10,834,551,87,174,0.817666,1,4
533,8,644,608,50,188,0.820784,1,2
533,7,518,578,99,188,0.813238,1,5
533,6,463,574,77,175,0.819685,1,3
533,5,288,626,64,190,0.794114,1,7
533,3,1716,385,203,140,0.823807,3,1
533,1,1524,396,322,149,0.898432,3,0
534,21,1123,517,54,154,0.608234,1,14
534,20,968,543,67,166,0.689350,1,13
534,17,692,547,84,179,0.813210,1,5
534,16,1343,487,63,166,0.780859,1,9
534,14,1267,471,56,159,0.784406,1,7
534,13,1058,527,89,167,0.774324,1,10
534,12,1188,503,67,151,0.773001,1,11
534,11,941,581,44,160,0.703490,1,12
534,10,834,551,86,174,0.822928,1,2
534,8,639,607,55,188,0.811546,1,6
534,7,517,577,100,188,0.820146,1,3
534,6,462,575,73,175,0.813230,1,4
534,5,282,625,60,192,0.784087,1,8
534,3,1713,384,206,140,0.830788,3,1
534,1,1524,396,323,149,0.899966,3,0
535,21,1117,520,58,150,0.611951,1,14
535,20,967,545,69,164,0.678944,1,13
535,17,687,547,88,178,0.821611,1,4
535,16,1342,488,58,166,0.753024,1,11
535,14,1263,470,61,158,0.766829,1,9
535,13,1058,528,83,167,0.768594,1,8
535,12,1186,502,66,151,0.765683,1,10
535,11,941,582,43,158,0.698584,1,12
535,10,834,550,84,176,0.804794,1,5
535,8,635,604,59,190,0.834413,1,1
535,7,518,577,97,190,0.832567,1,2
535,6,460,575,68,175,0.803827,1,6
535,5,277,625,59,196,0.777940,1,7
535,3,1714,385,205,140,0.827660,3,3
535,1,1525,396,322,149,0.900385,3,0
536,20,965,540,70,170,0.720939,1,11
536,17,687,546,88,179,0.809619,1,4
536,16,1342,488,55,165,0.752002,1,8
536,14,1259,470,61,159,0.754796,1,7
536,13,1058,528,79,167,0.719396,1,12
536,12,1183,502,64,152,0.738839,1,10
536,11,936,584,44,157,0.682156,1,13
536,10,834,538,80,188,0.760888,1,6
536,8,626,609,66,186,0.839408,1,1
536,7,518,576,94,190,0.831647,1,2
536,6,458,576,60,173,0.742003,1,9
536,5,270,628,66,196,0.809506,1,5
536,3,1715,385,205,140,0.831300,3,3
536,1,1524,396,322,149,0.902305,3,0
537,20,966,542,67,169,0.731563,1,10
537,17,684,549,88,175,0.815708,1,3
537,16,1340,491,55,163,0.731392,1,11
537,14,1257,472,63,158,0.762514,1,7
537,13,1058,528,78,167,0.747646,1,8
537,12,1185,502,58,152,0.702822,1,12
537,11,932,583,44,158,0.701542,1,13
537,10,833,539,79,187,0.741138,1,9
537,8,613,607,80,190,0.803761,1,4
537,7,518,577,93,189,0.827411,1,2
537,6,457,574,54,177,0.773858,1,6
537,5,263,627,72,195,0.797548,1,5
537,3,1714,385,205,140,0.831824,3,1
537,1,1524,396,322,149,0.902116,3,0
538,20,967,543,65,167,0.722310,1,11
538,17,678,550,95,175,0.797254,1,5
538,16,1338,491,54,162,0.739606,1,8
538,14,1257,472,62,158,0.766467,1,7
538,13,1057,528,75,166,0.704892,1,13
538,12,1186,503,57,152,0.713442,1,12
538,11,927,583,48,157,0.728184,1,10
538,10,823,551,85,175,0.732985,1,9
538,8,605,607,86,190,0.843737,1,1
538,7,518,578,79,188,0.833637,1,2
538,6,451,573,50,178,0.793056,1,6
538,5,254,630,82,195,0.820853,1,4
538,3,1715,384,205,140,0.832117,3,3
538,1,1524,396,322,149,0.901959,3,0
539,20,967,544,66,167,0.734227,1,8
539,17,676,550,96,176,0.811283,1,5
539,16,1337,491,53,162,0.717655,1,9
539,14,1256,473,62,157,0.752679,1,7
539,13,1057,529,66,165,0.647891,1,13
539,12,1184,502,56,152,0.684268,1,11
539,11,921,582,54,157,0.705610,1,10
539,10,819,550,83,176,0.671033,1,12
539,8,598,609,94,190,0.837164,1,2
539,7,518,578,74,189,0.832331,1,4
539,6,450,575,48,178,0.802519,1,6
539,5,250,631,86,196,0.851679,1,1
539,3,1713,384,206,140,0.835319,3,3
539,1,1525,396,322,149,0.900518,3,0
540,20,965,543,65,168,0.714367,1,9
540,17,676,552,92,174,0.831390,1,4
540,16,1334,490,53,163,0.708731,1,10
540,14,1256,472,62,158,0.732408,1,8
540,13,1057,528,61,166,0.614546,1,12
540,12,1185,503,55,152,0.700268,1,11
540,11,909,580,66,162,0.739998,1,7
540,10,829,549,68,173,0.613360,1,13
540,8,590,610,102,190,0.845632,1,1
540,7,519,578,64,189,0.774158,1,6
540,6,447,576,50,177,0.793455,1,5
540,5,246,633,90,194,0.841018,1,2
540,3,1713,384,206,140,0.831979,3,3
540,1,1525,396,322,149,0.898367,3,0
541,20,961,543,64,167,0.691821,1,11
541,17,673,551,91,174,0.827426,1,4
541,16,1331,490,53,163,0.715224,1,9
541,14,1256,471,62,160,0.739921,1,7
541,13,1056,527,45,172,0.630311,1,12
541,12,1182,503,54,156,0.712393,1,10
541,11,901,581,74,161,0.726382,1,8
541,10,824,548,68,174,0.625501,1,14
541,8,588,612,103,190,0.835161,1,2
541,7,518,577,59,189,0.749966,1,6
541,6,441,577,54,173,0.784474,1,5
541,5,240,635,94,192,0.851452,1,1
541,3,1713,384,206,140,0.828166,3,3
541,1,1525,396,322,149,0.898166,3,0
542,20,959,538,63,172,0.694504,1,12
542,17,675,550,83,176,0.800060,1,5
542,16,1329,489,52,164,0.740204,1,9
542,14,1255,470,62,160,0.740298,1,8
542,13,1053,526,44,172,0.700016,1,11
542,12,1181,503,54,157,0.701566,1,10
542,11,896,581,79,161,0.751094,1,7
542,8,589,613,102,189,0.851208,1,1
542,7,515,577,51,189,0.785257,1,6
542,6,423,577,73,176,0.806982,1,4
542,5,237,634,95,195,0.822725,1,3
542,3,1713,384,207,139,0.828470,3,2
542,1,1525,396,323,149,0.896721,3,0
543,21,1116,521,45,163,0.608086,1,13
543,20,955,541,60,169,0.752531,1,8
543,17,675,550,74,176,0.801384,1,5
543,16,1327,487,52,166,0.768248,1,7
543,14,1255,470,62,160,0.738298,1,10
543,13,1050,527,47,171,0.678211,1,12
543,12,1179,505,53,155,0.717624,1,11
543,11,895,582,80,161,0.752139,1,9
543,8,586,614,104,189,0.870393,1,1
543,7,510,577,55,190,0.797323,1,6
543,6,414,578,81,174,0.832649,1,3
543,5,228,634,101,197,0.838610,1,2
543,3,1712,384,207,139,0.829097,3,4
543,1,1525,396,322,149,0.896758,3,0
544,21,1118,520,42,164,0.654785,1,13
544,20,953,546,54,165,0.695904,1,11
544,17,676,551,67,182,0.807781,1,5
544,16,1322,487,55,164,0.752252,1,8
544,14,1253,469,56,161,0.707506,1,10
544,13,1048,526,45,168,0.666611,1,12
544,12,1178,504,51,155,0.736345,1,9
544,11,896,587,78,158,0.753675,1,7
544,8,586,615,103,187,0.876894,1,1
544,7,506,578,53,189,0.774283,1,6
544,6,405,580,91,173,0.828278,1,3
544,5,230,636,96,195,0.847740,1,2
544,3,1713,385,206,139,0.825722,3,4
544,1,1525,396,322,149,0.896563,3,0
545,21,1117,520,41,164,0.664904,1,12
545,20,949,546,50,164,0.622261,1,13
545,17,672,551,64,178,0.794237,1,5
545,16,1314,490,60,162,0.729559,1,8
545,14,1252,468,51,162,0.686918,1,10
545,13,1045,529,45,165,0.668366,1,11
545,12,1174,505,53,152,0.726829,1,9
545,11,896,586,77,158,0.756860,1,7
545,8,586,616,104,186,0.878954,1,1
545,7,501,578,56,190,0.786409,1,6
545,6,400,581,96,172,0.828284,1,4
545,5,227,636,94,195,0.852735,1,2
545,3,1713,384,207,139,0.831385,3,3
545,1,1525,396,322,149,0.897294,3,0
546,21,1115,520,41,166,0.622915,1,13
546,20,947,548,48,165,0.656150,1,11
546,17,671,551,60,178,0.792497,1,5
546,16,1307,491,65,163,0.754043,1,7
546,14,1251,467,50,163,0.697714,1,10
546,13,1037,527,52,167,0.626091,1,12
546,12,1173,505,53,153,0.713827,1,9
546,11,895,587,76,159,0.741947,1,8
546,8,586,615,100,186,0.871319,1,1
546,7,497,579,58,188,0.776588,1,6
546,6,399,579,96,176,0.817748,1,4
546,5,225,636,89,195,0.820712,1,3
546,3,1713,384,207,139,0.829270,3,2
546,1,1525,396,322,149,0.897548,3,0
547,21,1112,519,41,165,0.663592,1,12
547,20,945,547,41,175,0.638573,1,14
547,17,665,552,57,177,0.766127,1,6
547,16,1302,492,69,162,0.760098,1,7
547,14,1248,468,48,164,0.691297,1,11
547,13,1027,527,61,169,0.696425,1,10
547,12,1172,505,53,153,0.717111,1,9
547,11,894,588,75,159,0.737051,1,8
547,8,585,614,97,188,0.855906,1,1
547,7,491,577,62,189,0.807610,1,4
547,6,399,579,96,176,0.825492,1,3
547,5,224,638,81,192,0.789298,1,5
547,3,1713,385,206,139,0.831533,3,2
547,1,1525,396,322,149,0.898210,3,0
548,21,1107,521,47,163,0.669883,1,12
548,20,941,546,41,176,0.633974,1,14
548,17,662,551,56,176,0.774958,1,6
548,16,1297,493,72,162,0.785990,1,5
548,14,1246,468,47,165,0.731773,1,9
548,13,1017,529,71,166,0.737218,1,8
548,12,1172,507,51,152,0.697896,1,11
548,11,895,590,70,156,0.749017,1,7
548,8,586,615,88,188,0.849545,1,1
548,7,470,579,81,188,0.814440,1,3
548,6,397,579,98,178,0.809058,1,4
548,5,215,637,79,195,0.722366,1,10
548,3,1713,384,206,139,0.835244,3,2
548,1,1525,396,322,149,0.896971,3,0
549,21,1104,522,48,161,0.665295,1,13
549,20,937,541,44,175,0.622682,1,14
549,17,659,552,57,174,0.775974,1,6
549,16,1294,493,75,162,0.799637,1,5
549,14,1245,467,47,164,0.720429,1,9
549,13,1010,530,79,165,0.746242,1,8
549,12,1166,508,54,150,0.671006,1,12
549,11,894,584,65,161,0.682131,1,11
549,10,797,549,73,179,0.713689,1,10
549,8,587,615,81,188,0.836458,1,1
549,7,465,581,86,186,0.833674,1,3
549,6,396,580,95,177,0.824770,1,4
549,5,214,637,74,193,0.775499,1,7
549,3,1714,384,206,139,0.834068,3,2
549,1,1525,396,322,149,0.896119,3,0
550,21,1101,523,50,161,0.664855,1,12
550,20,935,544,49,176,0.685889,1,11
550,17,656,552,60,175,0.773570,1,7
550,16,1295,492,74,163,0.795981,1,4
550,14,1242,467,48,164,0.721571,1,10
550,13,1002,529,87,166,0.762821,1,8
550,12,1165,508,54,154,0.658907,1,13
550,10,797,548,72,180,0.746654,1,9
550,8,585,612,76,190,0.823165,1,3
550,7,457,580,94,187,0.856978,1,1
550,6,396,580,89,176,0.792621,1,5
550,5,212,638,64,193,0.776964,1,6
550,3,1713,385,206,139,0.832408,3,2
550,1,1525,396,323,149,0.896480,3,0
551,21,1098,524,52,162,0.661762,1,12
551,20,930,547,50,170,0.680538,1,11
551,17,646,553,71,175,0.785587,1,6
551,16,1294,495,75,162,0.807349,1,4
551,14,1238,467,51,163,0.715817,1,10
551,13,999,530,87,164,0.755271,1,8
551,12,1157,507,60,155,0.606441,1,14
551,10,795,548,72,180,0.760672,1,7
551,8,582,613,73,189,0.804709,1,5
551,7,453,581,99,187,0.825910,1,2
551,6,396,580,86,176,0.813864,1,3
551,5,213,640,64,192,0.748316,1,9
551,3,1713,385,206,139,0.831542,3,1
551,1,1525,396,322,149,0.895420,3,0
552,21,1094,527,55,157,0.679716,1,13
552,20,924,548,56,170,0.695873,1,12
552,17,634,556,83,173,0.815859,1,3
552,16,1293,496,76,160,0.817382,1,2
552,14,1233,467,53,163,0.766904,1,9
552,13,996,531,89,164,0.754323,1,10
552,12,1156,508,60,154,0.600214,1,14
552,10,793,550,70,176,0.767115,1,8
552,8,577,612,69,191,0.802567,1,7
552,7,452,584,99,186,0.814071,1,4
552,6,395,579,84,178,0.808968,1,6
552,5,206,638,69,195,0.812852,1,5
552,3,1715,384,205,140,0.830653,3,1
552,1,1525,396,322,149,0.895189,3,0
553,21,1089,526,60,159,0.709200,1,11
553,20,920,548,60,168,0.697724,1,12
553,17,629,556,87,173,0.835104,1,3
553,16,1292,494,75,163,0.813073,1,6
553,14,1228,468,57,165,0.753733,1,10
553,13,997,529,89,166,0.762237,1,8
553,11,876,594,62,153,0.691003,1,13
553,10,792,554,67,173,0.757565,1,9
553,8,572,612,67,192,0.800371,1,7
553,7,448,584,104,186,0.848191,1,1
553,6,397,581,76,176,0.842548,1,2
553,5,199,639,77,193,0.830950,1,4
553,3,1715,384,205,140,0.826301,3,5
553,1,1525,396,322,149,0.893914,3,0
554,21,1087,527,61,157,0.724562,1,11
554,20,917,549,62,167,0.687967,1,13
554,17,627,558,87,171,0.846538,1,3
554,16,1293,496,74,161,0.812204,1,5
554,14,1220,469,65,163,0.754416,1,10
554,13,994,530,90,166,0.759999,1,8
554,11,866,593,63,158,0.699301,1,12
554,10,790,549,62,178,0.756956,1,9
554,8,566,613,63,193,0.805242,1,6
554,7,445,584,106,187,0.849142,1,1
554,6,397,578,72,177,0.800761,1,7
554,5,183,639,91,194,0.847620,1,2
554,3,1715,384,205,140,0.825090,3,4
554,1,1525,396,323,148,0.892181,3,0
555,21,1085,526,64,160,0.716140,1,11
555,20,912,547,66,169,0.656548,1,13
555,17,625,557,88,170,0.821879,1,4
555,16,1292,495,74,162,0.801443,1,7
555,14,1213,469,72,161,0.740859,1,10
555,13,992,532,92,164,0.745012,1,9
555,11,860,595,67,159,0.694060,1,12
555,10,788,547,58,180,0.755160,1,8
555,8,560,613,64,196,0.813237,1,5
555,7,445,583,105,187,0.869074,1,2
555,6,396,577,67,179,0.805473,1,6
555,5,173,640,102,193,0.878176,1,1
555,3,1715,384,205,140,0.824821,3,3
555,1,1524,396,322,149,0.891940,3,0
556,21,1083,527,65,158,0.713721,1,11
556,20,910,546,68,169,0.649630,1,13
556,17,622,559,91,170,0.826167,1,3
556,16,1293,495,73,161,0.787439,1,7
556,14,1207,470,78,161,0.760469,1,8
556,13,994,531,87,166,0.754550,1,9
556,11,846,593,81,159,0.704242,1,12
556,10,785,551,56,176,0.717095,1,10
556,8,555,614,69,195,0.825348,1,5
556,7,443,583,105,188,0.877920,1,1
556,6,395,577,62,178,0.789712,1,6
556,5,171,640,105,195,0.873705,1,2
556,3,1715,385,204,139,0.825974,3,4
556,1,1524,396,322,149,0.893224,3,0
557,21,1081,531,67,154,0.744829,1,11
557,20,908,547,71,169,0.640630,1,13
557,17,615,560,96,170,0.828358,1,4
557,16,1291,495,74,161,0.787782,1,6
557,14,1202,473,82,158,0.766767,1,7
557,13,993,531,84,165,0.763426,1,8
557,11,843,590,83,163,0.733017,1,12
557,10,783,551,56,177,0.757756,1,9
557,8,550,615,71,193,0.847502,1,3
557,7,443,580,102,193,0.873059,1,1
557,6,392,579,54,178,0.751289,1,10
557,5,166,640,109,194,0.855446,1,2
557,3,1716,385,204,140,0.826292,3,5
557,2,846,488,256,176,0.635635,3,14
557,1,1524,396,322,149,0.895194,3,0
558,21,1078,532,69,155,0.718108,1,12
558,20,908,548,71,168,0.644552,1,14
558,17,614,558,96,172,0.830745,1,4
558,16,1291,494,72,162,0.763910,1,8
558,14,1198,472,85,159,0.773526,1,6
558,13,993,529,83,167,0.736500,1,10
558,11,858,597,68,156,0.673861,1,13
558,10,778,552,58,174,0.736529,1,9
558,8,544,616,77,195,0.842200,1,2
558,7,443,580,99,193,0.838435,1,3
558,6,387,579,49,180,0.764868,1,7
558,5,165,640,107,195,0.856013,1,1
558,3,1716,385,203,140,0.824885,3,5
558,2,846,487,254,174,0.728447,3,11
558,1,1525,396,322,150,0.893308,3,0
559,21,1076,533,70,155,0.740904,1,10
559,20,905,549,73,167,0.690699,1,13
559,17,613,558,94,172,0.830074,1,3
559,16,1292,494,66,162,0.770005,1,8
559,14,1199,472,84,159,0.778999,1,7
559,13,992,529,77,169,0.762224,1,9
559,11,849,598,76,155,0.730063,1,11
559,10,775,553,59,175,0.703569,1,12
559,8,535,618,85,191,0.841493,1,2
559,7,444,580,92,192,0.824989,1,4
559,6,383,581,51,182,0.780670,1,6
559,5,163,643,109,191,0.863119,1,1
559,3,1716,385,203,140,0.821911,3,5
559,2,845,487,250,174,0.684919,3,14
559,1,1525,396,323,150,0.894034,3,0
560,21,1074,534,71,154,0.730834,1,12
560,20,900,549,75,168,0.720652,1,13
560,17,609,556,93,175,0.843326,1,2
560,16,1291,493,62,163,0.754764,1,9
560,14,1198,473,85,158,0.779553,1,7
560,13,991,528,75,169,0.742198,1,11
560,11,833,596,93,158,0.758867,1,8
560,10,770,553,62,174,0.744339,1,10
560,8,529,619,90,190,0.842367,1,3
560,7,442,584,86,188,0.817644,1,5
560,6,378,581,51,184,0.783038,1,6
560,5,163,644,103,190,0.855237,1,1
560,3,1715,385,204,140,0.822980,3,4
560,2,845,487,243,177,0.638701,3,15
560,1,1524,396,322,150,0.891900,3,0
561,21,1074,535,71,152,0.720169,1,12
561,20,897,545,74,173,0.661330,1,14
561,17,612,558,84,174,0.835316,1,3
561,16,1288,493,61,163,0.737729,1,10
561,14,1198,471,85,159,0.783845,1,6
561,13,991,529,69,167,0.727638,1,11
561,12,1147,511,54,157,0.668412,1,13
561,11,844,593,81,161,0.761844,1,8
561,10,764,553,69,173,0.747530,1,9
561,8,526,619,93,189,0.842627,1,2
561,7,443,585,79,187,0.826562,1,4
561,6,369,583,60,184,0.782246,1,7
561,5,163,644,99,190,0.853713,1,1
561,3,1715,385,204,140,0.818253,3,5
561,1,1524,396,323,149,0.889703,3,0
562,21,1072,533,70,154,0.721372,1,11
562,20,894,544,74,174,0.643955,1,14
562,17,609,556,80,174,0.826982,1,3
562,16,1288,495,56,162,0.742174,1,10
562,14,1197,468,85,162,0.776474,1,7
562,13,990,529,65,168,0.717861,1,12
562,12,1144,510,56,159,0.658783,1,13
562,11,841,596,81,158,0.743152,1,9
562,10,754,553,75,175,0.753812,1,8
562,8,521,621,99,188,0.853122,1,2
562,7,443,582,74,189,0.793686,1,6
562,6,363,584,66,180,0.794380,1,5
562,5,162,645,93,189,0.856963,1,1
562,3,1716,385,204,140,0.822369,3,4
562,1,1524,396,323,150,0.889985,3,0
563,21,1069,532,71,157,0.670400,1,13
563,17,603,556,80,173,0.817506,1,4
563,16,1282,494,60,163,0.749112,1,9
563,14,1196,468,85,163,0.764322,1,8
563,13,989,528,58,169,0.718439,1,11
563,12,1141,510,60,156,0.673617,1,12
563,11,846,595,74,160,0.774534,1,7
563,10,747,552,82,176,0.732821,1,10
563,8,517,620,102,189,0.842131,1,2
563,7,442,584,67,189,0.792416,1,6
563,6,352,586,75,180,0.817427,1,5
563,5,161,644,86,190,0.853375,1,1
563,3,1715,384,204,140,0.824823,3,3
563,1,1524,396,323,150,0.890538,3,0
564,21,1068,529,70,158,0.656883,1,13
564,17,601,556,73,174,0.797428,1,5
564,16,1279,495,63,163,0.773276,1,8
564,14,1196,467,82,163,0.783367,1,6
564,13,988,527,50,172,0.658819,1,12
564,12,1138,510,63,156,0.722477,1,11
564,11,847,596,71,158,0.765059,1,9
564,10,741,552,88,177,0.781038,1,7
564,8,516,620,103,191,0.847450,1,1
564,7,436,584,63,189,0.750683,1,10
564,6,349,586,80,180,0.805365,1,4
564,5,160,645,78,190,0.808159,1,3
564,3,1716,385,203,140,0.821918,3,2
564,1,1524,396,322,150,0.889846,3,0
565,21,1067,530,67,157,0.688507,1,13
565,17,596,556,69,172,0.798249,1,5
565,16,1276,494,65,164,0.764433,1,9
565,14,1195,466,80,163,0.787517,1,7
565,13,984,528,48,171,0.689238,1,12
565,12,1135,511,66,155,0.737039,1,10
565,11,846,595,65,159,0.732481,1,11
565,10,739,552,90,178,0.789357,1,6
565,8,515,620,103,191,0.859324,1,1
565,7,425,584,70,191,0.764719,1,8
565,6,345,587,85,180,0.802855,1,4
565,5,158,645,69,189,0.820047,1,3
565,3,1716,385,203,140,0.820420,3,2
565,1,1524,396,322,150,0.890778,3,0
566,21,1066,530,66,158,0.707997,1,12
566,20,881,547,47,171,0.617438,1,14
566,17,595,555,62,175,0.779921,1,7
566,16,1273,494,68,166,0.756869,1,9
566,14,1194,465,79,163,0.791225,1,5
566,13,984,529,46,170,0.718187,1,11
566,12,1132,511,67,157,0.749677,1,10
566,11,843,594,53,161,0.617931,1,13
566,10,740,556,89,175,0.804923,1,3
566,8,516,620,101,191,0.859082,1,1
566,7,418,584,75,192,0.771635,1,8
566,6,346,588,84,180,0.796414,1,4
566,5,152,644,64,192,0.781875,1,6
566,3,1715,385,204,140,0.829659,3,2
566,1,1524,396,323,149,0.894793,3,0
567,21,1064,530,62,158,0.704181,1,11
567,20,878,550,43,168,0.633602,1,14
567,17,592,554,56,179,0.755379,1,9
567,16,1272,495,64,167,0.742617,1,10
567,14,1193,465,77,164,0.774731,1,7
567,13,982,532,45,170,0.688645,1,12
567,12,1129,511,69,157,0.761343,1,8
567,11,844,592,46,162,0.663862,1,13
567,10,741,555,85,176,0.815452,1,3
567,8,516,621,95,191,0.860331,1,1
567,7,415,585,77,195,0.805537,1,4
567,6,344,589,85,181,0.803412,1,5
567,5,147,644,60,194,0.786659,1,6
567,3,1715,385,204,140,0.826220,3,2
567,1,1524,396,323,149,0.894571,3,0
568,21,1060,529,62,159,0.695002,1,11
568,20,875,550,42,168,0.601353,1,14
568,17,588,555,59,181,0.768813,1,7
568,16,1271,495,66,165,0.761261,1,8
568,14,1191,464,72,163,0.775274,1,6
568,13,979,531,46,174,0.664262,1,13
568,12,1126,512,73,156,0.753399,1,10
568,11,841,585,50,170,0.678858,1,12
568,10,740,558,86,174,0.806372,1,4
568,8,516,621,91,192,0.862061,1,1
568,7,411,586,80,195,0.793465,1,5
568,6,343,590,84,179,0.807036,1,3
568,5,144,643,56,199,0.755795,1,9
568,3,1716,385,204,140,0.827427,3,2
568,1,1524,396,323,149,0.896255,3,0
569,21,1057,531,60,163,0.663245,1,12
569,20,871,553,44,162,0.620534,1,14
569,17,587,555,61,180,0.777083,1,6
569,16,1267,495,70,165,0.772349,1,7
569,14,1191,465,66,162,0.727794,1,10
569,13,965,533,60,170,0.674803,1,11
569,12,1126,514,73,154,0.752315,1,9
569,11,836,590,45,164,0.637813,1,13
569,10,739,558,85,175,0.805354,1,3
569,8,518,622,81,191,0.833174,1,1
569,7,407,587,81,195,0.793128,1,4
569,6,342,590,82,179,0.787483,1,5
569,5,140,643,61,201,0.758246,1,8
569,3,1715,385,204,140,0.830384,3,2
569,1,1524,396,323,150,0.895518,3,0
570,21,1051,531,60,163,0.635348,1,14
570,20,872,554,43,163,0.674003,1,12
570,17,579,555,68,185,0.783944,1,7
570,16,1264,496,69,165,0.768665,1,8
570,14,1190,462,60,162,0.683937,1,11
570,13,958,531,67,173,0.659786,1,13
570,12,1123,514,77,154,0.766508,1,9
570,11,832,593,47,162,0.687688,1,10
570,10,737,556,83,176,0.794024,1,5
570,8,518,621,75,191,0.834348,1,1
570,7,402,587,90,193,0.810678,1,3
570,6,342,591,80,179,0.784435,1,6
570,5,129,645,72,202,0.804303,1,4
570,3,1715,385,204,139,0.829956,3,2
570,1,1524,396,323,150,0.893987,3,0
571,21,1049,534,58,159,0.617772,1,14
571,20,869,553,45,163,0.680367,1,13
571,17,572,557,76,179,0.808250,1,4
571,16,1260,497,70,165,0.772611,1,7
571,14,1189,462,53,163,0.693216,1,12
571,13,954,529,72,174,0.693354,1,11
571,12,1121,514,79,153,0.756445,1,8
571,11,828,596,50,158,0.722142,1,9
571,10,736,557,82,176,0.779025,1,6
571,8,516,617,68,196,0.839013,1,1
571,7,396,589,96,189,0.813572,1,3
571,6,342,590,74,181,0.718845,1,10
571,5,111,647,89,198,0.792513,1,5
571,3,1715,385,205,140,0.828144,3,2
571,1,1524,396,323,150,0.895589,3,0
572,20,865,555,49,162,0.662614,1,13
572,17,567,560,80,178,0.833242,1,1
572,16,1259,498,69,164,0.769531,1,8
572,14,1187,460,49,166,0.722356,1,12
572,13,951,529,74,172,0.727644,1,11
572,12,1120,515,80,153,0.774505,1,6
572,11,814,595,63,160,0.748471,1,9
572,10,735,558,81,176,0.771967,1,7
572,8,513,618,63,195,0.807559,1,5
572,7,393,590,101,189,0.808814,1,4
572,6,339,589,69,182,0.735325,1,10
572,5,103,648,97,198,0.816131,1,3
572,3,1716,385,203,139,0.827140,3,2
572,1,1524,396,323,149,0.897015,3,0
573,20,862,553,52,164,0.637906,1,13
573,17,561,558,87,180,0.820095,1,2
573,16,1259,497,65,164,0.776928,1,6
573,14,1187,461,43,164,0.741488,1,10
573,13,947,530,78,172,0.718195,1,11
573,12,1119,514,81,154,0.750491,1,9
573,11,802,596,74,159,0.760078,1,8
573,10,733,557,81,176,0.791035,1,5
573,8,510,619,54,194,0.776645,1,7
573,7,390,591,104,191,0.817838,1,3
573,6,337,589,59,181,0.713939,1,12
573,5,101,649,98,197,0.816673,1,4
573,3,1715,385,204,139,0.829301,3,1
573,1,1524,396,323,149,0.895584,3,0
574,20,857,553,58,163,0.674104,1,13
574,17,557,558,88,180,0.823277,1,4
574,16,1258,497,65,164,0.777854,1,8
574,14,1184,462,43,164,0.765409,1,9
574,13,943,532,83,171,0.742895,1,11
574,12,1118,514,81,154,0.737905,1,12
574,11,794,595,83,160,0.807404,1,6
574,10,732,555,75,178,0.796737,1,7
574,8,504,620,55,193,0.811921,1,5
574,7,390,592,103,191,0.840302,1,1
574,6,332,590,58,180,0.752458,1,10
574,5,98,649,102,196,0.828981,1,2
574,3,1714,385,205,140,0.824721,3,3
574,1,1524,396,323,149,0.896859,3,0
575,20,855,553,59,163,0.687285,1,12
575,17,555,558,90,180,0.821200,1,4
575,16,1256,501,66,163,0.786372,1,7
575,14,1177,461,49,165,0.727751,1,11
575,13,939,534,86,168,0.746929,1,10
575,12,1116,513,68,154,0.648823,1,13
575,11,789,597,88,159,0.811133,1,5
575,10,732,556,69,176,0.766254,1,9
575,8,499,619,55,195,0.806022,1,6
575,7,388,593,105,191,0.823231,1,3
575,6,331,590,54,180,0.766534,1,8
575,5,96,651,104,197,0.826565,1,2
575,3,1714,385,205,139,0.828649,3,1
575,1,1524,396,323,149,0.897632,3,0
576,21,1040,535,62,161,0.688442,1,13
576,20,852,554,62,164,0.712958,1,12
576,17,552,558,92,180,0.814260,1,5
576,16,1257,501,65,163,0.774877,1,7
576,14,1173,461,52,163,0.726615,1,11
576,13,937,531,88,172,0.747978,1,9
576,12,1117,515,68,153,0.629558,1,14
576,11,790,597,88,160,0.814715,1,4
576,10,729,558,64,175,0.745420,1,10
576,8,493,620,60,195,0.837074,1,1
576,7,386,594,104,192,0.806058,1,6
576,6,327,590,53,180,0.752045,1,8
576,5,96,652,100,197,0.822706,1,3
576,3,1715,385,204,140,0.832178,3,2
576,1,1524,396,323,149,0.896602,3,0
577,21,1039,537,60,160,0.699006,1,13
577,20,849,554,65,164,0.706718,1,11
577,17,549,561,91,177,0.815570,1,4
577,16,1258,501,63,162,0.778394,1,7
577,14,1167,462,57,161,0.735378,1,10
577,13,937,534,85,170,0.756056,1,9
577,12,1114,513,61,155,0.644372,1,14
577,11,789,596,87,160,0.812519,1,6
577,10,728,558,59,177,0.702217,1,12
577,8,481,621,69,192,0.853599,1,1
577,7,385,595,97,190,0.814241,1,5
577,6,325,591,53,180,0.761534,1,8
577,5,97,653,97,198,0.821149,1,3
577,3,1715,385,204,140,0.832483,3,2
577,1,1524,396,323,149,0.897581,3,0
578,21,1037,540,62,159,0.712016,1,12
578,20,846,556,66,162,0.713887,1,11
578,17,547,563,88,175,0.798906,1,6
578,16,1257,500,61,163,0.776481,1,7
578,14,1160,462,63,161,0.715820,1,10
578,13,935,534,84,170,0.770951,1,8
578,12,1113,514,60,154,0.617080,1,14
578,11,787,595,89,162,0.808177,1,4
578,10,728,556,53,182,0.653900,1,13
578,8,469,622,81,192,0.831865,1,2
578,7,384,593,94,192,0.805727,1,5
578,6,320,591,56,179,0.751871,1,9
578,5,94,654,96,197,0.816974,1,3
578,3,1715,384,205,140,0.832529,3,1
578,1,1524,396,323,149,0.897030,3,0
579,21,1038,540,61,160,0.710336,1,10
579,20,841,556,69,161,0.684974,1,12
579,17,549,563,81,176,0.795131,1,4
579,16,1258,499,58,164,0.765968,1,7
579,14,1155,465,68,159,0.733602,1,9
579,13,937,535,79,170,0.774467,1,6
579,12,1111,513,56,154,0.619052,1,14
579,11,787,595,87,162,0.812395,1,3
579,10,723,558,58,182,0.654873,1,13
579,8,461,622,90,193,0.841285,1,1
579,7,385,592,92,193,0.792930,1,5
579,6,307,591,67,179,0.756710,1,8
579,5,92,655,91,196,0.707201,1,11
579,3,1715,384,204,140,0.829941,3,2
579,1,1524,396,323,149,0.898338,3,0
580,21,1037,539,61,162,0.721630,1,11
580,20,839,554,65,166,0.652398,1,13
580,17,548,562,74,177,0.784463,1,6
580,16,1257,497,52,166,0.750919,1,8
580,14,1152,465,70,158,0.748238,1,9
580,13,937,533,74,173,0.784792,1,5
580,12,1110,514,53,151,0.685699,1,12
580,11,787,595,82,163,0.804406,1,3
580,10,723,560,58,182,0.637886,1,14
580,8,451,623,100,193,0.832415,1,1
580,7,386,593,77,193,0.777856,1,7
580,6,295,593,78,177,0.787941,1,4
580,5,86,657,88,194,0.738477,1,10
580,3,1715,385,204,140,0.826421,3,2
580,1,1524,396,323,149,0.896811,3,0
581,21,1037,540,59,161,0.710906,1,10
581,20,835,555,62,168,0.647760,1,14
581,17,547,562,67,178,0.773326,1,7
581,16,1257,497,49,167,0.731627,1,9
581,14,1151,465,70,159,0.789177,1,5
581,13,937,538,70,167,0.776465,1,6
581,12,1109,515,53,153,0.675253,1,11
581,11,787,596,78,162,0.797341,1,4
581,10,719,560,59,184,0.659061,1,12
581,8,444,624,106,193,0.852315,1,1
581,7,385,593,69,193,0.755229,1,8
581,6,286,594,87,177,0.810965,1,3
581,5,80,656,88,195,0.648690,1,13
581,3,1717,385,203,140,0.816074,3,2
581,1,1524,396,323,150,0.893001,3,0
582,21,1036,540,57,160,0.615845,1,14
582,20,832,554,60,169,0.687282,1,11
582,17,545,561,62,179,0.731095,1,10
582,16,1255,497,48,167,0.738503,1,9
582,14,1148,464,73,159,0.803902,1,4
582,13,937,535,67,170,0.750747,1,8
582,12,1108,516,53,154,0.641153,1,13
582,11,788,597,71,162,0.753305,1,7
582,10,719,563,56,182,0.666612,1,12
582,8,443,626,107,190,0.841429,1,1
582,7,384,593,63,192,0.757355,1,6
582,6,281,593,93,177,0.829744,1,2
582,5,76,657,82,195,0.768754,1,5
582,3,1716,385,203,140,0.821491,3,3
582,1,1524,396,323,150,0.894851,3,0
583,17,541,560,56,181,0.751139,1,7
583,16,1252,497,47,168,0.756519,1,6
583,14,1147,465,75,158,0.816697,1,3
583,13,936,535,60,170,0.701431,1,10
583,11,787,597,63,162,0.747968,1,8
583,10,718,561,56,185,0.671120,1,11
583,8,440,627,110,190,0.843642,1,2
583,7,383,594,53,192,0.769596,1,5
583,6,275,597,98,174,0.848891,1,1
583,5,69,658,76,194,0.726929,1,9
583,3,1718,385,201,139,0.816005,3,4
583,1,1524,396,323,150,0.890997,3,0
584,17,537,561,56,181,0.767791,1,7
584,16,1250,497,46,168,0.760105,1,8
584,14,1144,465,76,159,0.816701,1,4
584,13,934,536,56,170,0.691878,1,11
584,11,786,597,57,161,0.726644,1,9
584,10,718,558,54,189,0.719907,1,10
584,8,438,628,111,189,0.844494,1,2
584,7,379,595,55,191,0.809565,1,5
584,6,275,598,97,174,0.870545,1,1
584,5,62,658,73,193,0.768844,1,6
584,3,1717,385,202,140,0.823837,3,3
584,1,1524,396,322,150,0.887627,3,0
585,17,534,561,51,180,0.813823,1,6
585,16,1248,497,45,168,0.765953,1,8
585,14,1143,464,73,160,0.791126,1,7
585,13,933,536,51,169,0.732370,1,9
585,11,779,596,58,162,0.683882,1,11
585,10,714,562,59,187,0.705543,1,10
585,8,439,628,110,189,0.855103,1,2
585,7,373,596,56,190,0.816873,1,5
585,6,278,598,94,175,0.873504,1,1
585,5,57,658,76,193,0.821827,1,3
585,3,1717,385,202,140,0.821307,3,4
585,1,1524,396,323,150,0.885616,3,0
586,20,820,550,44,178,0.698627,1,11
586,17,529,561,55,179,0.828176,1,3
586,16,1244,498,47,168,0.775175,1,8
586,14,1141,463,73,159,0.777194,1,7
586,13,932,534,49,171,0.726381,1,9
586,11,776,597,53,161,0.690023,1,12
586,10,714,561,59,189,0.726300,1,10
586,8,439,626,108,192,0.856076,1,1
586,7,368,596,56,190,0.822810,1,5
586,6,273,598,98,178,0.843601,1,2
586,5,53,657,79,194,0.819830,1,6
586,3,1717,385,202,140,0.825605,3,4
586,1,1524,396,322,150,0.888894,3,0
587,20,817,550,43,176,0.726933,1,9
587,17,525,561,60,179,0.836292,1,2
587,16,1242,498,47,167,0.771352,1,7
587,14,1139,462,70,161,0.762479,1,8
587,13,928,535,51,171,0.698815,1,11
587,11,769,598,51,164,0.652556,1,12
587,10,711,564,61,186,0.711920,1,10
587,8,439,628,106,190,0.843632,1,1
587,7,362,596,59,192,0.800837,1,6
587,6,273,598,96,179,0.830021,1,3
587,5,47,657,82,196,0.820527,1,5
587,3,1716,385,203,140,0.823384,3,4
587,1,1525,396,322,150,0.888856,3,0
588,20,814,551,44,175,0.743803,1,8
588,17,516,562,69,179,0.832422,1,2
588,16,1238,500,50,165,0.778081,1,7
588,14,1137,461,67,161,0.731564,1,9
588,13,924,534,53,172,0.714085,1,10
588,12,1095,516,56,156,0.674603,1,14
588,11,759,598,60,164,0.683494,1,13
588,10,712,565,59,185,0.691229,1,12
588,8,437,627,102,190,0.833564,1,1
588,7,360,597,59,191,0.793858,1,6
588,6,274,600,91,177,0.829954,1,3
588,5,42,658,88,196,0.826588,1,4
588,3,1715,385,204,140,0.826440,3,5
588,2,847,489,266,153,0.702790,3,11
588,1,1524,397,322,149,0.885522,3,0
589,22,689,526,48,163,0.626806,1,16
589,20,808,553,49,174,0.716584,1,10
589,17,507,562,76,179,0.824568,1,4
589,16,1229,499,57,166,0.790543,1,7
589,14,1137,461,59,158,0.685030,1,12
589,13,918,536,60,170,0.702765,1,11
589,12,1093,516,57,156,0.681043,1,13
589,11,763,600,54,161,0.725711,1,9
589,10,708,564,56,185,0.674437,1,14
589,8,437,627,94,191,0.850603,1,1
589,7,353,597,64,190,0.802282,1,6
589,6,271,599,94,178,0.806064,1,5
589,5,31,657,98,196,0.832556,1,2
589,3,1715,385,204,140,0.827514,3,3
589,2,847,489,265,160,0.737159,3,8
589,1,1524,397,324,149,0.888245,3,0
590,22,686,526,48,162,0.604057,1,16
590,20,804,553,53,172,0.688819,1,11
590,17,491,562,93,179,0.848119,1,2
590,16,1222,501,63,163,0.792545,1,7
590,14,1134,462,57,155,0.681976,1,12
590,13,908,534,70,172,0.718587,1,10
590,12,1089,517,59,154,0.664476,1,13
590,11,748,599,71,164,0.790036,1,8
590,10,708,564,49,185,0.612846,1,14
590,8,438,624,89,192,0.806335,1,4
590,7,339,597,77,191,0.801886,1,5
590,6,274,598,83,179,0.801459,1,6
590,5,29,657,99,195,0.871713,1,1
590,3,1715,385,204,140,0.825699,3,3
590,2,847,488,265,168,0.770170,3,9
590,1,1524,396,324,149,0.887213,3,0
591,21,1008,546,58,155,0.631035,1,15
591,20,801,553,56,173,0.696733,1,11
591,17,494,563,90,179,0.854743,1,2
591,16,1215,500,69,165,0.787157,1,6
591,14,1131,461,53,156,0.637110,1,13
591,13,902,534,77,173,0.737502,1,10
591,12,1087,521,60,152,0.655182,1,12
591,11,743,599,75,162,0.766573,1,8
591,10,710,567,47,181,0.631796,1,14
591,8,438,626,80,190,0.797249,1,5
591,7,328,599,89,190,0.824460,1,3
591,6,274,597,78,181,0.780646,1,7
591,5,25,658,102,195,0.869884,1,1
591,3,1715,385,204,140,0.821019,3,4
591,2,848,488,264,169,0.738993,3,9
591,1,1524,396,324,149,0.885168,3,0
592,21,1001,547,66,154,0.648019,1,14
592,20,799,551,59,174,0.702035,1,11
592,17,488,564,95,177,0.856491,1,1
592,16,1210,502,75,162,0.802967,1,6
592,14,1129,461,48,157,0.653181,1,13
592,13,895,534,86,174,0.761065,1,7
592,12,1085,522,62,151,0.645152,1,15
592,11,739,600,78,160,0.750142,1,8
592,10,706,566,46,183,0.654796,1,12
592,8,437,625,75,193,0.803039,1,5
592,7,321,598,96,191,0.837299,1,3
592,6,274,598,72,179,0.726479,1,9
592,5,23,658,105,196,0.855460,1,2
592,3,1715,385,204,140,0.821483,3,4
592,2,847,488,260,171,0.720482,3,10
592,1,1524,396,323,149,0.885710,3,0
593,21,991,546,75,154,0.726588,1,10
593,20,797,554,62,171,0.694730,1,12
593,17,486,566,96,175,0.844196,1,3
593,16,1206,502,80,163,0.813930,1,5
593,14,1125,459,47,159,0.666977,1,13
593,13,892,533,88,175,0.775737,1,7
593,12,1086,521,61,152,0.666173,1,14
593,11,738,601,80,161,0.771193,1,8
593,10,699,566,49,181,0.630847,1,15
593,8,435,624,67,194,0.811241,1,6
593,7,317,600,99,189,0.857969,1,2
593,6,273,596,66,182,0.738761,1,9
593,5,19,656,106,197,0.867729,1,1
593,3,1715,385,204,140,0.822787,3,4
593,2,847,488,257,170,0.711162,3,11
593,1,1524,396,323,150,0.887862,3,0
594,21,983,544,83,156,0.755331,1,9
594,20,794,555,64,171,0.712765,1,11
594,17,483,568,98,174,0.838530,1,2
594,16,1208,503,79,162,0.825934,1,4
594,14,1121,459,48,162,0.669261,1,14
594,13,888,532,89,176,0.790466,1,7
594,12,1087,520,59,151,0.661831,1,15
594,11,736,601,81,161,0.801190,1,6
594,10,696,566,51,180,0.691047,1,13
594,8,433,624,61,195,0.772674,1,8
594,7,314,598,102,191,0.834710,1,3
594,6,271,595,56,183,0.745332,1,10
594,5,15,657,107,197,0.863523,1,1
594,3,1717,385,202,140,0.815824,3,5
594,2,846,488,256,169,0.708326,3,12
594,1,1524,396,323,150,0.888855,3,0
595,21,978,546,88,154,0.767134,1,8
595,20,790,555,67,171,0.704829,1,13
595,17,483,567,94,175,0.836357,1,3
595,16,1207,503,79,162,0.831193,1,4
595,14,1117,459,50,164,0.652925,1,15
595,13,887,534,80,175,0.805157,1,7
595,12,1085,521,59,150,0.656358,1,14
595,11,734,602,82,160,0.806855,1,6
595,10,693,567,53,176,0.727559,1,11
595,8,426,623,57,197,0.764628,1,9
595,7,314,599,101,192,0.862915,1,1
595,6,267,596,48,182,0.734734,1,10
595,5,10,657,105,196,0.854799,1,2
595,3,1722,386,197,138,0.814531,3,5
595,2,846,488,253,167,0.723968,3,12
595,1,1524,396,323,150,0.889473,3,0
596,21,976,548,91,152,0.784456,1,8
596,20,785,556,72,170,0.742432,1,12
596,17,481,564,93,179,0.825691,1,4
596,16,1206,503,79,162,0.841377,1,3
596,14,1117,460,47,161,0.666769,1,13
596,13,887,535,79,175,0.809754,1,6
596,12,1085,520,53,151,0.665678,1,14
596,11,733,603,83,160,0.803156,1,7
596,10,687,568,58,176,0.762453,1,9
596,8,422,624,54,198,0.744101,1,11
596,7,312,600,103,192,0.846973,1,2
596,6,263,595,47,186,0.747642,1,10
596,5,4,657,103,197,0.863423,1,1
596,3,1717,385,203,140,0.818143,3,5
596,2,846,487,254,170,0.623231,3,16
596,1,1524,396,323,150,0.892837,3,0
597,22,667,526,51,170,0.645076,1,14
597,21,972,545,93,155,0.800476,1,7
597,20,780,553,76,174,0.737039,1,12
597,17,480,564,90,179,0.806177,1,6
597,16,1206,503,78,162,0.844191,1,2
597,14,1113,460,48,160,0.683405,1,13
597,13,887,540,79,172,0.807178,1,5
597,12,1084,520,47,151,0.623909,1,16
597,11,733,603,78,159,0.781049,1,8
597,10,683,567,62,178,0.773094,1,10
597,8,415,625,58,200,0.777346,1,9
597,7,312,600,102,191,0.851130,1,1
597,6,258,597,52,184,0.762908,1,11
597,5,2,659,97,196,0.833288,1,3
597,3,1716,385,203,140,0.818111,3,4
597,2,845,487,252,171,0.627711,3,15
597,1,1524,396,323,150,0.888986,3,0
598,22,660,527,57,166,0.675873,1,14
598,21,967,548,98,153,0.789077,1,8
598,20,777,552,75,174,0.766966,1,12
598,17,478,564,85,179,0.811004,1,5
598,16,1206,503,78,161,0.841849,1,2
598,14,1112,459,49,162,0.707871,1,13
598,13,887,540,78,172,0.801655,1,6
598,12,1083,519,47,152,0.661780,1,15
598,11,732,603,72,158,0.798572,1,7
598,10,673,566,71,179,0.787492,1,9
598,8,402,626,71,199,0.781832,1,10
598,7,312,601,100,191,0.843586,1,1
598,6,250,598,59,184,0.774875,1,11
598,5,0,658,92,195,0.821907,1,3
598,3,1717,385,203,140,0.813663,3,4
598,1,1524,396,323,150,0.890046,3,0
599,22,653,527,61,167,0.668342,1,13
599,21,974,546,88,154,0.782237,1,9
599,20,774,553,75,174,0.734481,1,11
599,17,477,563,79,179,0.794545,1,8
599,16,1205,502,78,163,0.841511,1,2
599,14,1106,459,56,162,0.664344,1,14
599,13,887,537,77,177,0.811462,1,6
599,12,1082,520,46,150,0.651021,1,15
599,11,733,603,64,158,0.732797,1,12
599,10,662,570,81,177,0.775328,1,10
599,8,391,625,83,199,0.815667,1,5
599,7,311,602,97,192,0.843615,1,1
599,6,236,599,73,183,0.800136,1,7
599,5,0,657,80,197,0.832099,1,3
599,3,1716,385,203,139,0.818643,3,4
599,1,1524,396,323,150,0.890529,3,0
600,22,649,527,62,168,0.683802,1,12
600,21,970,544,89,156,0.779444,1,10
600,20,771,554,73,176,0.766167,1,11
600,17,477,563,72,179,0.795108,1,7
600,16,1204,502,77,164,0.826566,1,3
600,14,1103,459,59,163,0.673870,1,13
600,13,888,539,75,174,0.794132,1,8
600,12,1077,519,48,150,0.618310,1,16
600,11,732,603,56,158,0.672841,1,14
600,10,655,572,88,176,0.784728,1,9
600,8,382,628,91,195,0.817232,1,5
600,7,311,600,95,196,0.832134,1,2
600,6,225,600,84,184,0.822227,1,4
600,5,0,654,71,199,0.841936,1,1
600,3,1713,386,206,138,0.815796,3,6
600,1,1524,396,322,150,0.889063,3,0
601,22,648,527,61,167,0.697959,1,12
601,21,968,546,88,153,0.734746,1,11
601,20,768,554,70,176,0.742727,1,10
601,17,478,562,65,181,0.793447,1,7
601,16,1203,501,76,166,0.828075,1,2
601,14,1100,458,63,163,0.693376,1,13
601,13,888,541,75,173,0.786409,1,8
601,11,731,603,51,158,0.678965,1,14
601,10,650,571,91,176,0.786029,1,9
601,8,372,628,102,195,0.812651,1,5
601,7,310,600,88,196,0.826865,1,3
601,6,217,603,92,183,0.806747,1,6
601,5,0,653,63,202,0.846193,1,1
601,3,1714,386,205,138,0.818312,3,4
601,1,1524,396,324,149,0.887288,3,0
602,22,643,527,62,168,0.710005,1,13
602,21,966,543,89,157,0.722734,1,12
602,20,766,554,65,175,0.773868,1,8
602,17,474,562,59,180,0.770547,1,9
602,16,1203,499,72,168,0.830018,1,2
602,14,1101,458,64,162,0.744031,1,11
602,13,888,540,70,173,0.769318,1,10
602,11,729,602,46,161,0.640734,1,14
602,10,650,572,90,177,0.818705,1,5
602,8,369,626,105,197,0.827288,1,3
602,7,311,600,82,196,0.807415,1,7
602,6,213,607,98,178,0.812150,1,6
602,5,0,654,62,202,0.847071,1,1
602,3,1714,386,205,138,0.819398,3,4
602,1,1523,396,324,149,0.888344,3,0
603,22,635,527,68,171,0.701059,1,13
603,21,966,542,83,159,0.706322,1,12
603,20,763,554,61,175,0.780136,1,8
603,17,468,561,57,182,0.770853,1,9
603,16,1202,499,70,167,0.815273,1,5
603,14,1094,458,70,159,0.734363,1,11
603,13,888,539,69,175,0.749424,1,10
603,11,724,604,45,157,0.668910,1,14
603,10,650,570,89,179,0.797903,1,6
603,8,367,630,107,192,0.819947,1,4
603,7,310,602,78,194,0.784824,1,7
603,6,209,607,100,179,0.821394,1,3
603,5,0,654,63,200,0.839124,1,1
603,3,1714,386,205,137,0.821756,3,2
603,1,1524,396,324,149,0.889438,3,0
604,22,634,528,64,173,0.715491,1,12
604,21,965,538,78,161,0.670642,1,15
604,20,760,553,54,176,0.773860,1,8
604,17,465,563,51,183,0.758554,1,9
604,16,1203,499,63,166,0.788179,1,7
604,14,1094,457,69,159,0.723109,1,11
604,13,888,537,66,177,0.734430,1,10
604,11,717,602,49,160,0.695835,1,13
604,10,649,569,89,180,0.795665,1,5
604,8,365,629,108,194,0.804842,1,4
604,7,311,600,71,195,0.795377,1,6
604,6,209,608,99,178,0.830656,1,2
604,5,0,655,62,200,0.851676,1,1
604,3,1714,386,205,137,0.821811,3,3
604,1,1524,396,324,149,0.890443,3,0
605,22,636,528,60,174,0.725246,1,11
605,21,964,537,72,160,0.620184,1,15
605,20,756,552,50,175,0.737425,1,9
605,17,461,564,54,182,0.735147,1,10
605,16,1202,500,58,166,0.760150,1,6
605,14,1095,456,62,161,0.710984,1,14
605,13,887,538,60,176,0.755404,1,7
605,11,711,601,53,162,0.750977,1,8
605,10,649,570,76,179,0.716832,1,12
605,8,361,631,111,192,0.818905,1,4
605,7,309,601,64,195,0.806735,1,5
605,6,208,608,99,178,0.844127,1,1
605,5,0,656,62,197,0.834035,1,2
605,3,1714,386,205,138,0.819829,3,3
605,1,1524,396,324,149,0.888477,3,0
606,22,638,529,54,173,0.671208,1,14
606,21,963,537,65,160,0.687099,1,12
606,20,753,552,47,178,0.707993,1,10
606,17,452,565,64,186,0.714950,1,9
606,16,1200,498,55,166,0.750592,1,7
606,14,1093,457,60,163,0.634499,1,15
606,13,884,538,59,174,0.733337,1,8
606,12,1059,518,58,155,0.682622,1,13
606,11,701,601,64,162,0.809701,1,4
606,10,649,570,72,180,0.700649,1,11
606,8,359,632,113,193,0.831068,1,2
606,7,302,603,64,192,0.785385,1,6
606,6,209,608,96,178,0.808014,1,5
606,5,0,657,62,197,0.839934,1,1
606,3,1714,386,205,137,0.818806,3,3
606,1,1524,396,324,149,0.889906,3,0
607,22,638,530,51,172,0.642243,1,14
607,21,964,537,56,162,0.658220,1,13
607,20,752,552,43,180,0.695067,1,12
607,17,440,565,75,183,0.738363,1,9
607,16,1193,498,58,166,0.775365,1,8
607,14,1093,456,50,156,0.622484,1,15
607,13,880,539,60,173,0.775769,1,7
607,12,1048,521,67,151,0.712101,1,11
607,11,693,603,72,161,0.795848,1,6
607,10,648,574,68,173,0.722371,1,10
607,8,359,631,109,194,0.838473,1,1
607,7,296,601,65,194,0.800363,1,5
607,6,209,608,92,178,0.809939,1,4
607,5,0,657,62,196,0.833039,1,2
607,3,1713,386,205,137,0.819135,3,3
607,1,1524,396,323,149,0.886851,3,0
608,22,636,530,50,171,0.647726,1,14
608,21,960,536,53,163,0.691036,1,13
608,20,749,555,47,175,0.704247,1,11
608,17,434,569,80,182,0.778668,1,7
608,16,1188,498,61,169,0.778482,1,8
608,13,877,543,60,169,0.758800,1,10
608,12,1044,517,71,156,0.760694,1,9
608,11,688,605,76,158,0.788780,1,6
608,10,649,572,63,179,0.693135,1,12
608,8,360,631,106,194,0.829692,1,2
608,7,288,602,73,196,0.806522,1,4
608,6,209,610,83,176,0.798822,1,5
608,5,0,657,62,197,0.831035,1,1
608,3,1714,386,205,137,0.815396,3,3
608,1,1524,396,323,150,0.886044,3,0
609,22,633,530,49,172,0.646903,1,14
609,21,956,537,50,161,0.676554,1,13
609,20,747,555,47,174,0.702039,1,12
609,17,430,570,84,176,0.769708,1,7
609,16,1185,498,61,171,0.762873,1,8
609,13,874,544,60,170,0.739474,1,9
609,12,1039,520,74,152,0.772847,1,6
609,11,683,605,80,158,0.805363,1,3
609,10,648,570,64,180,0.719710,1,11
609,8,360,632,100,194,0.834554,1,1
609,7,282,603,78,198,0.799330,1,4
609,6,209,609,73,178,0.734371,1,10
609,5,0,672,62,182,0.793725,1,5
609,3,1714,386,205,137,0.815212,3,2
609,1,1524,396,324,150,0.886032,3,0
610,22,631,529,44,170,0.627922,1,14
610,21,952,538,45,164,0.675675,1,12
610,20,742,554,52,172,0.726708,1,9
610,17,425,569,89,180,0.783145,1,4
610,16,1183,499,61,170,0.762910,1,7
610,13,871,549,62,168,0.730988,1,8
610,12,1036,520,77,152,0.776647,1,6
610,11,685,607,79,159,0.786715,1,3
610,10,648,570,59,180,0.645984,1,13
610,8,360,632,90,194,0.806364,1,2
610,7,277,604,83,197,0.779711,1,5
610,6,209,609,67,178,0.718915,1,11
610,5,0,676,62,179,0.720891,1,10
610,3,1714,386,205,137,0.827820,3,1
610,1,1524,396,324,148,0.894963,3,0
611,22,627,530,45,168,0.631319,1,15
611,21,949,540,46,164,0.695414,1,10
611,20,738,554,56,172,0.731431,1,8
611,17,423,569,90,180,0.764387,1,7
611,16,1181,500,61,169,0.772503,1,6
611,13,870,548,61,169,0.688126,1,11
611,12,1036,523,77,151,0.789897,1,4
611,11,682,608,82,159,0.790765,1,3
611,10,646,570,57,181,0.680204,1,12
611,8,360,632,84,194,0.796906,1,2
611,7,272,605,87,197,0.781431,1,5
611,6,207,608,54,179,0.707674,1,9
611,5,0,680,60,174,0.639455,1,14
611,3,1715,386,204,137,0.828316,3,1
611,1,1524,396,324,148,0.895208,3,0
612,21,944,539,51,166,0.715037,1,10
612,20,737,557,57,170,0.746806,1,9
612,17,429,571,83,182,0.784510,1,6
612,16,1178,501,64,167,0.790528,1,5
612,13,869,550,62,171,0.713592,1,11
612,12,1040,522,73,150,0.792105,1,4
612,11,680,611,84,155,0.759553,1,8
612,8,360,632,75,194,0.794517,1,3
612,7,268,606,86,197,0.850417,1,1
612,6,199,607,53,180,0.762479,1,7
612,3,1715,386,204,138,0.830795,3,2
612,1,1524,396,324,148,0.891270,3,0
613,21,936,547,60,159,0.720156,1,11
613,20,733,557,60,169,0.787065,1,7
613,17,427,572,84,183,0.809266,1,4
613,16,1177,503,61,166,0.820458,1,3
613,14,1081,449,44,158,0.649894,1,12
613,13,862,550,67,174,0.753738,1,10
613,12,1039,524,74,149,0.791446,1,5
613,11,680,609,81,157,0.769147,1,8
613,8,361,632,67,195,0.788936,1,6
613,7,263,608,88,193,0.860616,1,1
613,6,192,608,55,179,0.757759,1,9
613,3,1714,386,205,137,0.831015,3,2
613,1,1524,396,324,148,0.895092,3,0
614,21,928,546,66,157,0.713456,1,11
614,20,729,558,65,170,0.766294,1,8
614,17,420,573,89,182,0.816447,1,3
614,16,1174,503,63,166,0.807147,1,4
614,14,1077,450,48,150,0.664610,1,12
614,13,861,551,66,173,0.735289,1,10
614,12,1037,525,76,149,0.804565,1,5
614,11,676,607,83,161,0.782987,1,6
614,8,356,631,61,195,0.769533,1,7
614,7,259,608,90,193,0.854383,1,1
614,6,187,608,58,180,0.749770,1,9
614,3,1713,386,206,137,0.831479,3,2
614,1,1523,396,324,148,0.895896,3,0
615,21,921,544,73,159,0.752063,1,7
615,20,724,559,69,171,0.728462,1,10
615,17,420,574,87,181,0.805648,1,5
615,16,1174,504,63,166,0.794491,1,6
615,14,1074,450,49,153,0.663990,1,13
615,13,857,554,68,171,0.731625,1,9
615,12,1034,524,77,151,0.809419,1,4
615,11,677,611,74,157,0.744196,1,8
615,8,349,632,57,193,0.813916,1,3
615,7,255,607,94,195,0.873349,1,1
615,6,182,608,60,180,0.706706,1,12
615,3,1714,386,204,138,0.826768,3,2
615,1,1524,396,324,148,0.896380,3,0
616,21,919,545,76,157,0.769127,1,8
616,20,721,561,72,172,0.760783,1,10
616,17,418,574,83,182,0.803891,1,4
616,16,1172,506,65,166,0.785279,1,6
616,14,1073,450,49,144,0.634745,1,15
616,13,855,553,68,170,0.767852,1,9
616,12,1038,527,69,148,0.785633,1,5
616,11,671,607,73,161,0.726326,1,11
616,8,341,633,59,193,0.815441,1,3
616,7,254,610,93,192,0.886597,1,1
616,6,175,604,67,182,0.779539,1,7
616,3,1717,386,202,139,0.823504,3,2
616,1,1523,396,325,149,0.893139,3,0
617,22,593,533,67,163,0.669444,1,13
617,21,916,548,78,154,0.751154,1,8
617,20,718,557,72,177,0.765696,1,6
617,17,418,574,77,183,0.811005,1,3
617,16,1167,505,71,166,0.783435,1,4
617,13,856,555,66,171,0.746749,1,10
617,12,1036,527,69,148,0.749371,1,9
617,11,669,607,69,162,0.707532,1,12
617,10,614,576,69,182,0.730913,1,11
617,8,337,634,63,193,0.770987,1,5
617,7,252,609,95,195,0.864073,1,1
617,6,166,608,75,179,0.762640,1,7
617,3,1716,385,203,139,0.823009,3,2
617,1,1523,396,324,149,0.892993,3,0
618,22,582,535,73,161,0.623382,1,14
618,21,914,548,79,155,0.715304,1,12
618,20,713,556,71,180,0.761743,1,7
618,17,418,573,70,184,0.808421,1,3
618,16,1168,505,69,167,0.796755,1,4
618,13,857,555,63,171,0.732435,1,10
618,12,1035,527,66,148,0.729586,1,11
618,11,664,606,72,163,0.738240,1,9
618,10,606,574,77,182,0.745475,1,8
618,8,329,634,70,192,0.769850,1,6
618,7,251,609,92,199,0.829682,1,1
618,6,155,608,87,179,0.789137,1,5
618,3,1716,385,203,139,0.824657,3,2
618,2,848,487,272,169,0.654735,3,13
618,1,1523,396,325,149,0.892570,3,0
619,22,581,535,72,165,0.621858,1,14
619,20,713,557,68,180,0.802420,1,3
619,17,419,572,61,184,0.760201,1,8
619,16,1168,505,68,167,0.797115,1,5
619,13,856,554,63,175,0.740836,1,9
619,12,1033,526,63,149,0.697782,1,12
619,11,664,605,62,165,0.713168,1,10
619,10,600,572,82,184,0.769531,1,7
619,8,316,634,83,192,0.782238,1,6
619,7,251,609,86,198,0.832310,1,1
619,6,154,609,88,178,0.797784,1,4
619,3,1713,386,206,138,0.813497,3,2
619,2,847,486,274,170,0.701988,3,11
619,1,1523,396,325,149,0.888972,3,0
620,22,580,537,69,162,0.647195,1,13
620,20,708,558,67,180,0.798181,1,4
620,17,415,571,55,184,0.749011,1,10
620,16,1169,506,67,165,0.784144,1,6
620,13,852,555,65,175,0.751060,1,8
620,12,1032,522,59,153,0.737414,1,11
620,11,664,605,55,166,0.715594,1,12
620,10,596,574,86,183,0.781234,1,7
620,8,306,634,91,193,0.806428,1,3
620,7,251,611,83,197,0.844517,1,1
620,6,143,609,100,178,0.786204,1,5
620,3,1716,385,203,139,0.820465,3,2
620,2,845,487,276,178,0.749056,3,9
620,1,1523,396,325,149,0.892776,3,0
621,22,578,539,68,161,0.672881,1,14
621,20,707,559,51,177,0.684547,1,12
621,17,412,571,53,185,0.775095,1,6
621,16,1167,507,66,164,0.773263,1,7
621,14,1058,451,57,141,0.680053,1,13
621,13,852,553,63,177,0.730764,1,10
621,12,1032,522,53,153,0.762295,1,9
621,11,666,606,49,168,0.720611,1,11
621,10,596,583,84,174,0.766067,1,8
621,8,298,635,99,193,0.844492,1,1
621,7,251,612,80,197,0.828789,1,2
621,6,143,609,100,177,0.806582,1,4
621,3,1716,385,203,139,0.820903,3,3
621,2,845,486,277,176,0.787960,3,5
621,1,1523,396,325,149,0.893086,3,0
622,20,704,561,51,176,0.681782,1,13
622,17,409,573,50,183,0.773743,1,8
622,16,1167,506,63,166,0.770060,1,9
622,14,1056,449,58,141,0.699248,1,12
622,13,852,555,61,176,0.729102,1,11
622,12,1034,520,47,157,0.801524,1,3
622,11,667,606,48,169,0.748642,1,10
622,10,595,579,80,179,0.788296,1,6
622,8,292,635,104,193,0.843702,1,1
622,7,251,613,75,195,0.775124,1,7
622,6,142,608,99,178,0.790750,1,5
622,3,1716,385,203,139,0.820151,3,2
622,2,845,486,278,176,0.791045,3,4
622,1,1523,396,325,149,0.892127,3,0
623,20,701,561,49,173,0.719579,1,11
623,17,407,571,51,183,0.769949,1,6
623,16,1167,506,60,165,0.755564,1,8
623,14,1052,448,60,139,0.712680,1,13
623,13,853,557,58,174,0.713757,1,12
623,12,1030,521,46,156,0.776828,1,5
623,11,656,605,58,171,0.741455,1,10
623,10,594,576,76,181,0.788927,1,3
623,8,290,638,106,191,0.852731,1,1
623,7,251,613,70,194,0.757162,1,7
623,6,139,609,101,178,0.777369,1,4
623,3,1717,385,203,139,0.815895,3,2
623,2,845,486,280,175,0.754545,3,9
623,1,1523,396,324,149,0.890796,3,0
624,21,909,545,70,160,0.675798,1,14
624,20,698,560,47,175,0.741529,1,10
624,17,401,573,55,183,0.783525,1,4
624,16,1166,505,56,167,0.771936,1,8
624,14,1047,447,63,140,0.720663,1,12
624,13,850,558,58,173,0.711416,1,13
624,12,1026,520,45,160,0.779989,1,5
624,11,645,607,68,168,0.774491,1,7
624,10,593,578,78,179,0.754327,1,9
624,8,286,638,109,192,0.844435,1,1
624,7,250,614,60,194,0.776595,1,6
624,6,137,607,100,179,0.801031,1,3
624,3,1716,385,203,140,0.815282,3,2
624,2,846,486,280,177,0.724284,3,11
624,1,1523,396,325,149,0.885966,3,0
625,22,582,535,52,166,0.607206,1,14
625,20,696,559,45,178,0.737215,1,9
625,17,392,575,66,181,0.820117,1,3
625,16,1166,504,51,168,0.779121,1,7
625,14,1045,447,60,136,0.721589,1,12
625,13,850,556,58,175,0.710993,1,13
625,12,1025,520,43,161,0.799394,1,6
625,11,638,610,75,167,0.761921,1,8
625,10,593,577,74,180,0.736846,1,10
625,8,284,637,111,193,0.848196,1,1
625,7,249,613,54,193,0.810523,1,5
625,6,136,606,97,180,0.827533,1,2
625,3,1723,388,196,137,0.812447,3,4
625,2,846,486,281,178,0.733083,3,11
625,1,1523,396,324,150,0.885869,3,0
626,22,580,535,49,163,0.661976,1,13
626,20,691,559,53,178,0.741064,1,10
626,17,380,575,78,181,0.832755,1,2
626,16,1166,504,48,168,0.787409,1,6
626,14,1045,448,54,130,0.708249,1,11
626,13,848,554,58,177,0.699747,1,12
626,12,1024,521,42,159,0.768626,1,8
626,11,636,608,78,169,0.757858,1,9
626,8,282,636,113,194,0.849959,1,1
626,7,243,613,56,194,0.820664,1,4
626,6,136,600,94,186,0.826469,1,3
626,3,1716,385,203,139,0.814019,3,5
626,2,845,486,281,176,0.783411,3,7
626,1,1524,396,324,149,0.891973,3,0
627,22,577,535,50,162,0.686342,1,13
627,20,689,561,53,174,0.735191,1,10
627,17,374,575,84,182,0.841176,1,2
627,16,1164,505,46,166,0.798671,1,6
627,14,1043,446,50,128,0.691829,1,12
627,13,847,551,55,179,0.728783,1,11
627,12,1012,520,53,162,0.740455,1,9
627,11,634,608,79,169,0.753274,1,8
627,8,282,637,111,194,0.843295,1,1
627,7,237,614,57,193,0.812245,1,4
627,6,137,601,88,179,0.807586,1,5
627,3,1716,385,203,139,0.815454,3,3
627,2,845,486,281,175,0.794843,3,7
627,1,1523,396,324,149,0.891787,3,0
628,22,574,534,49,167,0.705288,1,13
628,20,684,560,57,176,0.745068,1,9
628,17,370,576,89,181,0.845260,1,1
628,16,1161,504,47,167,0.786072,1,7
628,14,1040,445,48,123,0.736100,1,11
628,13,844,552,55,178,0.743847,1,10
628,12,1005,519,60,162,0.732195,1,12
628,11,635,605,79,174,0.774242,1,8
628,8,281,636,109,194,0.827015,1,2
628,7,233,615,57,192,0.791653,1,6
628,6,137,599,85,177,0.798922,1,4
628,3,1716,385,203,139,0.820387,3,3
628,2,845,486,281,174,0.793840,3,5
628,1,1523,396,324,149,0.889343,3,0
629,22,572,534,50,167,0.680070,1,14
629,21,895,542,45,163,0.673920,1,15
629,20,683,560,58,175,0.755324,1,10
629,17,361,577,98,180,0.866140,1,1
629,16,1157,504,48,167,0.794882,1,6
629,14,1040,443,45,122,0.727673,1,12
629,13,841,553,55,177,0.760490,1,9
629,12,999,524,65,155,0.755259,1,11
629,11,631,612,80,167,0.796189,1,5
629,10,591,584,49,174,0.697671,1,13
629,8,280,636,106,194,0.818337,1,2
629,7,230,612,58,194,0.815869,1,3
629,6,137,598,78,176,0.783513,1,7
629,3,1723,387,196,137,0.814993,3,4
629,2,846,486,280,174,0.780430,3,8
629,1,1523,396,323,149,0.884886,3,0
630,21,891,542,49,163,0.650943,1,14
630,20,679,561,62,175,0.757465,1,10
630,17,357,577,101,180,0.863275,1,1
630,16,1155,504,47,167,0.792074,1,7
630,14,1037,442,47,124,0.718076,1,13
630,13,840,553,51,178,0.748197,1,11
630,12,995,519,70,160,0.746343,1,12
630,11,632,614,77,165,0.792801,1,6
630,10,586,576,50,182,0.765684,1,8
630,8,280,635,102,197,0.808973,1,4
630,7,225,614,62,192,0.812651,1,3
630,6,137,596,72,175,0.762186,1,9
630,3,1716,385,203,140,0.824464,3,2
630,2,846,487,280,174,0.800161,3,5
630,1,1523,396,324,149,0.887737,3,0
631,21,886,544,52,160,0.708603,1,13
631,20,675,561,66,176,0.767151,1,9
631,17,357,578,99,180,0.862200,1,1
631,16,1153,504,49,167,0.794389,1,5
631,14,1034,442,49,122,0.695412,1,14
631,13,835,554,56,177,0.771989,1,8
631,12,991,525,74,153,0.757838,1,11
631,11,632,613,73,163,0.781879,1,7
631,10,578,578,51,178,0.760199,1,10
631,8,281,636,92,197,0.821854,1,3
631,7,213,616,73,190,0.839217,1,2
631,6,135,595,68,178,0.756730,1,12
631,3,1717,385,202,139,0.820782,3,4
631,2,846,487,277,173,0.793337,3,6
631,1,1523,396,324,149,0.888894,3,0
632,21,883,547,56,158,0.732518,1,13
632,20,671,563,71,174,0.753677,1,12
632,17,358,579,98,179,0.852011,1,1
632,16,1145,504,55,168,0.770982,1,9
632,14,1032,443,50,119,0.691722,1,14
632,13,829,553,63,178,0.790613,1,6
632,12,990,523,73,156,0.766959,1,10
632,11,627,615,75,164,0.771868,1,8
632,10,575,577,52,180,0.774769,1,7
632,8,281,638,88,195,0.806809,1,4
632,7,201,616,84,191,0.832429,1,2
632,6,133,593,64,178,0.760429,1,11
632,3,1718,385,202,139,0.823738,3,3
632,2,847,487,278,172,0.798369,3,5
632,1,1523,396,323,150,0.887840,3,0
633,21,878,548,61,157,0.745751,1,12
633,20,668,562,74,175,0.774683,1,11
633,17,358,577,94,180,0.848159,1,1
633,16,1139,505,61,168,0.787181,1,8
633,14,1028,443,54,119,0.659452,1,14
633,13,822,553,67,180,0.805778,1,4
633,12,987,525,76,155,0.799142,1,6
633,11,623,613,75,166,0.787394,1,7
633,10,569,576,57,181,0.784633,1,10
633,8,282,637,76,197,0.802801,1,5
633,7,194,616,90,191,0.827736,1,2
633,6,130,593,56,177,0.732766,1,13
633,3,1717,385,202,139,0.826075,3,3
633,2,845,487,280,172,0.785589,3,9
633,1,1523,396,323,150,0.886428,3,0
634,21,876,550,62,155,0.733928,1,12
634,20,664,561,79,176,0.797485,1,8
634,17,357,577,90,180,0.847343,1,1
634,16,1133,506,66,167,0.797889,1,7
634,14,1026,442,56,118,0.684803,1,14
634,13,817,553,71,181,0.816415,1,4
634,12,989,524,75,155,0.784613,1,10
634,11,616,611,76,169,0.791484,1,9
634,10,562,575,64,183,0.772469,1,11
634,8,279,634,71,201,0.810619,1,5
634,7,186,614,99,194,0.844173,1,2
634,6,127,592,53,179,0.702247,1,13
634,3,1716,385,203,139,0.827405,3,3
634,2,845,487,281,172,0.803483,3,6
634,1,1523,396,324,149,0.889418,3,0
635,21,871,552,67,152,0.763689,1,12
635,20,659,562,80,175,0.773993,1,10
635,17,356,577,88,180,0.849649,1,2
635,16,1128,508,71,165,0.814046,1,6
635,14,1024,442,57,118,0.678108,1,14
635,13,812,554,73,183,0.814607,1,4
635,12,988,526,74,153,0.765763,1,11
635,11,611,611,73,169,0.791243,1,8
635,10,550,576,76,182,0.814382,1,5
635,8,275,633,66,200,0.786285,1,9
635,7,184,615,100,193,0.850123,1,1
635,6,124,592,54,180,0.717029,1,13
635,3,1716,385,203,139,0.826798,3,3
635,2,842,488,281,173,0.807307,3,7
635,1,1524,396,324,150,0.887730,3,0
636,21,871,549,66,155,0.768839,1,11
636,20,656,563,85,176,0.781690,1,10
636,17,355,577,82,181,0.838792,1,1
636,16,1124,509,75,165,0.826852,1,2
636,14,1022,442,56,117,0.657390,1,14
636,13,809,555,76,182,0.815309,1,6
636,12,987,527,72,152,0.785183,1,9
636,11,611,611,66,168,0.789231,1,8
636,10,540,583,86,175,0.798186,1,7
636,8,273,634,55,199,0.764874,1,12
636,7,179,617,103,193,0.821581,1,4
636,6,119,592,58,180,0.714298,1,13
636,3,1722,387,197,137,0.819172,3,5
636,2,843,488,280,172,0.825538,3,3
636,1,1524,396,324,150,0.881373,3,0
637,21,867,549,69,155,0.745038,1,11
637,20,653,563,77,174,0.772997,1,9
637,17,353,576,79,182,0.812360,1,4
637,16,1121,510,78,164,0.826871,1,1
637,14,1021,442,57,117,0.677320,1,14
637,13,810,557,73,182,0.809879,1,6
637,12,987,527,68,152,0.752608,1,10
637,11,610,611,62,169,0.775595,1,8
637,10,534,581,92,178,0.805582,1,7
637,8,268,634,52,202,0.700496,1,13
637,7,178,618,104,191,0.813387,1,3
637,6,117,594,58,178,0.725888,1,12
637,3,1722,387,198,137,0.818944,3,2
637,2,845,487,278,172,0.811140,3,5
637,1,1523,396,324,149,0.881297,3,0
638,21,865,551,72,157,0.740815,1,10
638,20,649,563,71,174,0.754352,1,8
638,17,352,576,72,182,0.812170,1,5
638,16,1120,510,79,164,0.833555,1,1
638,14,1018,443,60,112,0.674681,1,14
638,13,811,557,71,181,0.801690,1,6
638,12,986,530,63,149,0.708890,1,12
638,11,609,611,60,169,0.738732,1,11
638,10,526,581,100,178,0.779729,1,7
638,8,263,632,58,206,0.753572,1,9
638,7,176,618,103,192,0.823905,1,3
638,6,111,595,65,178,0.708747,1,13
638,3,1722,387,198,138,0.817826,3,4
638,2,846,488,277,173,0.827484,3,2
638,1,1523,396,324,149,0.879909,3,0
639,21,860,552,74,153,0.687434,1,12
639,20,649,562,66,176,0.726903,1,11
639,17,350,576,63,181,0.765649,1,8
639,16,1121,509,78,166,0.817065,1,1
639,13,810,558,71,183,0.798617,1,4
639,12,987,526,56,152,0.639120,1,13
639,11,602,614,63,167,0.728563,1,10
639,10,525,585,101,175,0.770756,1,7
639,8,251,636,69,201,0.771970,1,6
639,7,176,617,94,194,0.790727,1,5
639,6,98,595,79,182,0.731749,1,9
639,3,1722,387,198,138,0.816944,3,2
639,2,844,488,280,174,0.812835,3,3
639,1,1523,396,324,149,0.882696,3,0
640,21,858,550,75,156,0.682077,1,12
640,20,643,561,62,176,0.747483,1,11
640,17,346,577,61,181,0.783109,1,8
640,16,1120,509,79,167,0.815886,1,3
640,13,810,559,70,183,0.796003,1,6
640,12,985,524,49,156,0.664265,1,13
640,11,600,614,64,166,0.755228,1,10
640,10,523,586,101,175,0.786905,1,7
640,8,234,637,87,200,0.840936,1,1
640,7,175,618,89,194,0.802843,1,5
640,6,88,597,90,181,0.763875,1,9
640,3,1722,387,198,138,0.818470,3,2
640,2,844,488,281,175,0.815386,3,4
640,1,1524,396,324,149,0.882484,3,0
641,21,854,548,75,158,0.647884,1,13
641,20,640,562,56,177,0.707414,1,11
641,17,345,577,54,181,0.801234,1,7
641,16,1118,511,81,165,0.806971,1,6
641,13,811,559,69,183,0.776800,1,9
641,12,984,523,44,156,0.690528,1,12
641,11,591,614,73,167,0.785989,1,8
641,10,524,588,95,173,0.768331,1,10
641,8,225,635,96,203,0.843902,1,1
641,7,175,616,85,197,0.838182,1,2
641,6,78,596,102,184,0.813197,1,5
641,3,1716,385,204,140,0.819576,3,4
641,2,846,488,278,175,0.825577,3,3
641,1,1524,396,324,149,0.882308,3,0
642,21,854,549,70,157,0.653208,1,13
642,20,638,562,46,175,0.657493,1,12
642,17,340,577,52,183,0.797796,1,5
642,16,1120,510,79,167,0.794605,1,6
642,13,810,560,68,181,0.780543,1,8
642,12,982,524,41,156,0.721150,1,11
642,11,585,614,80,168,0.770855,1,10
642,10,522,581,93,181,0.776114,1,9
642,8,217,638,103,199,0.869660,1,1
642,7,174,619,81,193,0.794314,1,7
642,6,77,596,102,184,0.819515,1,3
642,3,1722,387,197,137,0.817840,3,4
642,2,847,488,277,176,0.846500,3,2
642,1,1524,396,324,149,0.880280,3,0
643,21,853,550,67,154,0.611722,1,13
643,20,636,562,40,172,0.676800,1,12
643,17,336,577,57,186,0.800943,1,5
643,16,1119,511,79,165,0.791624,1,7
643,13,807,562,69,179,0.797069,1,6
643,12,979,522,41,158,0.735279,1,11
643,11,581,614,84,168,0.789445,1,8
643,10,522,585,88,177,0.756085,1,9
643,8,211,642,108,196,0.860716,1,2
643,7,174,620,75,192,0.753276,1,10
643,6,76,597,105,184,0.806591,1,4
643,3,1721,387,198,137,0.818283,3,3
643,2,848,487,276,175,0.865509,3,1
643,1,1524,396,324,149,0.882808,3,0
644,20,632,562,43,175,0.731438,1,10
644,17,333,578,61,186,0.811572,1,4
644,16,1118,512,82,165,0.787246,1,8
644,13,805,563,69,179,0.790626,1,7
644,12,976,521,42,159,0.730110,1,11
644,11,581,622,81,160,0.802199,1,5
644,10,523,582,85,180,0.757681,1,9
644,8,210,643,110,194,0.853779,1,2
644,7,174,619,70,193,0.725896,1,12
644,6,75,597,107,183,0.791646,1,6
644,3,1715,385,204,140,0.819898,3,3
644,2,849,487,275,176,0.870900,3,1
644,1,1524,397,323,149,0.888523,3,0
645,20,630,561,44,179,0.729042,1,11
645,17,318,578,75,187,0.832866,1,3
645,16,1117,512,82,164,0.777943,1,8
645,13,800,563,70,178,0.791724,1,6
645,12,973,524,44,156,0.688727,1,12
645,11,579,621,82,162,0.801610,1,5
645,10,523,587,80,175,0.742351,1,10
645,8,206,643,113,193,0.856461,1,2
645,7,175,620,65,192,0.750184,1,9
645,6,77,599,99,180,0.778283,1,7
645,3,1715,385,204,140,0.821138,3,4
645,2,848,487,276,174,0.886032,3,1
645,1,1524,397,323,149,0.890704,3,0
646,20,626,562,46,175,0.753883,1,11
646,17,309,577,84,186,0.843706,1,3
646,16,1118,512,75,165,0.760676,1,9
646,13,802,564,64,178,0.763670,1,8
646,12,966,520,50,160,0.732910,1,12
646,11,579,618,82,164,0.809807,1,5
646,10,522,588,78,174,0.760366,1,10
646,8,203,646,114,193,0.848103,1,2
646,7,174,620,59,193,0.769205,1,7
646,6,77,597,96,181,0.788202,1,6
646,3,1715,385,204,140,0.822082,3,4
646,2,847,487,277,162,0.875044,3,1
646,1,1524,397,323,149,0.890971,3,0
647,21,844,550,46,159,0.714477,1,12
647,20,624,563,49,175,0.731215,1,10
647,17,300,578,92,184,0.845885,1,2
647,16,1119,511,65,165,0.755284,1,8
647,14,1003,436,45,91,0.675730,1,14
647,13,800,564,63,179,0.743421,1,9
647,12,954,524,62,154,0.719926,1,11
647,11,566,617,92,167,0.802671,1,5
647,10,519,578,80,183,0.788131,1,6
647,8,203,646,114,193,0.843591,1,3
647,7,170,617,56,194,0.706367,1,13
647,6,76,596,93,182,0.765092,1,7
647,3,1715,385,204,140,0.823487,3,4
647,2,848,487,276,162,0.864337,3,1
647,1,1524,397,323,149,0.890078,3,0
648,21,843,550,43,161,0.676079,1,14
648,20,619,564,54,174,0.724636,1,12
648,17,294,578,99,184,0.845592,1,3
648,16,1118,512,60,165,0.761982,1,6
648,14,1001,436,45,89,0.681851,1,13
648,13,797,568,59,175,0.761859,1,7
648,12,951,524,65,154,0.742868,1,10
648,11,563,617,92,168,0.804858,1,5
648,10,515,581,77,181,0.740864,1,11
648,8,203,646,110,194,0.849855,1,2
648,7,162,617,60,197,0.747408,1,9
648,6,75,596,87,182,0.757934,1,8
648,3,1717,385,203,140,0.818911,3,4
648,2,852,487,272,163,0.854933,3,1
648,1,1524,397,323,149,0.891835,3,0
649,21,839,550,45,164,0.699775,1,12
649,20,614,567,58,170,0.730483,1,10
649,17,293,579,99,182,0.844935,1,2
649,16,1118,511,57,166,0.769337,1,5
649,14,999,437,45,90,0.666864,1,14
649,13,794,565,59,179,0.733870,1,9
649,12,947,526,69,151,0.759364,1,6
649,11,570,620,80,166,0.683212,1,13
649,10,510,579,76,183,0.718895,1,11
649,8,204,646,105,194,0.836259,1,3
649,7,154,619,68,197,0.753332,1,7
649,6,75,598,82,181,0.734000,1,8
649,3,1717,385,203,140,0.817069,3,4
649,2,852,487,271,163,0.856416,3,1
649,1,1524,397,323,149,0.891540,3,0
650,21,834,548,45,163,0.696676,1,12
650,20,611,566,62,171,0.736386,1,9
650,17,294,580,98,181,0.839288,1,3
650,16,1114,511,55,166,0.742643,1,8
650,14,996,435,46,92,0.654228,1,14
650,13,787,565,65,182,0.747988,1,6
650,12,945,525,71,154,0.759180,1,5
650,11,574,621,70,167,0.690147,1,13
650,10,510,580,70,184,0.707959,1,11
650,8,203,647,101,193,0.842040,1,2
650,7,146,620,74,202,0.744054,1,7
650,6,75,599,67,180,0.729817,1,10
650,3,1717,385,202,140,0.815567,3,4
650,2,852,488,271,162,0.850969,3,1
650,1,1525,397,322,149,0.892506,3,0
651,21,832,551,47,162,0.656704,1,13
651,20,608,567,65,169,0.753442,1,6
651,17,291,578,99,184,0.837092,1,2
651,16,1111,511,56,168,0.747132,1,8
651,14,994,436,48,94,0.603132,1,14
651,13,786,566,64,184,0.745597,1,10
651,12,942,524,73,154,0.769645,1,5
651,11,573,620,63,167,0.715817,1,12
651,10,494,581,78,182,0.753070,1,7
651,8,202,646,95,195,0.827990,1,3
651,7,138,620,81,205,0.746657,1,9
651,6,71,599,64,179,0.717219,1,11
651,3,1716,385,203,140,0.821748,3,4
651,2,852,488,270,159,0.872998,3,1
651,1,1525,397,323,148,0.891149,3,0
652,20,607,567,66,169,0.764284,1,7
652,17,291,579,97,184,0.826868,1,3
652,16,1110,511,54,168,0.763162,1,8
652,14,991,437,46,89,0.630716,1,13
652,13,787,568,63,185,0.729995,1,11
652,12,941,524,72,154,0.775718,1,6
652,11,571,619,57,165,0.721350,1,12
652,10,493,584,76,182,0.746215,1,10
652,8,199,643,89,198,0.828869,1,2
652,7,135,620,80,205,0.793926,1,5
652,6,66,597,56,181,0.748807,1,9
652,3,1715,385,204,140,0.822016,3,4
652,2,851,488,271,159,0.859585,3,1
652,1,1525,397,323,148,0.891954,3,0
653,20,602,567,68,170,0.745055,1,9
653,17,290,581,93,181,0.815536,1,3
653,16,1112,511,52,169,0.765656,1,7
653,14,987,438,48,88,0.639990,1,13
653,13,776,570,72,185,0.737519,1,10
653,12,941,524,66,156,0.755370,1,8
653,11,566,617,56,168,0.696718,1,12
653,10,492,581,73,187,0.720870,1,11
653,8,202,644,77,196,0.807031,1,5
653,7,128,622,85,197,0.810304,1,4
653,6,58,597,56,181,0.779976,1,6
653,3,1715,385,204,140,0.815710,3,2
653,2,850,489,271,159,0.874165,3,1
653,1,1525,398,323,148,0.889123,3,0
654,20,600,568,70,171,0.729691,1,10
654,17,290,580,88,183,0.828408,1,2
654,16,1112,512,51,173,0.742495,1,9
654,13,774,571,74,184,0.769645,1,7
654,12,940,523,64,156,0.750000,1,8
654,11,564,621,49,167,0.696863,1,11
654,10,500,580,60,189,0.681533,1,12
654,8,201,644,70,196,0.774537,1,6
654,7,121,623,94,193,0.821912,1,3
654,6,50,598,60,180,0.791707,1,5
654,3,1716,385,204,140,0.816128,3,4
654,2,848,488,273,160,0.865247,3,1
654,1,1525,397,323,149,0.890464,3,0
655,20,596,568,72,170,0.727800,1,9
655,17,289,580,83,183,0.813947,1,4
655,16,1098,512,63,172,0.774262,1,7
655,13,771,573,76,183,0.784297,1,6
655,12,938,521,61,156,0.697531,1,10
655,11,557,618,57,170,0.679964,1,12
655,10,499,582,59,186,0.685436,1,11
655,8,197,642,64,197,0.766639,1,8
655,7,116,625,99,191,0.822201,1,2
655,6,45,594,64,183,0.787847,1,5
655,3,1715,385,204,140,0.814385,3,3
655,2,848,489,272,159,0.832747,3,1
655,1,1525,398,323,149,0.888585,3,0
656,20,593,569,68,171,0.728110,1,10
656,17,288,577,79,186,0.811275,1,4
656,16,1096,512,63,173,0.750034,1,7
656,13,770,574,76,181,0.769321,1,6
656,12,934,520,59,156,0.693316,1,12
656,11,558,619,53,172,0.710260,1,11
656,10,487,584,71,186,0.728567,1,9
656,8,194,643,60,196,0.737341,1,8
656,7,111,624,102,193,0.824748,1,2
656,6,37,595,72,181,0.771192,1,5
656,3,1713,385,206,140,0.818772,3,3
656,2,848,488,272,159,0.832150,3,1
656,1,1524,398,324,148,0.887137,3,0
657,20,587,569,67,172,0.732679,1,9
657,17,287,579,73,184,0.803704,1,3
657,16,1091,512,65,173,0.744681,1,7
657,13,769,573,73,183,0.768767,1,6
657,12,933,520,56,153,0.680704,1,12
657,11,545,623,66,168,0.742089,1,8
657,10,481,590,76,181,0.714061,1,11
657,8,188,644,54,196,0.726282,1,10
657,7,109,625,99,195,0.785012,1,4
657,6,31,595,76,183,0.774117,1,5
657,3,1715,385,205,140,0.814101,3,2
657,2,848,488,269,161,0.835068,3,1
657,1,1524,398,324,148,0.885203,3,0
658,20,585,568,61,171,0.645306,1,12
658,17,288,577,64,187,0.791020,1,3
658,16,1087,513,66,170,0.755954,1,7
658,13,770,573,71,184,0.775237,1,5
658,12,938,520,43,152,0.663294,1,11
658,11,537,623,74,168,0.782791,1,4
658,10,474,579,82,191,0.753268,1,9
658,8,181,644,59,196,0.754087,1,8
658,7,108,628,105,197,0.735526,1,10
658,6,27,598,82,179,0.773722,1,6
658,3,1722,387,198,137,0.815348,3,2
658,2,847,487,270,166,0.816151,3,1
658,1,1524,398,324,148,0.884584,3,0
659,17,284,577,60,185,0.765549,1,7
659,16,1086,513,66,169,0.789464,1,5
659,13,770,574,69,184,0.755173,1,8
659,12,935,520,43,153,0.638161,1,11
659,11,532,624,79,168,0.805797,1,4
659,10,471,583,85,189,0.737173,1,10
659,8,172,645,67,195,0.769083,1,6
659,7,108,630,84,197,0.743920,1,9
659,6,24,598,84,178,0.809007,1,3
659,3,1721,387,198,138,0.819073,3,2
659,2,848,487,265,165,0.823689,3,1
659,1,1524,398,324,148,0.886268,3,0
660,17,283,578,53,185,0.794188,1,5
660,16,1081,515,70,168,0.804448,1,3
660,13,771,575,67,184,0.734913,1,10
660,12,931,519,43,154,0.642386,1,11
660,11,531,625,80,166,0.792105,1,6
660,10,470,590,83,181,0.750374,1,8
660,8,159,647,80,193,0.794361,1,4
660,7,106,631,77,196,0.740218,1,9
660,6,19,597,90,180,0.788991,1,7
660,3,1721,387,198,138,0.815663,3,2
660,2,849,487,263,165,0.820035,3,1
660,1,1524,398,324,148,0.887810,3,0
661,17,279,578,47,186,0.801172,1,5
661,16,1079,519,72,164,0.810571,1,4
661,13,768,575,65,184,0.731588,1,9
661,12,926,523,42,152,0.662747,1,11
661,11,531,624,80,170,0.794487,1,6
661,10,468,592,85,179,0.769822,1,7
661,8,150,647,89,194,0.815907,1,3
661,7,106,630,72,196,0.684333,1,10
661,6,16,596,92,181,0.768254,1,8
661,3,1721,387,198,138,0.816388,3,2
661,2,849,487,260,167,0.830651,3,1
661,1,1525,398,323,148,0.886820,3,0
662,17,275,578,50,184,0.782935,1,6
662,16,1078,520,73,166,0.807984,1,4
662,13,767,575,64,183,0.721322,1,9
662,12,923,522,45,152,0.719764,1,10
662,11,527,625,83,168,0.801583,1,5
662,10,468,591,81,181,0.780622,1,7
662,8,143,647,96,195,0.826192,1,2
662,7,105,628,70,199,0.680790,1,12
662,6,12,596,94,182,0.736343,1,8
662,3,1722,387,198,138,0.818052,3,3
662,2,849,487,258,166,0.839057,3,1
662,1,1525,398,322,149,0.882738,3,0
663,20,572,568,46,180,0.698269,1,12
663,17,268,579,56,183,0.774250,1,6
663,16,1079,519,71,167,0.805215,1,5
663,13,767,577,54,182,0.726667,1,10
663,12,913,521,54,155,0.745930,1,9
663,11,527,627,80,167,0.807565,1,4
663,10,468,593,79,179,0.770832,1,7
663,8,138,648,102,193,0.813240,1,3
663,7,104,631,67,198,0.707887,1,11
663,6,11,596,94,181,0.751897,1,8
663,3,1722,387,198,138,0.816331,3,2
663,2,849,487,253,164,0.832222,3,1
663,1,1525,398,323,149,0.881564,3,0
664,20,568,568,51,180,0.698335,1,12
664,17,260,579,65,185,0.797504,1,4
664,16,1079,516,71,169,0.794542,1,5
664,13,768,578,48,183,0.728696,1,10
664,12,903,519,63,156,0.777406,1,6
664,11,526,627,79,166,0.752783,1,8
664,10,466,591,79,181,0.706052,1,11
664,8,128,648,111,195,0.828604,1,2
664,7,104,631,64,198,0.745931,1,9
664,6,8,595,96,181,0.762018,1,7
664,3,1722,387,198,138,0.816091,3,3
664,2,849,488,251,165,0.847439,3,1
664,1,1525,398,323,148,0.874071,3,0
665,20,564,568,55,180,0.687106,1,11
665,17,252,581,73,182,0.824577,1,3
665,16,1079,518,69,167,0.786268,1,6
665,13,768,578,45,182,0.708440,1,9
665,12,895,516,71,159,0.790277,1,5
665,11,508,626,89,167,0.706315,1,10
665,10,467,590,73,182,0.673261,1,12
665,8,126,648,113,196,0.851517,1,1
665,7,105,631,61,198,0.736505,1,8
665,6,7,594,95,182,0.756740,1,7
665,3,1722,387,198,138,0.814374,3,4
665,2,849,488,250,167,0.834469,3,2
665,1,1525,398,322,148,0.871703,3,0
666,20,559,570,62,177,0.713429,1,8
666,17,242,579,84,182,0.836205,1,2
666,16,1079,518,67,167,0.754200,1,6
666,14,950,433,40,66,0.659076,1,13
666,13,765,579,46,181,0.707942,1,11
666,12,889,516,78,157,0.793569,1,5
666,11,516,628,76,166,0.710552,1,10
666,10,465,588,69,185,0.678942,1,12
666,8,125,648,114,195,0.851769,1,1
666,7,105,631,57,197,0.711859,1,9
666,6,6,595,90,182,0.750927,1,7
666,3,1722,387,198,138,0.818023,3,3
666,2,848,489,248,167,0.815555,3,4
666,1,1525,398,322,148,0.871175,3,0
667,20,556,570,66,176,0.739766,1,7
667,17,232,580,93,182,0.860213,1,1
667,16,1079,518,51,166,0.697181,1,11
667,14,948,432,38,65,0.627684,1,13
667,13,760,579,48,181,0.735470,1,8
667,12,886,515,81,156,0.807179,1,4
667,11,521,627,65,166,0.734752,1,9
667,10,465,588,60,183,0.691135,1,12
667,8,124,649,114,194,0.856383,1,2
667,7,103,632,57,198,0.720818,1,10
667,6,10,594,82,182,0.775403,1,6
667,3,1722,387,198,138,0.815215,3,3
667,2,849,488,247,167,0.790754,3,5
667,1,1525,398,323,148,0.869992,3,0
668,20,552,571,71,175,0.736185,1,8
668,17,226,581,98,182,0.860707,1,1
668,16,1078,518,47,168,0.698348,1,10
668,14,946,433,37,63,0.618643,1,13
668,13,757,579,51,181,0.741531,1,7
668,12,886,519,81,153,0.802494,1,4
668,11,520,628,61,166,0.696378,1,11
668,10,461,586,57,186,0.670292,1,12
668,8,124,649,112,194,0.848267,1,2
668,7,99,632,58,199,0.712524,1,9
668,6,10,593,76,181,0.793557,1,5
668,3,1722,388,198,138,0.817439,3,3
668,2,849,488,243,169,0.758318,3,6
668,1,1525,399,323,148,0.877399,3,0
669,20,551,573,71,174,0.750557,1,8
669,17,223,583,100,180,0.857194,1,1
669,16,1078,519,45,166,0.717966,1,10
669,13,755,580,51,180,0.762886,1,6
669,12,884,516,82,157,0.780183,1,4
669,11,515,627,53,167,0.730058,1,9
669,10,455,587,56,186,0.688832,1,12
669,8,125,647,108,196,0.852610,1,2
669,7,94,633,61,198,0.711945,1,11
669,6,13,592,66,181,0.770594,1,5
669,3,1722,388,197,137,0.821526,3,3
669,2,849,488,242,170,0.756539,3,7
669,1,1525,399,323,148,0.880874,3,0
670,20,549,572,73,175,0.746108,1,9
670,17,223,583,100,180,0.862070,1,1
670,16,1074,518,49,167,0.714565,1,12
670,13,751,579,55,181,0.772836,1,4
670,12,883,517,82,155,0.761505,1,6
670,11,514,629,51,165,0.752139,1,7
670,10,444,587,65,187,0.748142,1,8
670,8,125,647,102,196,0.842020,1,2
670,7,89,632,58,197,0.765410,1,5
670,6,13,591,59,182,0.723781,1,11
670,3,1722,387,197,137,0.822712,3,3
670,2,849,487,240,171,0.736219,3,10
670,1,1525,398,323,148,0.877910,3,0
671,20,543,573,78,174,0.732667,1,10
671,17,223,584,99,180,0.850315,1,1
671,16,1073,517,49,167,0.748264,1,7
671,13,742,579,63,181,0.792433,1,4
671,12,883,517,79,155,0.745100,1,8
671,11,510,629,53,165,0.729817,1,11
671,10,436,588,68,183,0.789560,1,5
671,8,122,648,96,197,0.833900,1,2
671,7,86,632,57,196,0.755132,1,6
671,6,9,590,54,184,0.713533,1,12
671,3,1723,387,197,137,0.820944,3,3
671,2,849,486,239,172,0.739524,3,9
671,1,1525,399,323,148,0.880685,3,0
672,20,541,573,80,173,0.741452,1,9
672,17,222,583,99,181,0.856550,1,1
672,16,1070,517,50,167,0.727787,1,11
672,13,734,583,70,179,0.811974,1,4
672,12,881,517,77,155,0.735113,1,10
672,11,497,625,62,168,0.748251,1,8
672,10,430,590,71,182,0.763144,1,5
672,8,123,648,88,195,0.828416,1,2
672,7,80,627,61,200,0.751728,1,7
672,6,2,590,51,185,0.722352,1,12
672,3,1723,387,197,138,0.820456,3,3
672,2,849,487,239,171,0.754581,3,6
672,1,1525,399,323,148,0.879150,3,0
673,20,535,572,81,174,0.731868,1,10
673,17,220,583,98,181,0.866044,1,1
673,16,1068,516,50,169,0.749298,1,7
673,14,933,434,37,59,0.613850,1,14
673,13,726,584,78,179,0.821771,1,2
673,12,883,516,68,156,0.703288,1,12
673,11,490,627,69,167,0.790084,1,4
673,10,424,595,75,175,0.777167,1,6
673,8,122,648,85,196,0.789869,1,5
673,7,74,632,62,194,0.728252,1,11
673,6,1,592,50,185,0.736524,1,9
673,3,1723,387,197,137,0.816137,3,3
673,2,849,489,239,170,0.738921,3,8
673,1,1525,399,323,148,0.883846,3,0
674,20,533,573,76,173,0.729423,1,9
674,17,220,583,94,181,0.852455,1,1
674,16,1066,517,51,168,0.731463,1,8
674,13,721,589,83,175,0.810166,1,3
674,12,881,516,66,156,0.694410,1,10
674,11,482,628,78,167,0.795100,1,4
674,10,419,592,80,178,0.774864,1,5
674,8,117,648,72,198,0.663654,1,12
674,7,66,632,71,195,0.739086,1,7
674,6,0,591,50,184,0.692886,1,11
674,3,1723,387,197,138,0.813361,3,2
674,2,849,488,236,171,0.739397,3,6
674,1,1525,399,323,148,0.883405,3,0
675,21,755,561,73,157,0.648725,1,12
675,20,530,572,75,176,0.725347,1,6
675,17,219,583,88,181,0.827851,1,2
675,16,1060,518,54,167,0.710050,1,9
675,13,717,591,86,173,0.837558,1,1
675,12,881,515,60,157,0.676580,1,10
675,11,472,629,88,167,0.805062,1,5
675,10,412,594,86,179,0.825787,1,3
675,8,110,647,72,201,0.640659,1,13
675,7,47,634,89,195,0.725219,1,7
675,6,0,593,50,183,0.664491,1,11
675,3,1712,386,206,139,0.813921,3,4
675,2,849,490,234,171,0.722278,3,8
675,1,1525,399,323,148,0.885787,3,0
676,21,752,561,77,158,0.625191,1,13
676,20,528,572,70,176,0.728345,1,7
676,17,215,584,86,180,0.820309,1,2
676,16,1053,518,58,167,0.701635,1,8
676,13,718,594,85,171,0.830526,1,1
676,12,878,514,55,157,0.688968,1,9
676,11,469,633,88,163,0.795959,1,4
676,10,406,596,91,175,0.785830,1,5
676,8,104,648,71,199,0.673007,1,11
676,7,37,636,97,194,0.758381,1,6
676,6,0,595,51,180,0.686623,1,10
676,3,1723,388,196,137,0.802124,3,3
676,2,846,489,242,170,0.666389,3,12
676,1,1525,399,323,148,0.884456,3,0
677,20,522,572,70,177,0.717164,1,7
677,17,212,582,81,181,0.809061,1,1
677,16,1047,518,63,167,0.700957,1,8
677,13,719,597,83,169,0.806916,1,2
677,12,879,516,51,153,0.663693,1,10
677,11,469,633,89,163,0.801166,1,4
677,10,402,599,93,173,0.788027,1,5
677,8,106,647,58,203,0.652875,1,11
677,7,31,637,107,194,0.768378,1,6
677,6,0,595,49,178,0.652612,1,12
677,3,1713,386,206,139,0.806659,3,3
677,2,845,489,243,170,0.679045,3,9
677,1,1525,399,323,148,0.882901,3,0
678,20,518,572,66,176,0.714140,1,7
678,17,209,582,77,180,0.821436,1,1
678,16,1039,517,73,168,0.783040,1,6
678,13,718,592,81,175,0.811574,1,2
678,12,876,515,47,153,0.613937,1,12
678,11,463,632,93,165,0.804870,1,3
678,10,400,597,93,175,0.786679,1,5
678,8,107,649,57,201,0.670896,1,9
678,7,29,636,98,196,0.707123,1,8
678,6,0,594,49,180,0.650112,1,11
678,3,1711,386,208,139,0.803553,3,4
678,2,845,489,239,171,0.659413,3,10
678,1,1525,399,323,148,0.881746,3,0
679,20,516,574,58,174,0.693464,1,8
679,17,204,583,71,180,0.778897,1,6
679,16,1034,521,78,164,0.797164,1,5
679,13,718,586,80,181,0.814072,1,1
679,11,465,631,90,167,0.804326,1,4
679,10,400,600,92,172,0.805490,1,3
679,8,99,649,64,202,0.766854,1,7
679,7,27,638,92,196,0.690722,1,9
679,6,0,597,49,176,0.660257,1,10
679,3,1723,388,197,137,0.810786,3,2
679,2,842,488,256,174,0.650614,3,11
679,1,1525,399,323,148,0.885865,3,0
680,20,513,572,46,176,0.631027,1,8
680,17,206,581,62,181,0.767366,1,7
680,16,1032,521,80,166,0.811448,1,4
680,13,718,587,79,180,0.813126,1,2
680,11,462,632,90,168,0.814081,1,1
680,10,400,594,90,177,0.785679,1,6
680,8,84,651,79,200,0.811833,1,3
680,3,1713,386,206,139,0.808877,3,5
680,2,841,489,269,171,0.619969,3,9
680,1,1525,399,323,148,0.884681,3,0
681,20,510,572,47,176,0.670287,1,8
681,17,197,582,60,181,0.758544,1,7
681,16,1031,523,81,164,0.815587,1,1
681,13,718,587,75,181,0.784286,1,5
681,11,458,631,93,168,0.804553,1,4
681,10,399,594,85,178,0.771314,1,6
681,8,67,651,94,199,0.804853,1,3
681,3,1712,387,207,139,0.813298,3,2
681,1,1525,399,323,148,0.886616,3,0
682,20,508,573,45,174,0.670779,1,10
682,17,192,583,63,178,0.773171,1,5
682,16,1029,523,82,164,0.814615,1,2
682,13,718,587,71,181,0.779524,1,4
682,12,862,512,50,156,0.684078,1,9
682,11,456,631,89,169,0.771751,1,6
682,10,400,594,80,177,0.761652,1,7
682,8,53,651,108,200,0.794344,1,3
682,3,1715,385,204,141,0.816217,3,1
682,1,1525,399,323,148,0.887480,3,0
683,20,505,573,47,173,0.692018,1,10
683,17,190,586,65,177,0.785319,1,5
683,16,1028,523,81,163,0.820650,1,1
683,13,717,587,67,181,0.784254,1,6
683,12,852,515,59,154,0.706724,1,9
683,11,449,630,90,170,0.786910,1,4
683,10,400,592,78,178,0.768265,1,7
683,8,49,653,113,199,0.794445,1,3
683,3,1715,385,205,141,0.819837,3,2
683,1,1525,399,323,148,0.885285,3,0
684,20,503,574,50,172,0.700924,1,10
684,17,181,585,73,177,0.802282,1,3
684,16,1028,522,81,165,0.833459,1,1
684,13,714,588,64,179,0.782647,1,4
684,12,848,515,62,153,0.732978,1,9
684,11,451,631,81,170,0.752167,1,6
684,10,398,592,78,179,0.741470,1,7
684,8,48,652,114,201,0.781575,1,5
684,7,24,630,71,208,0.664988,1,11
684,3,1715,385,204,141,0.812979,3,2
684,2,846,488,272,172,0.741009,3,8
684,1,1524,399,323,148,0.883186,3,0
685,20,497,576,53,174,0.662922,1,10
685,17,170,584,84,178,0.823310,1,1
685,16,1029,521,79,166,0.817295,1,2
685,13,710,591,61,177,0.752070,1,6
685,12,845,518,64,149,0.736014,1,7
685,11,458,634,66,166,0.670719,1,9
685,10,392,591,81,179,0.731682,1,8
685,8,47,655,116,195,0.801358,1,4
685,7,24,630,62,206,0.623261,1,11
685,3,1712,386,207,139,0.813638,3,3
685,2,845,488,273,173,0.755647,3,5
685,1,1525,398,323,149,0.880180,3,0
686,20,493,577,55,176,0.701384,1,9
686,17,160,588,94,173,0.836906,1,1
686,16,1028,522,80,166,0.828748,1,2
686,13,709,590,59,179,0.743703,1,7
686,12,842,517,67,150,0.764191,1,5
686,11,456,631,55,168,0.673938,1,10
686,10,383,588,80,181,0.703008,1,8
686,8,48,656,114,194,0.823233,1,3
686,3,1711,386,207,139,0.810389,3,4
686,2,852,488,267,173,0.759514,3,6
686,1,1524,399,323,148,0.876265,3,0
687,20,489,575,59,176,0.724707,1,8
687,17,155,589,98,172,0.858757,1,1
687,16,1028,520,79,166,0.826710,1,3
687,13,708,590,57,180,0.731831,1,7
687,12,841,518,67,150,0.775792,1,5
687,11,454,633,52,169,0.723967,1,9
687,10,376,588,82,184,0.718198,1,10
687,8,43,655,116,195,0.839709,1,2
687,3,1712,387,207,139,0.813314,3,4
687,2,851,488,268,173,0.757988,3,6
687,1,1524,399,323,148,0.876368,3,0
688,20,487,575,63,176,0.756200,1,7
688,17,151,589,104,172,0.876373,1,1
688,16,1027,521,78,167,0.818450,1,3
688,13,704,591,62,182,0.707223,1,10
688,12,839,517,67,150,0.778550,1,5
688,11,448,631,50,171,0.730992,1,9
688,10,369,585,81,188,0.737049,1,8
688,8,40,655,117,197,0.845770,1,2
688,3,1712,387,207,139,0.815610,3,4
688,2,851,488,269,173,0.767897,3,6
688,1,1524,399,323,148,0.881101,3,0
689,20,484,577,65,176,0.750761,1,8
689,17,141,590,112,172,0.877402,1,1
689,16,1026,520,76,167,0.817488,1,3
689,13,684,590,79,185,0.771075,1,7
689,12,839,515,64,151,0.773594,1,6
689,11,441,635,56,169,0.735115,1,10
689,10,361,589,79,187,0.742841,1,9
689,8,40,655,115,198,0.830704,1,2
689,7,21,633,48,201,0.601578,1,11
689,3,1712,386,207,139,0.811030,3,4
689,2,854,487,266,174,0.781512,3,5
689,1,1524,399,324,148,0.879163,3,0
690,20,481,578,69,174,0.796191,1,5
690,17,137,591,116,171,0.882557,1,0
690,16,1026,519,70,169,0.788912,1,6
690,13,678,592,83,187,0.787482,1,7
690,12,836,514,63,152,0.764987,1,9
690,11,430,635,66,169,0.774654,1,8
690,10,367,592,70,187,0.655719,1,11
690,8,41,656,109,197,0.810202,1,2
690,7,15,632,51,203,0.688400,1,10
690,3,1711,386,207,139,0.809249,3,3
690,2,853,487,268,174,0.801692,3,4
690,1,1524,399,324,148,0.880341,3,1
691,20,477,578,71,173,0.790089,1,4
691,17,137,592,115,171,0.880700,1,0
691,16,1027,519,66,168,0.793473,1,3
691,13,676,597,87,183,0.758428,1,8
691,12,836,516,57,151,0.743540,1,9
691,11,418,635,79,168,0.776115,1,6
691,10,351,591,89,190,0.612752,1,11
691,8,39,655,101,197,0.762158,1,7
691,7,7,635,55,200,0.671573,1,10
691,3,1714,386,205,140,0.806797,3,2
691,2,855,487,268,174,0.787288,3,5
691,1,1524,399,324,148,0.877781,3,1
692,20,473,575,72,177,0.765394,1,6
692,17,136,592,115,170,0.875675,1,0
692,16,1027,519,61,166,0.792988,1,4
692,13,675,596,78,186,0.759751,1,7
692,12,835,516,52,150,0.729411,1,8
692,11,409,635,88,168,0.811126,1,2
692,10,348,589,90,192,0.684351,1,10
692,8,38,656,94,197,0.727182,1,9
692,7,0,633,61,206,0.645932,1,11
692,3,1722,388,198,137,0.802203,3,3
692,2,855,488,271,174,0.769687,3,5
692,1,1524,399,324,148,0.875284,3,1
693,20,472,575,70,180,0.768863,1,6
693,17,135,592,112,170,0.849419,1,1
693,16,1025,519,57,166,0.801241,1,4
693,13,673,597,83,184,0.789745,1,5
693,12,832,515,51,149,0.661258,1,10
693,11,404,637,93,166,0.822009,1,2
693,10,349,594,87,189,0.725763,1,8
693,8,40,655,84,199,0.709816,1,9
693,3,1722,388,197,137,0.805707,3,3
693,2,849,488,277,175,0.734386,3,7
693,1,1524,399,324,148,0.872894,3,0
694,20,468,575,68,182,0.746730,1,6
694,17,131,593,114,169,0.860675,1,1
694,16,1021,519,57,167,0.801691,1,3
694,13,670,598,85,183,0.774629,1,5
694,12,831,514,48,149,0.676207,1,10
694,11,403,644,95,159,0.789470,1,4
694,10,358,596,77,183,0.695466,1,9
694,8,38,655,76,199,0.706480,1,8
694,3,1723,387,197,138,0.804660,3,2
694,2,849,488,277,175,0.714236,3,7
694,1,1525,399,324,148,0.870204,3,0
695,20,467,576,65,181,0.716928,1,7
695,17,128,593,113,168,0.855796,1,1
695,16,1019,519,55,167,0.789098,1,4
695,13,675,597,76,185,0.778455,1,5
695,12,829,512,51,153,0.704940,1,9
695,11,400,639,96,163,0.803948,1,3
695,10,351,598,78,184,0.742879,1,6
695,8,36,655,67,194,0.603917,1,11
695,3,1723,387,196,138,0.806789,3,2
695,2,859,488,267,175,0.715414,3,8
695,1,1525,398,324,149,0.867624,3,0
696,20,465,578,59,178,0.663334,1,9
696,17,125,594,113,168,0.850946,1,1
696,16,1013,517,56,169,0.770846,1,4
696,13,676,599,73,185,0.763531,1,5
696,12,826,513,47,153,0.707144,1,8
696,11,400,640,93,164,0.798905,1,3
696,10,350,596,76,187,0.733088,1,7
696,8,27,654,63,200,0.607536,1,11
696,7,0,635,49,197,0.652360,1,10
696,3,1723,387,197,138,0.803613,3,2
696,2,859,488,268,174,0.756223,3,6
696,1,1525,398,324,149,0.868623,3,0
697,20,463,578,44,180,0.672105,1,11
697,17,121,593,114,168,0.853064,1,1
697,16,1009,518,57,172,0.761421,1,4
697,13,675,598,74,186,0.726068,1,5
697,12,821,512,48,154,0.710924,1,7
697,11,400,641,89,164,0.799379,1,3
697,10,348,600,75,184,0.684156,1,8
697,8,24,653,57,199,0.673308,1,9
697,7,0,635,44,182,0.673135,1,10
697,3,1724,387,196,138,0.803336,3,2
697,2,857,488,269,174,0.724058,3,6
697,1,1525,399,323,148,0.873534,3,0
698,20,460,578,49,181,0.685761,1,9
698,17,117,594,113,167,0.866744,1,1
698,16,1013,518,51,174,0.734452,1,6
698,13,675,598,71,186,0.725192,1,7
698,12,817,512,50,154,0.694729,1,8
698,11,401,643,80,162,0.788938,1,3
698,10,349,598,69,186,0.663421,1,10
698,8,22,656,57,196,0.747290,1,4
698,3,1724,387,195,138,0.806034,3,2
698,2,849,488,275,175,0.746867,3,5
698,1,1525,399,323,149,0.874140,3,0
699,20,454,580,51,179,0.719708,1,7
699,17,114,593,113,164,0.852449,1,1
699,16,1008,518,55,172,0.716797,1,8
699,13,676,600,68,185,0.687674,1,9
699,12,809,511,58,155,0.756494,1,5
699,11,399,643,74,161,0.760013,1,4
699,8,15,656,64,196,0.772799,1,3
699,3,1724,387,195,138,0.806592,3,2
699,2,851,489,273,173,0.742570,3,6
699,1,1525,399,323,149,0.872733,3,0
700,20,450,581,47,184,0.691182,1,7
700,17,110,592,111,163,0.863071,1,1
700,16,1002,519,58,169,0.689979,1,8
700,13,675,599,62,186,0.635241,1,10
700,12,802,512,66,152,0.778227,1,3
700,11,397,643,68,160,0.758634,1,6
700,8,1,657,77,196,0.767705,1,5
700,3,1724,387,196,137,0.805443,3,2
700,2,853,491,272,168,0.769624,3,4
700,1,1525,399,323,148,0.873472,3,0
701,20,448,578,51,184,0.738969,1,7
701,17,107,591,108,163,0.871966,1,1
701,16,991,522,68,165,0.733081,1,8
701,13,675,597,46,187,0.634094,1,10
701,12,796,513,72,151,0.775000,1,5
701,11,394,640,60,164,0.743173,1,6
701,8,0,658,78,196,0.851270,1,2
701,3,1724,387,196,138,0.808806,3,3
701,2,853,490,271,168,0.799293,3,4
701,1,1525,399,323,149,0.873454,3,0
702,23,851,437,41,89,0.707272,1,9
702,20,440,577,56,189,0.792753,1,5
702,17,104,590,103,165,0.880708,1,0
702,16,988,519,71,169,0.750727,1,7
702,13,673,600,50,184,0.692443,1,10
702,12,789,514,78,149,0.789117,1,6
702,11,392,639,54,165,0.744086,1,8
702,8,0,657,77,197,0.862236,1,2
702,3,1722,387,198,138,0.810325,3,4
702,2,852,491,272,167,0.822106,3,3
702,1,1526,398,323,149,0.877668,3,1
703,23,850,437,38,97,0.613541,1,10
703,20,435,577,61,188,0.813923,1,4
703,17,100,589,99,166,0.874864,1,1
703,16,985,522,74,164,0.807018,1,5
703,13,669,601,52,184,0.761949,1,8
703,12,789,513,78,149,0.798250,1,7
703,11,388,639,47,165,0.749092,1,9
703,8,0,658,78,196,0.843488,1,2
703,3,1723,387,197,138,0.814515,3,3
703,2,852,491,272,167,0.802595,3,6
703,1,1526,398,323,149,0.874913,3,0
704,20,427,580,69,184,0.828735,1,3
704,17,97,588,94,167,0.855776,1,2
704,16,983,524,76,163,0.804129,1,7
704,13,664,603,50,182,0.730815,1,9
704,12,789,515,77,148,0.810291,1,5
704,11,382,638,51,167,0.740985,1,8
704,8,0,659,78,195,0.859195,1,1
704,3,1725,388,195,138,0.810542,3,4
704,2,848,487,275,174,0.808993,3,6
704,1,1526,399,323,148,0.877234,3,0
705,20,423,582,73,184,0.823042,1,3
705,17,96,586,86,169,0.808726,1,7
705,16,983,525,76,161,0.815954,1,4
705,13,656,603,55,183,0.768486,1,9
705,12,789,514,74,148,0.825317,1,2
705,11,372,644,61,161,0.789239,1,8
705,8,0,661,78,193,0.874326,1,1
705,3,1725,388,195,138,0.811576,3,6
705,2,849,487,275,175,0.814936,3,5
705,1,1526,399,323,148,0.880196,3,0
706,21,680,572,63,165,0.632546,1,12
706,20,422,579,74,188,0.824782,1,3
706,17,92,585,82,169,0.796032,1,8
706,16,981,524,77,162,0.814009,1,6
706,13,652,603,60,183,0.771041,1,9
706,12,789,513,75,149,0.830824,1,2
706,11,358,639,75,167,0.820542,1,4
706,10,319,599,63,179,0.741377,1,10
706,8,0,662,78,191,0.860300,1,1
706,3,1724,388,195,138,0.811577,3,7
706,2,848,487,275,174,0.815889,3,5
706,1,1526,399,323,148,0.879872,3,0
707,23,837,437,41,121,0.692901,1,11
707,21,678,572,65,166,0.676032,1,12
707,20,418,583,78,184,0.813249,1,6
707,17,89,584,84,170,0.829111,1,2
707,16,980,525,78,162,0.821628,1,4
707,13,651,603,58,182,0.761016,1,9
707,12,787,515,75,146,0.818089,1,5
707,11,346,642,87,164,0.828449,1,3
707,10,311,598,68,179,0.737083,1,10
707,8,0,661,77,193,0.876077,1,1
707,3,1724,388,196,138,0.812524,3,7
707,2,848,488,275,174,0.791329,3,8
707,1,1526,399,323,148,0.877176,3,0
708,23,834,437,43,140,0.684757,1,12
708,21,673,575,69,163,0.693566,1,11
708,20,416,583,80,183,0.823254,1,5
708,17,86,583,86,171,0.829899,1,3
708,16,980,525,78,164,0.827395,1,4
708,13,646,605,61,182,0.746780,1,10
708,12,785,516,72,146,0.795862,1,7
708,11,341,643,92,163,0.835244,1,2
708,10,302,599,75,183,0.754670,1,9
708,8,0,662,77,193,0.866023,1,1
708,3,1723,388,196,138,0.813636,3,6
708,2,848,488,276,173,0.792159,3,8
708,1,1526,399,323,148,0.877148,3,0
709,23,833,437,42,144,0.691795,1,12
709,21,669,575,72,161,0.695240,1,11
709,20,412,583,84,183,0.836431,1,3
709,17,83,582,89,173,0.794577,1,8
709,16,980,524,76,163,0.822385,1,5
709,13,625,608,83,178,0.822511,1,4
709,12,784,514,67,148,0.801118,1,7
709,11,339,644,94,162,0.853282,1,1
709,10,296,601,77,181,0.782000,1,10
709,8,0,662,73,192,0.841584,1,2
709,3,1723,388,196,138,0.817022,3,6
709,2,850,490,274,168,0.782715,3,9
709,1,1526,399,323,148,0.878396,3,0
710,23,829,438,44,144,0.713007,1,11
710,21,668,575,68,160,0.681521,1,12
710,20,408,583,87,183,0.834920,1,3
710,17,81,582,93,173,0.828797,1,4
710,16,980,524,75,164,0.812241,1,7
710,13,624,608,84,179,0.856643,1,1
710,12,782,513,66,149,0.805497,1,8
710,11,338,645,95,162,0.851921,1,2
710,10,292,602,80,179,0.784043,1,10
710,8,0,662,68,194,0.815244,1,6
710,3,1723,388,196,138,0.816143,3,5
710,2,851,488,272,173,0.794563,3,9
710,1,1526,399,323,148,0.881705,3,0
711,23,825,439,44,148,0.726751,1,10
711,21,661,578,76,157,0.692525,1,12
711,20,404,583,89,181,0.842432,1,4
711,17,78,583,95,172,0.860750,1,1
711,16,980,524,70,167,0.795976,1,8
711,13,619,610,90,177,0.851467,1,2
711,12,778,514,64,148,0.788233,1,9
711,11,336,645,95,163,0.842635,1,3
711,10,286,603,80,178,0.799484,1,7
711,8,0,689,65,167,0.708342,1,11
711,3,1723,388,196,138,0.813432,3,5
711,2,849,488,274,174,0.805251,3,6
711,1,1526,399,323,148,0.879999,3,0
712,23,823,440,45,141,0.743709,1,10
712,21,660,580,72,156,0.694625,1,11
712,20,401,583,92,186,0.835163,1,3
712,17,74,582,99,173,0.860895,1,1
712,16,979,523,68,167,0.810414,1,5
712,13,613,611,94,177,0.851248,1,2
712,12,778,513,59,149,0.771307,1,9
712,11,335,643,94,166,0.833079,1,4
712,10,281,607,79,176,0.791490,1,8
712,8,0,691,65,163,0.672789,1,12
712,3,1723,388,197,138,0.808733,3,7
712,2,849,488,275,172,0.809479,3,6
712,1,1526,399,323,148,0.878890,3,0
713,23,820,441,45,141,0.722187,1,11
713,21,653,580,80,157,0.728301,1,10
713,20,399,583,92,185,0.840372,1,3
713,17,71,582,101,174,0.867595,1,1
713,16,979,524,64,166,0.805782,1,7
713,13,611,611,96,178,0.846196,1,2
713,12,776,513,55,148,0.766953,1,8
713,11,335,640,88,170,0.835246,1,4
713,10,277,608,78,176,0.736647,1,9
713,3,1714,387,205,139,0.813875,3,6
713,2,848,488,276,172,0.823297,3,5
713,1,1526,399,323,148,0.886269,3,0
714,23,817,441,45,145,0.670527,1,12
714,21,653,580,70,157,0.722809,1,10
714,20,399,583,93,186,0.810706,1,4
714,17,68,582,103,174,0.878903,1,1
714,16,979,525,58,164,0.760491,1,8
714,13,609,610,99,181,0.841855,1,2
714,12,775,513,49,148,0.770965,1,6
714,11,335,643,81,165,0.765037,1,7
714,10,276,606,76,178,0.743470,1,9
714,3,1723,388,197,138,0.808697,3,5
714,2,847,488,278,174,0.830958,3,3
714,1,1526,399,323,149,0.885749,3,0
715,24,313,556,44,100,0.643892,1,12
715,23,812,442,48,149,0.716257,1,9
715,21,653,581,68,158,0.708628,1,11
715,20,398,582,79,180,0.782365,1,5
715,17,66,582,104,174,0.874030,1,1
715,16,978,526,45,163,0.750789,1,8
715,13,609,610,97,181,0.815840,1,3
715,12,772,512,48,149,0.765938,1,7
715,11,332,642,74,167,0.774823,1,6
715,10,272,610,81,176,0.713871,1,10
715,3,1714,388,205,139,0.806808,3,4
715,2,847,488,278,174,0.866073,3,2
715,1,1527,400,323,148,0.883426,3,0
716,23,808,443,51,152,0.750700,1,9
716,21,648,583,70,156,0.654772,1,11
716,20,398,583,68,178,0.818832,1,3
716,17,63,581,103,175,0.878259,1,1
716,16,978,526,42,163,0.766921,1,7
716,13,612,609,92,182,0.800404,1,5
716,12,771,512,47,149,0.761190,1,8
716,11,331,643,67,166,0.777442,1,6
716,10,270,609,77,178,0.723727,1,10
716,3,1719,387,201,140,0.816259,3,4
716,2,848,488,277,174,0.874658,3,2
716,1,1526,400,323,148,0.887281,3,0
717,23,804,443,55,152,0.724005,1,10
717,21,637,583,80,155,0.662968,1,11
717,20,396,581,61,182,0.811649,1,3
717,17,60,581,103,177,0.881163,1,1
717,16,979,528,40,161,0.792854,1,6
717,13,609,614,89,178,0.796752,1,4
717,12,769,511,46,152,0.755764,1,7
717,11,328,644,61,168,0.732498,1,9
717,10,264,609,80,176,0.739565,1,8
717,3,1725,390,194,137,0.794190,3,5
717,2,848,489,277,173,0.861922,3,2
717,1,1526,400,323,149,0.889233,3,0
718,23,800,445,59,151,0.739341,1,8
718,20,394,582,53,183,0.781438,1,6
718,17,57,580,100,180,0.876342,1,2
718,16,976,528,39,162,0.786739,1,5
718,13,614,614,80,181,0.798767,1,4
718,12,765,512,50,153,0.776280,1,7
718,11,325,644,53,171,0.716123,1,10
718,10,261,612,76,174,0.730504,1,9
718,3,1728,391,192,137,0.805466,3,3
718,2,849,490,277,170,0.877482,3,1
718,1,1526,402,323,149,0.899169,3,0
719,23,801,447,57,152,0.719781,1,10
719,20,391,586,44,183,0.752111,1,7
719,17,54,581,99,181,0.868537,1,1
719,16,972,528,41,164,0.768939,1,6
719,13,613,615,75,182,0.809093,1,3
719,12,757,516,57,152,0.795155,1,5
719,11,320,646,50,171,0.744317,1,8
719,10,260,614,69,175,0.738064,1,9
719,3,1723,393,195,138,0.808407,3,4
719,2,851,493,275,166,0.860753,3,2
719,1,1526,403,322,149,0.895474,3,0
720,23,797,448,60,153,0.706747,1,10
720,20,387,589,46,182,0.753902,1,8
720,17,51,582,95,180,0.843544,1,2
720,16,967,532,46,160,0.756436,1,7
720,13,613,616,70,184,0.825706,1,4
720,12,752,518,62,150,0.788870,1,5
720,11,314,650,54,173,0.746001,1,9
720,10,258,616,66,174,0.775943,1,6
720,3,1722,394,196,138,0.829118,3,3
720,2,849,494,277,165,0.867594,3,1
720,1,1527,406,323,148,0.896886,3,0
721,23,798,450,59,153,0.727426,1,10
721,20,383,590,49,182,0.769435,1,7
721,17,49,582,91,180,0.832098,1,2
721,16,958,534,52,159,0.760300,1,8
721,13,611,615,62,185,0.795886,1,4
721,12,748,519,66,150,0.794406,1,5
721,11,305,651,61,172,0.793556,1,6
721,10,258,615,62,176,0.757614,1,9
721,3,1723,396,195,138,0.826740,3,3
721,2,848,497,278,163,0.871774,3,1
721,1,1526,406,323,149,0.898687,3,0
722,23,795,449,61,155,0.713277,1,10
722,21,633,588,53,168,0.696600,1,11
722,20,374,592,58,181,0.786791,1,7
722,17,48,581,85,182,0.830608,1,2
722,16,951,532,59,164,0.799122,1,5
722,13,605,615,60,187,0.747883,1,8
722,12,745,518,68,150,0.803302,1,4
722,11,293,654,74,167,0.793459,1,6
722,10,256,615,62,175,0.730275,1,9
722,3,1724,396,195,138,0.826015,3,3
722,2,847,497,279,162,0.876364,3,1
722,1,1526,406,323,149,0.895935,3,0
723,23,793,449,53,155,0.731503,1,9
723,21,632,588,49,171,0.735437,1,8
723,20,365,593,65,182,0.825962,1,2
723,17,46,580,81,181,0.815212,1,5
723,16,944,532,65,164,0.805423,1,7
723,13,597,618,59,183,0.731050,1,10
723,12,742,518,71,152,0.807161,1,6
723,11,284,650,82,171,0.815543,1,4
723,10,255,616,59,173,0.729730,1,11
723,3,1723,396,195,138,0.824647,3,3
723,2,845,497,280,161,0.881840,3,1
723,1,1526,406,323,149,0.895939,3,0
724,23,788,449,54,158,0.716790,1,9
724,21,626,589,51,171,0.686175,1,11
724,20,357,591,73,181,0.829973,1,2
724,17,41,579,76,184,0.825907,1,3
724,16,937,533,70,162,0.820430,1,5
724,13,591,622,59,180,0.761119,1,8
724,12,741,518,72,151,0.786691,1,7
724,11,278,654,88,168,0.811067,1,6
724,10,255,622,55,173,0.700354,1,10
724,3,1722,396,196,138,0.820952,3,4
724,2,845,497,280,161,0.881426,3,1
724,1,1526,406,323,149,0.895110,3,0
725,23,787,449,46,156,0.737649,1,9
725,21,624,591,49,172,0.702144,1,10
725,20,350,594,80,178,0.832654,1,2
725,17,39,579,70,186,0.827553,1,4
725,16,931,535,77,161,0.828071,1,3
725,13,591,622,60,183,0.766128,1,8
725,12,741,517,68,152,0.786756,1,7
725,11,276,655,90,169,0.796332,1,6
725,3,1723,396,196,138,0.822051,3,5
725,2,845,497,279,161,0.879137,3,1
725,1,1526,406,323,149,0.896517,3,0
726,23,785,449,42,152,0.741328,1,9
726,21,623,593,48,169,0.675630,1,10
726,20,346,591,85,181,0.841698,1,2
726,17,35,579,67,188,0.812506,1,6
726,16,932,536,76,160,0.822838,1,5
726,13,582,619,73,189,0.823895,1,4
726,12,742,516,63,153,0.782179,1,8
726,11,274,656,91,169,0.811547,1,7
726,3,1722,396,196,137,0.827905,3,3
726,2,845,497,280,161,0.877293,3,1
726,1,1526,406,323,149,0.896771,3,0
727,23,780,449,48,157,0.747806,1,9
727,21,621,593,48,166,0.702927,1,10
727,20,341,596,91,176,0.844339,1,2
727,17,35,578,68,190,0.819229,1,7
727,16,933,538,75,158,0.831973,1,4
727,13,579,619,77,191,0.834154,1,3
727,12,740,517,62,151,0.779217,1,8
727,11,272,656,90,169,0.826640,1,5
727,3,1723,395,196,138,0.824830,3,6
727,2,846,496,279,162,0.862981,3,1
727,1,1526,406,323,149,0.897931,3,0
728,23,778,449,45,156,0.752791,1,9
728,21,618,593,50,164,0.723752,1,11
728,20,340,597,91,177,0.848606,1,2
728,17,32,579,72,187,0.823129,1,6
728,16,930,540,77,155,0.826594,1,4
728,13,572,618,83,190,0.830646,1,3
728,12,737,516,59,151,0.766564,1,8
728,11,270,655,87,169,0.787464,1,7
728,10,224,613,66,185,0.725638,1,10
728,3,1724,395,195,138,0.824576,3,5
728,2,846,496,280,162,0.854659,3,1
728,1,1526,406,323,149,0.899829,3,0
729,23,777,449,44,158,0.749509,1,8
729,21,614,593,53,164,0.718563,1,10
729,20,339,597,92,177,0.822153,1,5
729,17,28,579,75,188,0.837205,1,2
729,16,928,542,80,154,0.820714,1,6
729,13,564,618,92,190,0.833025,1,3
729,12,736,514,55,150,0.746517,1,9
729,11,270,658,82,167,0.757496,1,7
729,10,216,619,70,178,0.626861,1,11
729,3,1724,395,195,138,0.827185,3,4
729,2,845,495,280,163,0.846258,3,1
729,1,1526,406,323,149,0.900224,3,0
730,23,775,450,44,157,0.692501,1,10
730,21,611,596,57,160,0.701410,1,9
730,20,338,596,90,179,0.812152,1,5
730,17,20,581,83,185,0.853641,1,1
730,16,927,539,81,157,0.806725,1,6
730,13,559,619,98,189,0.842722,1,3
730,12,734,513,52,151,0.744383,1,7
730,11,271,655,72,170,0.709379,1,8
730,10,207,622,72,173,0.655737,1,11
730,3,1724,395,195,138,0.822873,3,4
730,2,845,495,280,163,0.851682,3,2
730,1,1526,406,323,149,0.901483,3,0
731,23,763,450,57,156,0.731532,1,10
731,21,609,594,58,164,0.681962,1,11
731,20,335,596,86,181,0.820677,1,5
731,17,10,581,92,184,0.860206,1,1
731,16,927,534,80,163,0.804221,1,6
731,13,554,620,100,189,0.838055,1,3
731,12,728,513,54,150,0.753564,1,7
731,11,268,657,67,168,0.751974,1,8
731,10,206,619,70,180,0.739255,1,9
731,3,1723,395,196,138,0.827729,3,4
731,2,845,494,280,165,0.846407,3,2
731,1,1526,406,323,149,0.902384,3,0
732,23,766,452,52,155,0.702671,1,10
732,21,605,594,61,163,0.646385,1,11
732,20,334,595,84,182,0.828147,1,4
732,17,6,580,96,185,0.855940,1,2
732,16,926,532,80,165,0.806079,1,6
732,13,550,620,101,189,0.863589,1,1
732,12,727,513,51,151,0.757872,1,7
732,11,262,657,62,168,0.737697,1,9
732,10,204,621,69,179,0.742914,1,8
732,3,1722,395,196,138,0.827500,3,5
732,2,845,494,280,165,0.843214,3,3
732,1,1526,406,323,149,0.900799,3,0
733,23,762,452,56,156,0.734005,1,9
733,20,335,595,78,182,0.811943,1,5
733,17,2,583,100,180,0.867591,1,1
733,16,925,530,77,168,0.772030,1,6
733,13,546,622,102,187,0.854764,1,2
733,12,727,513,47,153,0.760965,1,8
733,11,258,657,57,169,0.669227,1,10
733,10,204,624,68,174,0.768211,1,7
733,3,1722,395,196,138,0.823429,3,4
733,2,847,494,278,166,0.836426,3,3
733,1,1526,406,323,149,0.900377,3,0
734,23,756,453,61,154,0.733563,1,8
734,20,335,595,72,182,0.809334,1,5
734,17,1,583,100,181,0.862168,1,2
734,16,925,530,74,170,0.745302,1,7
734,13,546,623,100,186,0.867845,1,1
734,12,725,512,47,155,0.759243,1,6
734,11,252,658,55,168,0.689924,1,10
734,10,202,626,60,172,0.733064,1,9
734,3,1722,395,196,137,0.822588,3,3
734,2,847,494,278,165,0.822154,3,4
734,1,1526,406,324,149,0.900593,3,0
735,23,753,453,64,153,0.751932,1,10
735,20,333,593,67,183,0.808708,1,5
735,17,0,583,100,182,0.867204,1,2
735,16,924,532,73,172,0.768125,1,7
735,13,545,622,96,187,0.868892,1,1
735,12,722,512,49,155,0.766753,1,8
735,11,249,658,58,167,0.779072,1,6
735,10,200,626,55,172,0.758303,1,9
735,3,1722,395,197,137,0.822966,3,3
735,2,847,494,278,166,0.822333,3,4
735,1,1526,406,323,149,0.900938,3,0
736,23,751,454,66,152,0.748512,1,7
736,20,333,594,53,182,0.745849,1,8
736,17,0,584,98,181,0.857620,1,2
736,16,923,535,66,172,0.729992,1,10
736,13,542,622,94,189,0.861450,1,1
736,12,719,513,51,154,0.758865,1,6
736,11,239,658,66,168,0.772437,1,5
736,10,196,624,55,175,0.734012,1,9
736,3,1722,395,197,137,0.823027,3,4
736,2,847,495,278,166,0.840003,3,3
736,1,1526,406,323,149,0.900368,3,0
737,23,752,454,64,152,0.744698,1,8
737,21,592,597,55,165,0.657051,1,11
737,20,330,594,53,182,0.790939,1,5
737,17,0,583,95,182,0.847441,1,1
737,16,925,536,60,159,0.698952,1,9
737,13,539,620,89,190,0.823535,1,4
737,12,708,511,62,155,0.788643,1,6
737,11,225,660,80,167,0.756844,1,7
737,10,194,622,58,176,0.658424,1,10
737,3,1723,395,195,137,0.825003,3,3
737,2,848,495,277,166,0.831624,3,2
737,1,1525,406,324,149,0.899840,3,0
738,23,747,454,67,155,0.744597,1,8
738,21,587,599,49,164,0.692589,1,11
738,20,327,594,47,182,0.799088,1,4
738,17,0,583,89,182,0.859041,1,1
738,16,924,536,55,158,0.727621,1,9
738,13,535,623,88,186,0.785146,1,6
738,12,706,512,64,151,0.777955,1,7
738,11,212,659,92,169,0.787530,1,5
738,10,191,622,56,177,0.716284,1,10
738,3,1721,394,197,137,0.829812,3,3
738,2,850,494,276,166,0.839512,3,2
738,1,1525,405,324,148,0.901287,3,0
739,23,748,454,63,151,0.719072,1,8
739,21,586,600,45,169,0.681225,1,11
739,20,322,594,48,183,0.785848,1,5
739,17,0,581,83,184,0.854335,1,2
739,16,924,535,51,160,0.747005,1,7
739,13,533,622,67,188,0.710161,1,9
739,12,700,511,69,151,0.784373,1,6
739,11,207,667,98,160,0.792387,1,4
739,10,188,618,54,184,0.689495,1,10
739,3,1721,395,198,137,0.830203,3,3
739,2,850,494,276,166,0.856872,3,1
739,1,1525,405,324,148,0.901878,3,0
740,23,745,453,61,152,0.698841,1,9
740,21,584,599,42,173,0.678352,1,10
740,20,318,594,50,183,0.762927,1,7
740,17,0,581,76,185,0.841941,1,2
740,16,923,533,46,165,0.745255,1,8
740,13,529,622,70,188,0.764277,1,6
740,12,697,514,72,148,0.804463,1,5
740,11,205,657,98,173,0.804558,1,4
740,10,185,619,55,180,0.668922,1,11
740,3,1720,395,198,137,0.828002,3,3
740,2,850,494,276,167,0.854823,3,1
740,1,1525,405,324,148,0.901807,3,0
741,23,746,453,54,150,0.714937,1,9
741,21,578,599,48,176,0.696226,1,10
741,20,306,593,62,183,0.784332,1,6
741,17,0,580,69,185,0.799450,1,5
741,16,921,531,44,168,0.765196,1,8
741,13,528,622,66,184,0.773038,1,7
741,12,695,514,73,148,0.805162,1,4
741,11,204,659,97,171,0.811844,1,3
741,3,1721,394,198,137,0.825543,3,2
741,2,848,494,277,170,0.861032,3,1
741,1,1525,405,324,149,0.902057,3,0
742,23,741,452,54,151,0.620925,1,10
742,21,576,599,51,174,0.721010,1,9
742,20,295,595,73,180,0.797372,1,5
742,17,0,580,62,186,0.772105,1,8
742,16,917,530,48,172,0.775922,1,7
742,13,527,622,64,187,0.788185,1,6
742,12,694,514,74,148,0.809536,1,3
742,11,202,661,97,168,0.798702,1,4
742,3,1721,394,198,137,0.824219,3,2
742,2,848,494,277,169,0.854388,3,1
742,1,1525,405,324,148,0.900835,3,0
743,23,740,452,43,147,0.625570,1,11
743,21,574,600,51,174,0.741753,1,8
743,20,287,597,82,178,0.842990,1,2
743,17,0,579,53,186,0.700269,1,9
743,16,910,529,52,173,0.753252,1,7
743,13,526,623,65,185,0.795884,1,5
743,12,694,514,72,147,0.827978,1,3
743,11,201,660,94,169,0.792947,1,6
743,3,1721,394,198,137,0.827475,3,4
743,2,847,493,278,170,0.859765,3,1
743,1,1525,405,324,148,0.900113,3,0
744,24,211,561,48,122,0.631153,1,12
744,23,737,452,43,154,0.702396,1,9
744,21,571,602,53,172,0.783443,1,6
744,20,279,598,91,179,0.841306,1,1
744,17,0,580,45,185,0.677529,1,10
744,16,901,530,59,170,0.772053,1,7
744,13,525,624,63,185,0.799167,1,5
744,12,692,513,74,149,0.820619,1,4
744,11,200,658,89,171,0.756124,1,8
744,3,1721,394,198,137,0.829019,3,3
744,2,847,494,278,169,0.836259,3,2
744,1,1525,405,324,149,0.900524,3,0
745,24,207,561,48,120,0.607128,1,11
745,23,735,451,41,158,0.723471,1,8
745,21,567,605,56,169,0.785131,1,7
745,20,273,596,95,181,0.849402,1,1
745,17,0,581,37,184,0.658822,1,10
745,16,893,531,66,170,0.814566,1,5
745,13,514,623,75,185,0.817064,1,4
745,12,692,512,73,150,0.810718,1,6
745,11,195,655,87,175,0.707416,1,9
745,3,1721,394,198,137,0.823749,3,3
745,2,847,494,278,169,0.826087,3,2
745,1,1525,405,324,149,0.899520,3,0
746,24,206,561,50,146,0.641400,1,11
746,23,731,452,41,157,0.716601,1,8
746,21,564,605,60,167,0.758877,1,7
746,20,271,597,98,179,0.838781,1,2
746,17,0,589,36,175,0.712208,1,9
746,16,887,528,70,169,0.827612,1,3
746,13,505,624,85,184,0.843590,1,1
746,12,692,513,71,148,0.796585,1,6
746,11,195,658,79,173,0.679217,1,10
746,3,1723,394,196,137,0.812573,3,5
746,2,847,493,278,169,0.827015,3,4
746,1,1525,405,324,148,0.898359,3,0
747,24,202,560,50,150,0.682178,1,10
747,23,729,451,42,160,0.754193,1,8
747,21,561,606,63,165,0.772334,1,7
747,20,270,595,95,181,0.856298,1,2
747,17,0,596,35,168,0.701704,1,9
747,16,884,528,72,172,0.798145,1,5
747,13,495,625,94,183,0.868300,1,1
747,12,691,512,68,149,0.790964,1,6
747,3,1721,394,197,137,0.814763,3,3
747,2,848,493,277,169,0.814176,3,4
747,1,1525,405,324,148,0.896656,3,0
748,24,199,560,50,158,0.709858,1,10
748,23,728,451,43,161,0.764616,1,7
748,21,557,606,66,165,0.763669,1,8
748,20,270,595,96,182,0.877313,1,1
748,17,0,595,35,171,0.751960,1,9
748,16,883,529,73,172,0.765626,1,6
748,13,490,624,100,185,0.860574,1,2
748,12,690,514,66,149,0.795163,1,5
748,3,1722,394,197,137,0.810535,3,3
748,2,848,493,277,169,0.807351,3,4
748,1,1525,405,324,148,0.898426,3,0
749,24,194,559,54,166,0.693278,1,10
749,23,724,451,46,161,0.774688,1,6
749,21,555,604,67,168,0.762981,1,7
749,20,269,596,94,181,0.865160,1,1
749,17,0,596,35,169,0.700402,1,9
749,16,881,530,75,171,0.762259,1,8
749,13,487,626,100,183,0.863778,1,2
749,12,688,513,65,149,0.781470,1,5
749,3,1721,394,198,137,0.814064,3,3
749,2,849,493,276,169,0.802522,3,4
749,1,1525,405,324,148,0.898318,3,0
750,24,192,559,56,168,0.716000,1,9
750,23,723,453,45,158,0.768961,1,6
750,21,548,605,73,169,0.768109,1,7
750,20,269,596,91,181,0.854236,1,2
750,17,0,601,35,165,0.647038,1,11
750,16,879,531,78,170,0.767444,1,8
750,13,486,624,99,186,0.862971,1,1
750,12,687,513,61,148,0.789074,1,5
750,11,185,664,54,170,0.663812,1,10
750,10,131,612,69,166,0.645906,1,12
750,3,1720,394,198,137,0.818814,3,3
750,2,849,493,276,170,0.801550,3,4
750,1,1524,405,324,149,0.898005,3,0
751,24,190,560,57,167,0.707383,1,9
751,23,721,452,48,161,0.792176,1,5
751,21,545,607,77,166,0.789076,1,6
751,20,269,596,85,182,0.848317,1,2
751,17,0,604,35,161,0.619161,1,12
751,16,880,531,77,171,0.788564,1,7
751,13,486,626,99,184,0.851681,1,1
751,12,686,513,56,148,0.775048,1,8
751,11,177,666,64,172,0.675571,1,10
751,10,132,611,67,168,0.675490,1,11
751,3,1721,394,197,136,0.817481,3,4
751,2,849,493,276,171,0.820705,3,3
751,1,1524,405,324,149,0.901585,3,0
752,24,187,560,60,167,0.690478,1,11
752,23,715,453,53,159,0.813979,1,5
752,21,543,608,78,165,0.754342,1,8
752,20,269,595,81,182,0.840492,1,2
752,17,0,605,35,161,0.640629,1,12
752,16,880,530,76,172,0.778042,1,7
752,13,484,626,99,183,0.844059,1,1
752,12,683,513,52,148,0.780698,1,6
752,11,168,666,71,171,0.731030,1,9
752,10,132,609,61,171,0.699559,1,10
752,3,1718,395,201,136,0.821547,3,4
752,2,848,493,277,172,0.822263,3,3
752,1,1524,405,324,149,0.901359,3,0
753,24,181,561,64,166,0.680285,1,10
753,23,714,454,54,158,0.814023,1,5
753,21,539,609,81,163,0.748422,1,9
753,20,269,594,74,182,0.814734,1,4
753,17,0,609,34,157,0.616314,1,12
753,16,880,529,74,171,0.750763,1,8
753,13,483,625,96,185,0.828481,1,1
753,12,680,512,51,149,0.785003,1,6
753,11,154,665,85,173,0.765520,1,7
753,10,131,607,57,172,0.669519,1,11
753,3,1718,394,201,137,0.822107,3,3
753,2,847,493,278,173,0.823752,3,2
753,1,1524,405,324,149,0.901715,3,0
754,24,178,561,64,165,0.704033,1,10
754,23,709,454,58,157,0.783062,1,6
754,21,536,608,82,165,0.744293,1,9
754,20,267,592,66,184,0.806844,1,4
754,16,880,529,70,173,0.748263,1,8
754,13,484,622,91,188,0.825173,1,2
754,12,679,512,48,149,0.767588,1,7
754,11,148,668,90,170,0.783628,1,5
754,10,132,605,54,174,0.689880,1,11
754,3,1718,394,201,137,0.822962,3,3
754,2,847,493,278,173,0.825762,3,1
754,1,1525,405,324,149,0.903448,3,0
755,24,175,562,68,162,0.708994,1,10
755,23,707,454,61,157,0.760549,1,7
755,21,531,607,76,168,0.720145,1,9
755,20,265,593,59,183,0.797513,1,4
755,16,880,531,64,170,0.764964,1,6
755,13,485,622,83,188,0.822771,1,3
755,12,677,511,48,149,0.753979,1,8
755,11,143,669,93,169,0.784476,1,5
755,10,133,602,49,177,0.654432,1,11
755,3,1717,394,201,137,0.825311,3,2
755,2,846,493,279,174,0.828294,3,1
755,1,1525,405,324,148,0.902854,3,0
756,24,176,563,65,168,0.732600,1,10
756,23,704,455,63,156,0.755031,1,8
756,21,532,608,68,169,0.779651,1,5
756,20,265,591,53,184,0.765413,1,7
756,16,880,530,58,173,0.743775,1,9
756,13,485,623,76,186,0.809922,1,4
756,12,676,510,48,151,0.772760,1,6
756,11,143,667,89,173,0.834166,1,1
756,10,131,601,49,178,0.670613,1,11
756,3,1719,394,200,137,0.821253,3,2
756,2,847,493,278,174,0.814378,3,3
756,1,1525,405,324,148,0.903127,3,0
757,24,169,565,72,162,0.748933,1,9
757,23,702,455,63,156,0.755008,1,8
757,21,530,607,62,173,0.764482,1,7
757,20,260,594,46,183,0.786562,1,3
757,16,879,534,52,168,0.735541,1,10
757,13,485,624,69,185,0.783976,1,4
757,12,672,510,50,150,0.773844,1,6
757,11,141,670,89,170,0.830039,1,1
757,10,132,601,46,177,0.600345,1,11
757,3,1722,394,197,137,0.820255,3,2
757,2,848,492,276,173,0.778788,3,5
757,1,1525,405,324,148,0.902067,3,0
758,24,166,563,76,164,0.755349,1,9
758,23,699,455,66,158,0.756028,1,8
758,21,524,607,61,176,0.761962,1,7
758,20,256,595,48,183,0.796705,1,3
758,16,878,532,48,170,0.744209,1,10
758,13,483,626,62,184,0.793619,1,4
758,12,664,511,57,150,0.772267,1,6
758,11,138,674,92,167,0.829283,1,1
758,3,1723,394,195,137,0.820709,3,2
758,2,847,493,277,174,0.779016,3,5
758,1,1525,405,324,149,0.900097,3,0
759,24,164,564,78,166,0.759179,1,6
759,23,696,455,67,159,0.749173,1,7
759,21,522,611,55,173,0.745729,1,8
759,20,251,596,52,183,0.797248,1,2
759,16,876,533,44,170,0.734173,1,9
759,13,480,625,54,186,0.728764,1,10
759,12,659,510,63,152,0.790543,1,4
759,11,139,675,86,166,0.795487,1,3
759,3,1726,395,193,137,0.817949,3,1
759,2,848,493,277,175,0.783489,3,5
759,1,1525,405,324,148,0.900777,3,0
760,24,160,565,78,167,0.763669,1,6
760,23,693,455,66,159,0.757411,1,8
760,21,519,611,49,173,0.744662,1,9
760,20,241,595,62,183,0.816627,1,2
760,16,871,533,47,171,0.739438,1,10
760,13,479,624,50,188,0.762401,1,7
760,12,655,511,66,150,0.812721,1,3
760,11,138,672,82,170,0.804405,1,4
760,3,1724,395,195,137,0.817662,3,1
760,2,846,494,279,174,0.780699,3,5
760,1,1526,406,324,149,0.898783,3,0
761,24,151,563,82,169,0.797764,1,4
761,23,688,452,68,157,0.741437,1,10
761,21,515,610,50,178,0.757660,1,8
761,20,229,598,74,182,0.838775,1,1
761,16,868,533,48,171,0.749768,1,9
761,13,472,624,51,191,0.787207,1,6
761,12,653,512,67,149,0.798321,1,3
761,11,133,673,75,169,0.795150,1,5
761,3,1726,395,193,138,0.817358,3,2
761,2,847,494,278,173,0.763349,3,7
761,1,1525,406,324,149,0.898343,3,0
762,24,150,562,74,166,0.747181,1,9
762,23,686,452,62,158,0.687657,1,10
762,21,512,612,51,176,0.764094,1,5
762,20,218,597,85,181,0.855621,1,1
762,16,865,534,48,170,0.750623,1,8
762,13,467,624,56,192,0.770727,1,4
762,12,652,513,68,149,0.805959,1,3
762,11,133,672,69,170,0.761140,1,6
762,3,1723,395,195,138,0.820678,3,2
762,2,847,493,278,174,0.758927,3,7
762,1,1525,406,324,149,0.903669,3,0
763,24,147,563,69,157,0.707423,1,8
763,23,684,454,55,157,0.636465,1,10
763,21,509,612,53,178,0.756373,1,6
763,20,210,598,93,178,0.866673,1,1
763,16,855,534,56,169,0.747207,1,7
763,13,458,626,65,191,0.800295,1,4
763,12,650,512,69,149,0.805355,1,3
763,11,130,673,57,169,0.674787,1,9
763,3,1724,395,195,138,0.822447,3,2
763,2,847,493,278,174,0.766959,3,5
763,1,1525,406,324,149,0.903844,3,0
764,24,143,560,68,166,0.700038,1,8
764,23,681,453,52,155,0.647327,1,9
764,21,508,612,54,171,0.788823,1,5
764,20,207,599,95,179,0.856803,1,1
764,16,847,536,64,169,0.776160,1,6
764,13,445,629,78,191,0.824701,1,2
764,12,650,511,67,151,0.795064,1,4
764,11,128,677,46,165,0.641116,1,11
764,3,1725,395,194,137,0.817867,3,3
764,2,845,493,280,174,0.746165,3,7
764,1,1526,406,324,149,0.900242,3,0
765,24,138,560,59,166,0.712230,1,8
765,23,680,454,43,159,0.705061,1,9
765,21,504,614,59,169,0.787227,1,5
765,20,205,600,96,179,0.859366,1,1
765,16,834,536,77,169,0.784879,1,6
765,13,433,628,89,191,0.830718,1,2
765,12,651,507,64,154,0.789835,1,4
765,3,1725,395,193,137,0.819075,3,3
765,2,844,494,281,174,0.746944,3,7
765,1,1526,406,323,149,0.899142,3,0
766,24,133,560,53,167,0.720251,1,9
766,23,676,453,42,161,0.745802,1,8
766,21,497,618,65,165,0.790137,1,5
766,20,202,603,98,176,0.869240,1,1
766,16,830,537,81,168,0.813000,1,4
766,13,424,628,99,191,0.847522,1,2
766,12,651,509,56,153,0.764873,1,6
766,3,1725,395,193,138,0.821985,3,3
766,2,846,494,279,174,0.753239,3,7
766,1,1526,406,324,149,0.900362,3,0
767,24,129,561,55,166,0.700635,1,10
767,23,673,454,42,161,0.750159,1,7
767,21,494,618,68,166,0.814585,1,5
767,20,202,603,98,177,0.862524,1,1
767,16,830,539,81,167,0.827510,1,3
767,13,420,632,102,187,0.861436,1,2
767,12,649,508,55,156,0.737326,1,8
767,3,1725,395,193,138,0.824651,3,4
767,2,847,494,278,174,0.758982,3,6
767,1,1526,406,323,149,0.899041,3,0
768,24,129,561,53,165,0.706238,1,10
768,23,671,454,41,163,0.737206,1,8
768,21,492,618,70,165,0.804454,1,6
768,20,202,606,95,174,0.870717,1,1
768,16,829,538,82,168,0.820220,1,4
768,13,419,631,101,189,0.851283,1,2
768,12,648,512,52,148,0.732642,1,9
768,11,92,672,80,171,0.807457,1,5
768,3,1725,395,194,137,0.826975,3,3
768,2,847,494,278,173,0.753726,3,7
768,1,1526,406,323,148,0.898368,3,0
769,24,125,561,55,166,0.786933,1,7
769,23,668,455,42,160,0.733571,1,9
769,21,489,617,69,166,0.816075,1,6
769,20,202,605,91,175,0.856477,1,2
769,16,825,538,87,167,0.822741,1,5
769,13,416,632,101,189,0.860104,1,1
769,12,642,513,53,146,0.711473,1,10
769,11,78,674,95,169,0.840009,1,3
769,3,1724,395,195,137,0.828165,3,4
769,2,846,494,279,174,0.765360,3,8
769,1,1526,406,324,149,0.897679,3,0
770,24,122,559,59,170,0.788951,1,7
770,23,664,455,45,157,0.749104,1,10
770,21,484,617,73,168,0.808367,1,5
770,20,202,602,85,177,0.830455,1,3
770,16,824,537,87,169,0.817576,1,4
770,13,415,634,98,188,0.845159,1,1
770,12,642,510,48,147,0.764686,1,9
770,11,75,674,98,169,0.808248,1,6
770,3,1722,394,196,137,0.831144,3,2
770,2,848,493,277,175,0.785062,3,8
770,1,1525,406,324,149,0.906229,3,0
771,24,119,560,62,165,0.773972,1,9
771,23,663,455,46,156,0.762946,1,10
771,21,484,616,70,169,0.802533,1,6
771,20,201,602,79,178,0.855273,1,1
771,16,824,538,86,167,0.825593,1,4
771,13,415,633,97,188,0.828859,1,3
771,12,641,509,46,147,0.790610,1,8
771,11,74,676,96,169,0.806099,1,5
771,3,1723,394,196,137,0.833826,3,2
771,2,847,493,278,175,0.792588,3,7
771,1,1525,406,324,149,0.907157,3,0
772,24,113,560,68,166,0.780667,1,8
772,23,661,453,48,158,0.732198,1,10
772,21,484,615,66,173,0.809419,1,5
772,20,199,601,74,179,0.811154,1,4
772,16,825,536,85,169,0.816653,1,3
772,13,413,635,90,186,0.837586,1,1
772,12,638,508,46,150,0.772782,1,9
772,11,71,676,97,168,0.795775,1,7
772,3,1723,394,196,137,0.831665,3,2
772,2,851,494,275,174,0.800469,3,6
772,1,1525,406,324,149,0.905062,3,0
773,24,110,562,69,169,0.774709,1,7
773,23,657,455,52,156,0.712217,1,10
773,21,483,617,62,171,0.791033,1,6
773,20,196,602,67,178,0.734929,1,9
773,16,823,534,87,173,0.820401,1,3
773,13,411,638,87,184,0.818486,1,4
773,12,636,508,45,151,0.758852,1,8
773,11,69,675,99,170,0.834623,1,1
773,3,1723,394,196,138,0.829806,3,2
773,2,853,494,273,174,0.801212,3,5
773,1,1525,406,324,149,0.904033,3,0
774,24,105,561,74,166,0.747776,1,7
774,23,656,455,50,154,0.697195,1,10
774,21,481,617,54,175,0.713102,1,9
774,20,194,603,61,178,0.768476,1,6
774,16,824,540,83,167,0.838974,1,1
774,13,410,638,80,184,0.810480,1,3
774,12,633,508,45,152,0.742376,1,8
774,11,68,673,95,171,0.803005,1,4
774,3,1722,394,197,137,0.828568,3,2
774,2,846,493,279,173,0.794141,3,5
774,1,1525,405,324,149,0.902485,3,0
775,24,94,559,85,168,0.765550,1,6
775,23,652,458,58,153,0.711176,1,10
775,21,479,615,47,178,0.722191,1,9
775,20,189,602,54,178,0.793992,1,4
775,16,824,541,79,165,0.829879,1,1
775,13,410,634,64,189,0.731180,1,8
775,12,629,507,49,151,0.756806,1,7
775,11,63,674,95,170,0.813643,1,3
775,3,1722,394,196,137,0.828058,3,2
775,2,846,493,280,173,0.786688,3,5
775,1,1525,405,324,149,0.902172,3,0
776,24,92,558,86,170,0.777032,1,6
776,23,650,460,57,151,0.700967,1,10
776,21,476,616,48,177,0.735893,1,9
776,20,183,602,55,178,0.803139,1,4
776,16,825,537,75,169,0.821520,1,2
776,13,408,634,59,189,0.757016,1,8
776,12,621,507,56,152,0.775509,1,7
776,11,62,676,90,169,0.791772,1,5
776,3,1723,394,196,137,0.833469,3,1
776,2,855,493,270,174,0.803161,3,3
776,1,1524,405,324,149,0.903607,3,0
777,24,90,556,87,173,0.788632,1,6
777,23,647,459,59,151,0.674779,1,10
777,21,472,617,44,177,0.766693,1,8
777,20,178,603,59,178,0.822669,1,3
777,16,825,539,69,166,0.824383,1,2
777,13,402,634,56,187,0.747828,1,9
777,12,615,507,61,151,0.795778,1,5
777,11,60,673,81,171,0.773438,1,7
777,3,1723,394,196,137,0.825587,3,1
777,2,853,493,271,174,0.796815,3,4
777,1,1525,404,324,149,0.898940,3,0
778,24,84,554,86,173,0.791751,1,7
778,23,644,458,61,155,0.682588,1,10
778,21,468,617,46,177,0.772485,1,8
778,20,174,604,63,175,0.829253,1,1
778,16,825,537,63,167,0.815480,1,3
778,13,396,631,58,191,0.827099,1,2
778,12,612,508,63,149,0.801338,1,6
778,11,57,645,76,199,0.709031,1,9
778,3,1723,392,195,138,0.814947,3,4
778,2,853,493,271,172,0.803089,3,5
778,1,1525,403,323,149,0.894584,3,0
779,24,80,553,88,173,0.759681,1,8
779,23,640,456,63,158,0.656626,1,10
779,21,463,617,51,177,0.787765,1,7
779,20,162,604,72,176,0.821463,1,2
779,16,825,536,58,168,0.803536,1,5
779,13,393,631,61,189,0.823296,1,1
779,12,608,507,68,149,0.800660,1,6
779,11,56,669,65,174,0.700220,1,9
779,3,1724,392,195,138,0.813931,3,3
779,2,853,493,271,172,0.805461,3,4
779,1,1525,403,324,150,0.889972,3,0
780,24,79,551,84,170,0.667471,1,9
780,23,635,455,65,156,0.615169,1,10
780,21,459,617,54,176,0.810075,1,4
780,20,160,605,74,174,0.816950,1,2
780,16,824,533,52,171,0.779737,1,7
780,13,386,633,65,188,0.831271,1,1
780,12,606,506,69,150,0.795605,1,6
780,11,52,670,59,174,0.685100,1,8
780,3,1722,391,196,139,0.813117,3,3
780,2,853,493,271,173,0.798651,3,5
780,1,1525,403,323,149,0.886203,3,0
781,24,75,550,80,167,0.657345,1,9
781,23,634,455,59,153,0.652317,1,10
781,21,448,618,66,176,0.826858,1,3
781,20,155,607,79,171,0.831602,1,2
781,16,823,534,47,171,0.771906,1,7
781,13,374,633,78,187,0.842775,1,1
781,12,606,508,68,147,0.790917,1,6
781,11,52,669,51,179,0.672284,1,8
781,3,1722,391,197,138,0.807303,3,4
781,2,851,493,273,173,0.804819,3,5
781,1,1525,403,324,150,0.886675,3,0
782,24,68,547,85,162,0.600130,1,10
782,23,629,453,57,158,0.609659,1,9
782,21,446,620,67,174,0.835761,1,3
782,20,148,606,86,173,0.837589,1,2
782,16,818,535,48,173,0.794699,1,6
782,13,361,635,91,186,0.865791,1,1
782,12,604,508,70,148,0.788954,1,7
782,11,43,672,59,186,0.697563,1,8
782,3,1722,392,197,138,0.812175,3,4
782,2,849,493,275,173,0.804309,3,5
782,1,1525,403,324,149,0.883701,3,0
783,24,67,547,79,152,0.612227,1,9
783,23,618,454,62,158,0.604971,1,10
783,21,443,620,71,174,0.835880,1,3
783,20,140,607,94,172,0.837843,1,2
783,16,815,535,50,175,0.798572,1,5
783,13,353,636,100,185,0.865771,1,1
783,12,604,510,70,146,0.782191,1,7
783,11,31,673,70,181,0.748970,1,8
783,3,1720,391,198,139,0.808838,3,4
783,2,849,493,275,173,0.794618,3,6
783,1,1525,403,324,149,0.886484,3,0
784,21,438,622,75,173,0.827162,1,3
784,20,135,608,96,170,0.839960,1,2
784,16,807,536,55,174,0.791490,1,5
784,13,347,639,104,184,0.878125,1,1
784,12,604,505,69,151,0.782985,1,6
784,11,18,672,81,177,0.751839,1,8
784,3,1723,391,195,139,0.808795,3,4
784,2,848,493,276,173,0.780086,3,7
784,1,1524,403,323,149,0.888778,3,0
785,21,433,621,79,174,0.853817,1,2
785,20,135,607,96,169,0.834096,1,3
785,16,799,535,57,176,0.802107,1,4
785,13,344,639,107,183,0.884117,1,0
785,12,604,505,65,149,0.783421,1,6
785,11,12,670,86,174,0.760961,1,7
785,3,1717,390,201,139,0.796294,3,5
785,2,848,492,276,174,0.756512,3,8
785,1,1524,402,324,149,0.883117,3,1
786,21,430,623,82,172,0.851895,1,3
786,20,135,608,94,169,0.857417,1,2
786,16,787,535,69,173,0.820884,1,4
786,13,345,637,103,187,0.861175,1,1
786,12,603,504,63,149,0.758284,1,8
786,11,2,674,95,171,0.794703,1,6
786,3,1728,391,191,137,0.792416,3,7
786,2,846,491,278,174,0.800873,3,5
786,1,1523,402,324,149,0.887439,3,0
787,21,427,623,82,172,0.829361,1,4
787,20,131,606,96,172,0.865894,1,1
787,16,783,535,72,172,0.838742,1,3
787,13,344,637,102,187,0.858557,1,2
787,12,602,507,59,145,0.751300,1,8
787,11,1,677,96,168,0.809632,1,5
787,3,1715,390,203,138,0.793865,3,7
787,2,846,491,278,174,0.805472,3,6
787,1,1523,402,324,149,0.889100,3,0
788,24,52,540,56,162,0.736784,1,8
788,21,425,622,84,172,0.835261,1,4
788,20,130,606,93,172,0.883234,1,1
788,16,779,536,75,172,0.845448,1,3
788,13,344,639,100,185,0.852212,1,2
788,12,599,504,58,148,0.729077,1,9
788,11,1,679,96,166,0.796745,1,6
788,3,1727,392,193,137,0.789775,3,7
788,2,846,491,278,174,0.820898,3,5
788,1,1523,402,324,149,0.890213,3,0
789,24,49,539,58,169,0.670064,1,9
789,21,425,622,83,173,0.856345,1,2
789,20,127,604,92,174,0.873519,1,1
789,16,776,536,79,173,0.844488,1,4
789,13,343,640,96,184,0.851246,1,3
789,12,592,505,60,147,0.760007,1,8
789,11,0,676,96,170,0.784935,1,7
789,3,1727,392,192,137,0.790257,3,6
789,2,846,491,278,174,0.819141,3,5
789,1,1523,402,324,149,0.891492,3,0
790,24,47,539,57,168,0.737161,1,9
790,21,421,623,83,173,0.859187,1,3
790,20,123,600,92,177,0.864452,1,1
790,16,778,538,76,170,0.859917,1,2
790,13,343,639,87,186,0.843891,1,4
790,12,592,504,55,149,0.764716,1,8
790,11,1,676,92,169,0.768526,1,7
790,3,1727,392,193,137,0.789401,3,6
790,2,846,491,278,174,0.813648,3,5
790,1,1523,402,324,149,0.892206,3,0
791,24,43,539,59,166,0.765873,1,8
791,21,419,624,81,174,0.857311,1,4
791,20,121,598,88,177,0.857583,1,3
791,16,774,539,80,170,0.860630,1,1
791,13,344,639,81,186,0.858993,1,2
791,12,592,499,50,153,0.671433,1,9
791,11,0,677,86,168,0.778403,1,7
791,3,1727,392,193,137,0.790087,3,6
791,2,846,491,277,174,0.813698,3,5
791,1,1522,402,324,149,0.893511,3,0
792,24,39,538,62,167,0.723906,1,8
792,21,417,623,77,173,0.846020,1,3
792,20,117,596,89,173,0.854549,1,2
792,16,774,540,80,168,0.866522,1,1
792,13,344,636,74,188,0.811795,1,4
792,12,590,504,47,147,0.666623,1,9
792,11,2,677,78,167,0.756288,1,7
792,3,1727,392,193,137,0.787774,3,6
792,2,846,491,278,174,0.799206,3,5
792,1,1522,402,324,149,0.890631,3,0
793,24,35,538,65,174,0.693809,1,8
793,21,415,620,75,178,0.835378,1,3
793,20,114,595,84,171,0.838970,1,2
793,16,771,540,81,171,0.848402,1,1
793,13,342,635,65,189,0.793010,1,5
793,11,0,672,70,173,0.719363,1,7
793,3,1714,389,205,139,0.779477,3,6
793,2,846,489,276,174,0.806589,3,4
793,1,1523,401,324,150,0.888256,3,0
794,24,32,538,68,177,0.681596,1,8
794,23,594,454,57,159,0.665576,1,9
794,21,408,621,80,178,0.804378,1,4
794,20,111,592,81,172,0.827648,1,2
794,16,770,536,79,174,0.837445,1,1
794,13,338,637,60,186,0.780061,1,6
794,11,0,671,67,172,0.739430,1,7
794,3,1712,388,207,140,0.794233,3,5
794,2,846,489,277,174,0.814045,3,3
794,1,1522,400,324,150,0.886343,3,0
795,24,31,540,69,168,0.653551,1,8
795,23,590,455,60,158,0.694934,1,7
795,21,402,623,73,176,0.746984,1,6
795,20,109,591,76,170,0.808724,1,2
795,16,771,536,75,175,0.835607,1,1
795,13,328,636,61,189,0.774953,1,5
795,11,0,672,52,171,0.634059,1,9
795,3,1713,387,207,140,0.802332,3,4
795,2,845,489,277,174,0.804339,3,3
795,1,1522,400,324,151,0.884695,3,0
796,24,27,539,73,164,0.702857,1,7
796,23,585,455,65,160,0.661123,1,9
796,21,395,622,69,175,0.773776,1,6
796,20,107,588,71,173,0.807560,1,2
796,16,770,538,70,172,0.818308,1,1
796,13,320,636,64,191,0.781331,1,5
796,11,0,672,40,174,0.694703,1,8
796,3,1713,389,206,139,0.786190,3,4
796,2,846,490,277,174,0.801078,3,3
796,1,1522,400,324,150,0.887850,3,0
797,24,26,542,77,163,0.793887,1,5
797,23,582,455,69,159,0.664601,1,10
797,21,391,621,65,180,0.792312,1,6
797,20,104,588,68,175,0.794471,1,4
797,16,772,539,62,171,0.816621,1,3
797,13,313,638,68,192,0.818016,1,2
797,11,0,671,36,176,0.705239,1,8
797,3,1726,391,193,137,0.783453,3,7
797,2,846,490,277,174,0.821583,3,1
797,1,1522,401,325,149,0.890968,3,0
798,24,24,543,77,162,0.786997,1,7
798,23,579,456,70,159,0.637699,1,10
798,21,389,624,58,180,0.800499,1,4
798,20,101,588,66,176,0.790763,1,6
798,16,772,540,56,171,0.801702,1,3
798,13,306,640,77,195,0.829241,1,1
798,12,570,521,57,131,0.678273,1,9
798,11,0,672,33,176,0.688274,1,8
798,3,1723,390,196,138,0.791071,3,5
798,2,846,491,277,174,0.828946,3,2
798,1,1522,402,325,149,0.891449,3,0
799,24,20,543,79,163,0.761744,1,7
799,23,577,455,71,160,0.667269,1,9
799,21,383,624,65,182,0.813823,1,3
799,20,98,587,69,177,0.805241,1,4
799,16,770,538,44,172,0.780003,1,6
799,13,302,640,77,195,0.837763,1,1
799,12,562,507,66,145,0.757407,1,8
799,11,0,671,33,178,0.662580,1,10
799,3,1722,390,196,138,0.788459,3,5
799,2,846,491,277,174,0.820189,3,2
799,1,1522,402,325,149,0.894226,3,0
800,24,17,544,82,161,0.715882,1,8
800,23,575,455,65,163,0.640498,1,9
800,21,380,625,68,183,0.826906,1,2
800,20,97,585,71,180,0.804060,1,4
800,16,766,538,46,173,0.801309,1,5
800,13,294,642,85,193,0.856426,1,1
800,12,561,502,66,150,0.718881,1,7
800,11,0,672,33,177,0.634323,1,10
800,3,1723,390,196,139,0.792820,3,6
800,2,846,491,277,174,0.813868,3,3
800,1,1522,402,324,149,0.892910,3,0
801,24,12,541,84,165,0.712960,1,7
801,23,570,455,63,162,0.683931,1,8
801,21,379,626,69,182,0.817213,1,3
801,20,94,586,73,180,0.802254,1,5
801,16,762,538,45,172,0.813635,1,4
801,13,287,642,94,191,0.829610,1,1
801,12,558,501,69,151,0.663906,1,9
801,11,0,665,33,183,0.603426,1,10
801,3,1722,390,196,139,0.791754,3,6
801,2,846,491,277,174,0.826774,3,2
801,1,1522,402,324,149,0.891925,3,0
802,23,567,454,65,163,0.712517,1,7
802,21,375,626,73,183,0.840267,1,2
802,20,83,586,83,179,0.830945,1,4
802,16,758,540,46,171,0.810765,1,5
802,13,282,644,96,191,0.846939,1,1
802,3,1720,390,199,139,0.792972,3,6
802,2,846,491,277,174,0.831008,3,3
802,1,1522,401,324,149,0.894092,3,0
803,23,566,454,62,157,0.697273,1,7
803,21,370,627,78,181,0.842785,1,2
803,20,78,587,89,180,0.840678,1,3
803,16,755,539,48,172,0.814788,1,5
803,13,278,644,100,192,0.860813,1,1
803,3,1727,391,192,137,0.791193,3,6
803,2,846,491,277,174,0.838018,3,4
803,1,1522,402,324,149,0.894004,3,0
804,21,369,627,79,183,0.843646,1,3
804,20,71,589,95,177,0.847569,1,2
804,16,746,539,56,171,0.818253,1,4
804,13,277,645,102,192,0.850731,1,1
804,3,1722,390,196,139,0.799886,3,6
804,2,846,491,278,174,0.805964,3,5
804,1,1522,402,324,148,0.892946,3,0
805,21,369,630,78,180,0.844870,1,3
805,20,68,591,98,176,0.863392,1,1
805,16,735,541,68,171,0.829349,1,4
805,13,275,646,99,193,0.847097,1,2
805,3,1718,390,200,139,0.797348,3,6
805,2,846,492,278,174,0.807654,3,5
805,1,1523,402,324,149,0.899211,3,0
806,24,0,539,50,168,0.706092,1,8
806,21,367,630,77,179,0.843199,1,3
806,20,66,591,102,177,0.860793,1,1
806,16,725,543,78,169,0.848972,1,2
806,13,275,647,94,192,0.839333,1,4
806,12,553,498,58,154,0.709725,1,7
806,3,1721,390,198,139,0.793127,3,6
806,2,846,492,278,173,0.816347,3,5
806,1,1523,402,324,149,0.899222,3,0
807,24,0,540,47,167,0.696066,1,7
807,21,366,633,77,178,0.830520,1,4
807,20,65,590,102,178,0.859583,1,2
807,16,718,543,85,170,0.867661,1,1
807,13,275,647,91,192,0.837198,1,3
807,12,550,502,58,149,0.641092,1,8
807,3,1722,391,197,139,0.798717,3,6
807,2,846,493,278,173,0.821405,3,5
807,1,1523,402,324,149,0.898091,3,0
808,24,0,540,44,167,0.671940,1,7
808,21,367,633,74,177,0.833481,1,3
808,20,65,590,98,178,0.858934,1,2
808,16,713,545,90,168,0.879053,1,1
808,13,274,649,83,190,0.828947,1,4
808,12,544,454,58,195,0.669636,1,8
808,3,1724,391,194,138,0.805197,3,6
808,2,846,493,278,173,0.818962,3,5
808,1,1523,402,324,149,0.899206,3,0
809,24,0,541,45,165,0.661623,1,8
809,21,363,634,73,179,0.835363,1,3
809,20,64,589,94,179,0.868054,1,2
809,16,710,547,92,165,0.890297,1,1
809,13,273,648,77,191,0.828985,1,4
809,12,543,455,56,194,0.782714,1,7
809,3,1721,391,198,138,0.799202,3,6
809,2,846,492,279,173,0.805708,3,5
809,1,1523,402,324,149,0.898457,3,0
810,24,0,542,44,165,0.733963,1,7
810,21,360,633,70,181,0.833114,1,3
810,20,64,588,90,179,0.851377,1,2
810,16,710,547,92,165,0.894021,1,1
810,13,272,648,70,190,0.786471,1,6
810,12,543,485,50,163,0.685930,1,8
810,3,1718,390,200,139,0.792769,3,5
810,2,846,492,278,173,0.803330,3,4
810,1,1524,402,324,149,0.901062,3,0
811,24,0,543,42,166,0.801304,1,5
811,21,359,632,65,181,0.803538,1,4
811,20,64,588,82,179,0.832723,1,2
811,16,709,546,93,167,0.897654,1,1
811,13,271,646,56,192,0.710634,1,8
811,12,542,499,48,152,0.725647,1,7
811,3,1722,390,197,139,0.796773,3,6
811,2,846,492,278,173,0.819046,3,3
811,1,1524,402,323,149,0.902631,3,0
812,24,0,545,42,163,0.765421,1,6
812,21,358,633,59,180,0.753714,1,7
812,20,62,589,76,179,0.806667,1,4
812,16,708,545,94,170,0.892671,1,1
812,13,266,647,57,191,0.818027,1,2
812,12,538,499,52,152,0.715038,1,8
812,3,1723,391,195,139,0.795936,3,5
812,2,846,492,279,173,0.812834,3,3
812,1,1524,402,323,149,0.898234,3,0
813,24,0,548,42,159,0.779470,1,5
813,21,354,633,52,181,0.731522,1,7
813,20,61,589,68,181,0.790391,1,4
813,16,708,544,93,171,0.882564,1,1
813,13,261,648,54,191,0.773630,1,6
813,12,538,495,52,156,0.620579,1,8
813,3,1723,391,196,138,0.796406,3,3
813,2,846,493,278,173,0.824564,3,2
813,1,1524,403,323,149,0.899910,3,0
814,24,0,556,42,150,0.757730,1,7
814,21,351,634,50,179,0.786890,1,5
814,20,57,589,58,180,0.768895,1,6
814,16,708,544,91,171,0.875195,1,1
814,13,253,648,61,191,0.830411,1,2
814,12,534,501,53,151,0.710455,1,8
814,3,1724,391,195,138,0.805884,3,4
814,2,847,493,278,173,0.826480,3,3
814,1,1524,402,324,149,0.902346,3,0
815,24,0,556,40,150,0.767097,1,7
815,21,347,634,47,179,0.803878,1,4
815,20,51,586,59,183,0.796777,1,6
815,16,708,545,88,169,0.873270,1,1
815,13,243,648,69,191,0.832889,1,2
815,12,527,503,60,149,0.726339,1,8
815,3,1724,391,195,138,0.797978,3,5
815,2,847,493,278,173,0.819809,3,3
815,1,1524,402,323,149,0.899455,3,0
816,24,0,562,40,146,0.751857,1,7
816,21,342,635,50,178,0.806961,1,3
816,20,47,586,54,183,0.773520,1,6
816,16,709,546,83,168,0.866726,1,1
816,13,238,648,72,192,0.842863,1,2
816,12,524,501,64,151,0.750292,1,8
816,3,1722,391,197,139,0.789782,3,5
816,2,846,493,278,173,0.797635,3,4
816,1,1524,402,323,149,0.894491,3,0
817,24,0,561,40,147,0.708819,1,8
817,21,337,634,57,178,0.812124,1,4
817,20,39,587,62,182,0.782424,1,6
817,16,708,546,79,166,0.846655,1,2
817,13,225,648,87,191,0.855722,1,1
817,12,520,500,67,150,0.730629,1,7
817,3,1727,391,193,137,0.789742,3,5
817,2,846,491,278,174,0.815357,3,3
817,1,1523,402,324,149,0.891963,3,0
818,21,328,635,65,178,0.811851,1,4
818,20,35,583,65,185,0.810488,1,5
818,16,708,544,72,169,0.834989,1,2
818,13,213,649,99,190,0.862320,1,1
818,12,518,501,68,146,0.766582,1,7
818,3,1714,389,205,140,0.782052,3,6
818,2,846,490,277,174,0.830346,3,3
818,1,1523,401,324,150,0.891223,3,0
819,21,320,638,73,177,0.849812,1,2
819,20,29,583,70,184,0.786458,1,5
819,16,708,543,66,169,0.848784,1,3
819,13,207,650,105,191,0.878840,1,1
819,12,516,500,69,147,0.770111,1,7
819,3,1713,388,206,140,0.775869,3,6
819,2,846,490,277,174,0.821318,3,4
819,1,1523,401,324,150,0.889533,3,0
820,21,312,641,81,174,0.879708,1,2
820,20,21,584,78,184,0.842853,1,3
820,16,704,542,63,170,0.825499,1,4
820,13,204,653,107,188,0.883419,1,1
820,12,516,503,67,145,0.787140,1,6
820,3,1726,391,194,137,0.779651,3,7
820,2,846,491,278,174,0.804639,3,5
820,1,1523,402,324,149,0.892219,3,0
821,21,307,642,85,173,0.890359,1,1
821,20,14,586,84,181,0.844317,1,3
821,16,700,542,59,170,0.786858,1,6
821,13,203,653,107,189,0.888446,1,2
821,12,514,502,68,147,0.789734,1,5
821,3,1726,391,193,137,0.780999,3,7
821,2,846,491,278,174,0.811276,3,4
821,1,1523,402,324,149,0.891346,3,0
822,21,307,640,86,177,0.885048,1,2
822,20,11,586,87,183,0.842196,1,3
822,16,687,542,65,172,0.807687,1,5
822,13,202,654,107,189,0.887810,1,1
822,12,512,502,68,148,0.801400,1,6
822,3,1726,391,194,137,0.786892,3,7
822,2,846,490,278,175,0.812177,3,4
822,1,1523,402,324,149,0.893374,3,0
823,21,304,639,88,176,0.884296,1,2
823,20,9,588,89,179,0.862240,1,3
823,16,681,541,68,173,0.841070,1,4
823,13,202,654,105,189,0.887388,1,1
823,12,513,500,66,148,0.797454,1,6
823,3,1726,391,194,137,0.784247,3,7
823,2,846,491,278,174,0.825766,3,5
823,1,1523,402,324,149,0.895228,3,0
824,21,300,641,90,176,0.876122,1,2
824,20,7,588,90,179,0.864107,1,3
824,16,675,542,74,174,0.839704,1,4
824,13,202,655,101,188,0.882151,1,1
824,12,512,499,67,150,0.803229,1,6
824,3,1726,391,193,137,0.780411,3,7
824,2,846,490,278,174,0.824970,3,5
824,1,1523,401,324,149,0.891305,3,0
825,21,300,642,88,173,0.859055,1,3
825,20,8,588,89,179,0.861472,1,2
825,16,672,543,73,171,0.854842,1,4
825,13,202,655,95,188,0.875513,1,1
825,12,510,499,65,150,0.784548,1,6
825,3,1727,391,193,137,0.780676,3,7
825,2,846,490,277,174,0.825029,3,5
825,1,1523,401,324,150,0.888529,3,0
826,21,298,642,89,176,0.875801,1,1
826,20,7,583,88,183,0.852820,1,4
826,16,668,543,76,172,0.858508,1,2
826,13,202,653,86,188,0.856555,1,3
826,12,506,498,67,151,0.789959,1,6
826,3,1726,391,194,137,0.778973,3,7
826,2,846,489,277,174,0.834669,3,5
826,1,1523,401,324,150,0.891212,3,0
827,21,296,641,88,177,0.862902,1,1
827,20,6,584,86,184,0.842135,1,4
827,16,663,544,78,170,0.862198,1,2
827,13,202,653,78,189,0.857934,1,3
827,12,501,499,69,149,0.779322,1,6
827,3,1726,391,194,137,0.775143,3,7
827,2,846,489,277,174,0.831476,3,5
827,1,1523,401,324,150,0.888197,3,0
828,21,296,639,84,180,0.844397,1,2
828,20,7,582,84,185,0.839600,1,3
828,16,659,545,79,170,0.862441,1,1
828,13,198,653,75,192,0.835948,1,4
828,12,501,501,65,146,0.762238,1,7
828,3,1727,391,193,137,0.782556,3,6
828,2,846,490,278,173,0.829992,3,5
828,1,1523,402,324,149,0.891166,3,0
829,21,295,638,78,183,0.858305,1,2
829,20,6,582,79,186,0.831407,1,3
829,16,657,546,81,171,0.864026,1,1
829,13,193,653,69,191,0.820064,1,4
829,12,505,505,55,144,0.735072,1,7
829,3,1726,391,194,138,0.786107,3,6
829,2,846,491,278,173,0.812827,3,5
829,1,1524,402,323,149,0.895520,3,0
830,21,291,639,78,183,0.847593,1,2
830,20,6,585,73,184,0.831185,1,3
830,16,655,547,82,171,0.866150,1,1
830,13,182,654,70,192,0.815934,1,5
830,12,504,495,48,154,0.722823,1,7
830,3,1719,390,200,139,0.785271,3,6
830,2,846,492,278,173,0.816165,3,4
830,1,1524,402,323,149,0.900119,3,0
831,21,288,640,74,181,0.824327,1,4
831,20,5,585,67,182,0.845054,1,2
831,16,656,546,83,172,0.861115,1,1
831,13,170,654,70,193,0.832131,1,3
831,12,501,491,45,158,0.692668,1,7
831,3,1720,390,198,139,0.792694,3,6
831,2,847,493,278,172,0.821115,3,5
831,1,1524,402,323,149,0.902108,3,0
832,21,284,643,69,180,0.808790,1,5
832,20,4,585,62,182,0.857919,1,2
832,16,656,547,83,173,0.860494,1,1
832,13,160,656,80,194,0.845186,1,3
832,12,499,492,47,158,0.656556,1,8
832,3,1720,391,198,139,0.787837,3,6
832,2,847,493,278,173,0.823092,3,4
832,1,1525,402,323,150,0.902787,3,0
833,23,462,457,62,158,0.679843,1,8
833,21,277,643,69,180,0.817961,1,5
833,20,1,585,57,181,0.825078,1,4
833,16,655,547,82,175,0.851527,1,1
833,13,154,655,86,198,0.847454,1,2
833,12,495,500,47,148,0.708279,1,7
833,3,1721,391,198,139,0.788988,3,6
833,2,847,493,278,173,0.826629,3,3
833,1,1525,402,323,149,0.901500,3,0
834,23,459,459,63,158,0.654830,1,8
834,21,273,643,65,182,0.840310,1,3
834,20,0,585,50,181,0.834742,1,4
834,16,654,547,81,175,0.850214,1,1
834,13,145,655,93,199,0.842393,1,2
834,12,493,501,48,148,0.709286,1,7
834,3,1720,391,198,139,0.788123,3,6
834,2,847,493,278,173,0.820106,3,5
834,1,1525,402,323,149,0.901503,3,0
835,23,453,459,67,160,0.707452,1,8
835,21,269,643,58,185,0.816433,1,5
835,20,0,584,41,184,0.838238,1,3
835,16,654,549,81,175,0.840003,1,2
835,13,144,657,94,197,0.865861,1,1
835,12,487,504,55,146,0.758312,1,7
835,3,1718,391,201,139,0.800337,3,6
835,2,847,493,278,172,0.832307,3,4
835,1,1525,403,323,149,0.902388,3,0
836,23,453,460,63,160,0.728193,1,8
836,21,265,646,61,184,0.829367,1,3
836,20,0,585,41,185,0.820965,1,5
836,16,655,549,72,174,0.832266,1,2
836,13,137,658,101,195,0.866436,1,1
836,12,483,507,58,143,0.794276,1,7
836,3,1720,393,199,138,0.817369,3,6
836,2,847,493,277,173,0.824513,3,4
836,1,1525,404,323,148,0.903640,3,0
837,23,452,460,61,161,0.713416,1,8
837,21,261,646,66,187,0.837410,1,3
837,20,0,585,41,182,0.800317,1,6
837,16,656,549,65,175,0.778569,1,7
837,13,129,661,108,194,0.876454,1,1
837,12,477,508,65,143,0.810721,1,5
837,3,1721,394,197,138,0.822155,3,4
837,2,847,493,279,173,0.841827,3,2
837,1,1525,405,323,148,0.902094,3,0
838,23,455,461,54,160,0.721126,1,8
838,21,258,648,69,185,0.828240,1,4
838,20,0,587,41,181,0.828803,1,3
838,16,656,551,52,173,0.743108,1,7
838,13,128,661,110,195,0.878060,1,1
838,12,475,509,66,142,0.810581,1,6
838,3,1721,394,198,138,0.827327,3,5
838,2,847,494,279,174,0.844585,3,2
838,1,1525,405,323,149,0.903205,3,0
839,23,456,462,49,157,0.654850,1,8
839,21,252,651,76,183,0.847491,1,3
839,20,0,588,41,180,0.829647,1,4
839,16,656,550,47,174,0.763330,1,7
839,13,124,664,112,193,0.892304,1,1
839,12,472,507,69,145,0.802811,1,6
839,3,1723,394,195,138,0.825942,3,5
839,2,847,494,279,174,0.852516,3,2
839,1,1526,405,323,149,0.903758,3,0
840,23,452,462,51,159,0.687674,1,8
840,21,246,649,81,185,0.842099,1,3
840,20,0,589,41,178,0.820737,1,5
840,16,654,549,45,174,0.755952,1,7
840,13,123,665,108,193,0.886800,1,1
840,12,470,506,70,146,0.803861,1,6
840,3,1723,394,195,138,0.823273,3,4
840,2,847,494,279,174,0.848339,3,2
840,1,1526,405,323,149,0.901119,3,0
841,23,454,460,44,160,0.710140,1,8
841,21,243,649,85,184,0.872506,1,2
841,20,0,590,41,177,0.816443,1,5
841,16,649,548,48,174,0.776974,1,7
841,13,122,664,105,194,0.877305,1,1
841,12,470,505,67,146,0.810283,1,6
841,3,1722,394,197,139,0.826614,3,4
841,2,846,494,279,175,0.851484,3,3
841,1,1526,405,323,149,0.903175,3,0
842,23,455,460,40,159,0.712367,1,8
842,21,239,651,88,183,0.874695,1,2
842,20,0,591,40,176,0.820438,1,5
842,16,645,550,47,174,0.783557,1,7
842,13,122,664,98,194,0.880853,1,1
842,12,468,503,64,148,0.816705,1,6
842,3,1723,394,196,138,0.824678,3,4
842,2,847,494,279,174,0.842866,3,3
842,1,1526,405,323,149,0.902562,3,0
843,23,455,461,38,159,0.711957,1,8
843,21,239,651,86,183,0.864837,1,2
843,20,0,601,39,166,0.790744,1,7
843,16,642,549,48,174,0.802613,1,6
843,13,122,665,89,194,0.869088,1,1
843,12,468,503,60,147,0.807620,1,5
843,3,1722,394,196,138,0.825276,3,4
843,2,847,494,279,174,0.843528,3,3
843,1,1526,405,323,149,0.903880,3,0
844,23,451,460,39,160,0.731146,1,8
844,21,238,652,86,182,0.869167,1,1
844,20,0,612,38,155,0.792720,1,6
844,16,638,550,51,173,0.793570,1,5
844,13,121,664,81,196,0.855749,1,2
844,12,468,504,54,147,0.787216,1,7
844,3,1723,394,196,139,0.825958,3,4
844,2,846,494,279,174,0.850369,3,3
844,1,1526,405,323,149,0.904241,3,0
845,23,447,461,41,159,0.763872,1,8
845,21,237,655,85,181,0.861348,1,1
845,20,0,615,38,151,0.783996,1,5
845,16,631,552,57,173,0.837793,1,2
845,13,120,664,70,196,0.768286,1,7
845,12,468,504,51,146,0.780760,1,6
845,3,1724,394,194,138,0.823478,3,4
845,2,846,495,278,173,0.835071,3,3
845,1,1526,406,323,149,0.900070,3,0
846,23,444,461,42,159,0.741135,1,8
846,21,236,655,81,181,0.851986,1,2
846,20,0,624,36,143,0.773678,1,5
846,16,617,553,71,172,0.860567,1,1
846,13,118,664,60,195,0.753847,1,7
846,12,467,503,48,147,0.767145,1,6
846,3,1724,395,194,138,0.825484,3,4
846,2,847,495,278,174,0.835034,3,3
846,1,1526,406,323,149,0.902300,3,0
847,23,441,461,42,160,0.717237,1,6
847,21,236,654,75,182,0.837852,1,3
847,20,0,668,35,99,0.687079,1,8
847,16,610,552,78,171,0.860580,1,1
847,13,110,665,58,195,0.797287,1,5
847,12,467,505,44,144,0.709003,1,7
847,3,1724,394,194,138,0.823344,3,4
847,2,846,495,278,174,0.839656,3,2
847,1,1526,406,323,149,0.903886,3,0
848,23,439,460,42,162,0.732200,1,6
848,21,235,653,66,183,0.848140,1,2
848,16,604,552,84,172,0.856854,1,1
848,13,102,664,57,194,0.816985,1,5
848,12,465,503,40,146,0.689712,1,7
848,3,1726,394,193,139,0.825370,3,4
848,2,847,495,278,174,0.838724,3,3
848,1,1525,406,324,149,0.902102,3,0
849,23,434,460,44,162,0.715180,1,6
849,21,233,655,63,180,0.816292,1,5
849,16,599,553,87,171,0.861380,1,1
849,13,94,664,65,192,0.817328,1,4
849,12,461,499,38,151,0.702063,1,7
849,3,1723,394,195,138,0.826596,3,3
849,2,847,494,278,174,0.827071,3,2
849,1,1525,405,324,148,0.902389,3,0
850,23,429,460,46,162,0.734822,1,6
850,21,229,654,55,181,0.762815,1,5
850,16,597,554,89,170,0.866253,1,1
850,13,86,665,75,190,0.819831,1,3
850,12,456,496,44,151,0.729244,1,7
850,3,1724,393,194,138,0.814877,3,4
850,2,847,493,277,173,0.834790,3,2
850,1,1525,404,323,149,0.903482,3,0
851,23,423,462,51,160,0.740219,1,6
851,21,226,654,57,180,0.798579,1,5
851,16,598,554,88,170,0.864537,1,1
851,13,79,664,80,193,0.853269,1,2
851,12,454,495,44,152,0.713233,1,7
851,3,1725,393,193,137,0.819211,3,4
851,2,847,493,277,173,0.841538,3,3
851,1,1525,404,323,149,0.903088,3,0
852,23,418,462,53,160,0.727659,1,6
852,21,222,654,50,180,0.802326,1,5
852,16,593,556,95,168,0.873538,1,1
852,13,66,666,92,191,0.867100,1,2
852,12,450,495,47,152,0.700505,1,7
852,3,1724,393,195,138,0.809867,3,4
852,2,847,493,277,174,0.829741,3,3
852,1,1525,404,323,149,0.901486,3,0
853,23,408,463,60,160,0.717943,1,7
853,21,217,653,53,181,0.807420,1,5
853,16,593,554,93,170,0.895930,1,1
853,13,52,665,107,193,0.852428,1,2
853,12,439,500,57,149,0.795750,1,6
853,3,1722,392,197,139,0.813946,3,4
853,2,847,493,278,173,0.837354,3,3
853,1,1525,404,323,149,0.902800,3,0
854,23,401,463,64,160,0.744709,1,7
854,21,212,653,57,181,0.796475,1,6
854,16,593,553,91,172,0.894865,1,1
854,13,46,665,111,194,0.869342,1,2
854,12,433,500,63,148,0.807562,1,4
854,3,1721,391,197,139,0.806230,3,5
854,2,847,493,277,173,0.810283,3,3
854,1,1524,403,323,149,0.898651,3,0
855,23,398,464,63,157,0.786127,1,7
855,21,205,654,64,179,0.842073,1,3
855,16,593,553,89,171,0.885228,1,1
855,13,43,666,113,192,0.875486,1,2
855,12,430,502,66,146,0.816011,1,4
855,3,1724,391,195,139,0.809799,3,5
855,2,847,493,277,173,0.797371,3,6
855,1,1524,403,324,149,0.900263,3,0
856,23,398,465,60,158,0.790579,1,7
856,21,190,658,79,176,0.870588,1,3
856,16,593,553,89,171,0.872888,1,2
856,13,44,668,112,190,0.877717,1,1
856,12,428,503,68,144,0.826722,1,4
856,3,1724,391,195,139,0.807049,3,5
856,2,847,493,278,173,0.807003,3,6
856,1,1523,403,324,150,0.901181,3,0
857,23,395,465,60,157,0.780139,1,7
857,21,177,656,91,178,0.903426,1,0
857,16,592,554,83,170,0.861832,1,3
857,13,42,668,113,188,0.879907,1,2
857,12,428,503,68,143,0.822461,1,4
857,3,1722,391,197,139,0.800430,3,5
857,2,846,493,278,172,0.799783,3,6
857,1,1523,403,324,149,0.898769,3,1
858,23,396,464,57,158,0.796938,1,6
858,21,173,657,95,178,0.897945,1,0
858,16,591,553,81,170,0.863503,1,3
858,13,40,668,109,189,0.864134,1,2
858,12,426,501,70,144,0.815918,1,4
858,3,1718,390,201,139,0.793181,3,7
858,2,846,492,278,173,0.807711,3,5
858,1,1523,402,324,149,0.892912,3,1
859,23,396,463,53,158,0.787698,1,7
859,21,168,660,102,174,0.887773,1,1
859,16,592,553,75,170,0.825830,1,3
859,13,40,668,102,190,0.858387,1,2
859,12,425,503,71,142,0.809252,1,4
859,3,1718,390,201,139,0.791559,3,6
859,2,846,492,278,173,0.805765,3,5
859,1,1523,402,324,149,0.892457,3,0
860,23,396,464,50,159,0.785943,1,7
860,21,165,661,103,175,0.885912,1,1
860,16,591,552,69,169,0.829005,1,3
860,13,41,667,93,191,0.872902,1,2
860,12,423,501,72,145,0.811167,1,5
860,3,1719,390,200,139,0.794961,3,6
860,2,846,492,278,173,0.816610,3,4
860,1,1523,402,324,149,0.891572,3,0
861,23,396,464,48,158,0.766362,1,7
861,21,162,658,104,178,0.890192,1,1
861,16,589,550,66,172,0.812741,1,4
861,13,40,668,86,190,0.873668,1,2
861,12,422,501,69,145,0.802378,1,5
861,3,1718,390,200,139,0.793674,3,6
861,2,846,492,278,173,0.816859,3,3
861,1,1523,402,324,149,0.891936,3,0
862,23,395,463,45,158,0.736071,1,7
862,21,161,660,105,177,0.892478,1,0
862,16,584,550,65,173,0.781408,1,6
862,13,33,666,81,193,0.837111,1,2
862,12,422,501,63,145,0.788022,1,5
862,3,1719,390,200,139,0.796790,3,4
862,2,846,492,278,173,0.814973,3,3
862,1,1523,402,325,149,0.890512,3,1
863,23,392,460,43,161,0.707903,1,7
863,21,161,660,102,178,0.891920,1,0
863,16,581,549,62,176,0.783944,1,6
863,13,19,665,87,195,0.864625,1,2
863,12,418,501,64,145,0.796292,1,4
863,3,1719,390,200,139,0.794831,3,5
863,2,846,492,278,173,0.818223,3,3
863,1,1523,402,325,149,0.890069,3,1
864,23,389,461,44,161,0.721206,1,7
864,21,161,660,99,178,0.891515,1,1
864,16,585,549,53,178,0.785582,1,5
864,13,11,665,85,193,0.856500,1,2
864,12,416,500,64,146,0.770560,1,6
864,3,1721,390,198,139,0.796698,3,4
864,2,846,492,278,173,0.818237,3,3
864,1,1523,402,324,149,0.893252,3,0
865,23,387,461,43,161,0.733328,1,7
865,21,162,660,93,178,0.893044,1,1
865,16,566,549,70,180,0.771200,1,5
865,13,2,665,84,196,0.817022,1,2
865,12,416,499,58,147,0.749280,1,6
865,3,1723,391,196,139,0.797179,3,4
865,2,846,492,278,173,0.815791,3,3
865,1,1523,403,324,149,0.896076,3,0
866,23,384,461,43,160,0.707665,1,7
866,21,159,660,91,178,0.887779,1,0
866,16,568,551,66,179,0.799789,1,3
866,13,1,665,81,197,0.792546,1,5
866,12,409,497,59,150,0.759399,1,6
866,3,1720,390,198,139,0.795980,3,4
866,2,846,492,278,173,0.822514,3,2
866,1,1524,402,324,149,0.886285,3,1
867,23,380,461,45,161,0.700971,1,7
867,21,155,659,86,179,0.848515,1,1
867,16,569,553,60,177,0.798479,1,4
867,13,0,665,82,198,0.832096,1,2
867,12,403,499,61,147,0.706622,1,6
867,3,1720,390,198,139,0.795570,3,5
867,2,847,492,277,173,0.829942,3,3
867,1,1524,403,324,149,0.893013,3,0
868,23,378,462,47,161,0.709368,1,7
868,21,154,659,80,179,0.834443,1,3
868,16,561,553,66,174,0.793687,1,5
868,13,1,668,79,198,0.858181,1,1
868,12,406,497,50,148,0.715393,1,6
868,3,1722,391,196,138,0.799707,3,4
868,2,847,493,277,172,0.838089,3,2
868,1,1525,403,324,149,0.894145,3,0
869,23,378,463,44,157,0.756009,1,6
869,21,153,659,73,181,0.837175,1,2
869,16,554,553,72,176,0.827738,1,4
869,13,0,670,79,196,0.880223,1,1
869,12,405,499,47,148,0.740669,1,7
869,3,1720,392,198,138,0.809433,3,5
869,2,847,493,277,171,0.835544,3,3
869,1,1525,403,323,148,0.894052,3,0
870,23,373,464,46,155,0.736702,1,6
870,21,148,660,68,181,0.730915,1,7
870,16,549,554,76,174,0.841266,1,2
870,13,0,670,78,194,0.889138,1,1
870,12,405,497,46,149,0.740798,1,5
870,3,1720,392,199,138,0.810589,3,4
870,2,847,493,277,172,0.829445,3,3
870,1,1525,404,323,148,0.898459,3,0
871,23,362,462,54,158,0.725724,1,7
871,21,132,661,74,183,0.765101,1,5
871,16,544,560,80,172,0.832847,1,3
871,13,0,672,78,192,0.891933,1,1
871,12,400,497,50,150,0.731776,1,6
871,3,1723,393,195,137,0.818622,3,4
871,2,848,493,277,173,0.836322,3,2
871,1,1525,404,323,149,0.900485,3,0
872,23,353,464,62,155,0.729768,1,7
872,21,123,662,73,184,0.829999,1,3
872,16,545,560,79,172,0.840100,1,2
872,13,0,674,77,189,0.895883,1,1
872,12,390,502,60,145,0.784967,1,6
872,3,1723,393,195,138,0.817122,3,5
872,2,847,493,278,173,0.828681,3,4
872,1,1525,405,323,148,0.902296,3,0
873,23,347,465,66,153,0.755413,1,7
873,21,125,664,72,185,0.829012,1,3
873,16,543,560,82,174,0.848947,1,2
873,13,0,674,78,188,0.891201,1,1
873,12,386,502,64,146,0.800052,1,6
873,3,1723,393,196,138,0.812645,3,5
873,2,847,493,278,173,0.826086,3,4
873,1,1525,405,323,148,0.900859,3,0
874,23,344,465,68,153,0.763981,1,7
874,21,126,666,71,188,0.828162,1,4
874,16,540,562,86,173,0.857641,1,2
874,13,0,674,75,189,0.881786,1,1
874,12,381,501,69,146,0.794786,1,6
874,3,1724,394,194,138,0.819643,3,5
874,2,847,493,278,173,0.834981,3,3
874,1,1525,404,323,149,0.902390,3,0
875,23,343,466,66,153,0.729778,1,7
875,21,124,666,74,187,0.840434,1,2
875,16,540,563,84,172,0.840107,1,3
875,13,0,673,71,188,0.864789,1,1
875,12,381,500,70,147,0.817949,1,5
875,3,1725,393,194,138,0.811574,3,6
875,2,847,493,278,173,0.835171,3,4
875,1,1525,404,323,149,0.901706,3,0
876,23,342,466,65,154,0.724872,1,7
876,21,117,669,81,185,0.860716,1,1
876,16,540,562,82,174,0.843588,1,3
876,13,0,675,66,187,0.852334,1,2
876,12,379,501,72,147,0.819862,1,5
876,3,1723,394,195,137,0.812814,3,6
876,2,847,494,279,174,0.837297,3,4
876,1,1525,404,323,149,0.901802,3,0
877,23,340,466,62,155,0.735174,1,7
877,21,108,671,89,184,0.868159,1,1
877,16,541,564,77,171,0.821188,1,4
877,13,0,689,65,173,0.833393,1,3
877,12,376,502,74,147,0.806566,1,6
877,3,1722,393,197,138,0.811292,3,5
877,2,846,493,279,174,0.858657,3,2
877,1,1525,405,323,149,0.902569,3,0
878,23,340,465,62,156,0.744740,1,7
878,21,106,672,91,184,0.866309,1,1
878,16,541,564,70,171,0.821679,1,3
878,13,0,699,63,163,0.791391,1,6
878,12,377,501,70,148,0.814872,1,5
878,3,1722,393,196,138,0.815445,3,4
878,2,847,493,279,174,0.855537,3,2
878,1,1525,405,323,149,0.903581,3,0
879,23,341,463,57,158,0.739182,1,6
879,21,103,673,93,183,0.869952,1,1
879,16,542,561,61,172,0.832328,1,3
879,13,0,699,43,155,0.697501,1,7
879,12,376,500,68,148,0.814753,1,5
879,3,1723,393,196,138,0.817229,3,4
879,2,847,493,279,174,0.848835,3,2
879,1,1525,404,323,149,0.903927,3,0
880,23,341,463,51,159,0.741943,1,6
880,21,102,673,91,184,0.866666,1,1
880,16,542,561,56,173,0.772855,1,5
880,12,376,501,64,147,0.793944,1,4
880,3,1722,393,196,138,0.819706,3,3
880,2,847,493,278,174,0.853742,3,2
880,1,1525,404,323,149,0.903291,3,0
881,23,339,463,47,157,0.752778,1,6
881,21,102,673,89,183,0.842705,1,2
881,16,539,561,51,172,0.791927,1,4
881,12,375,502,57,147,0.786862,1,5
881,3,1723,394,196,138,0.819880,3,3
881,2,847,494,278,174,0.855994,3,1
881,1,1525,405,323,149,0.904001,3,0
882,23,339,462,43,158,0.765207,1,6
882,21,96,674,91,183,0.845461,1,2
882,16,536,561,48,172,0.787112,1,4
882,12,374,503,52,146,0.772721,1,5
882,3,1726,393,192,137,0.814552,3,3
882,2,847,494,278,174,0.846490,3,1
882,1,1525,404,323,149,0.903387,3,0
883,23,338,462,45,157,0.765546,1,5
883,21,94,674,91,183,0.826588,1,2
883,16,531,561,48,172,0.796644,1,4
883,12,372,501,49,147,0.747578,1,6
883,3,1726,393,193,137,0.812665,3,3
883,2,847,493,278,174,0.847655,3,1
883,1,1525,404,323,149,0.905053,3,0
884,23,335,460,44,159,0.749049,1,5
884,21,90,675,82,182,0.814522,1,3
884,16,528,561,47,172,0.789624,1,4
884,12,371,500,44,147,0.743406,1,6
884,3,1726,393,192,137,0.818926,3,2
884,2,847,493,278,173,0.848190,3,1
884,1,1525,404,323,149,0.904698,3,0
885,23,331,461,43,159,0.746310,1,5
885,21,87,676,76,181,0.803261,1,4
885,16,524,562,48,173,0.810301,1,3
885,12,368,499,45,148,0.724348,1,6
885,3,1724,393,194,137,0.816857,3,2
885,2,847,493,278,173,0.847275,3,1
885,1,1525,404,323,149,0.903211,3,0
886,23,330,459,44,160,0.779149,1,5
886,21,83,675,69,183,0.799724,1,4
886,16,519,561,52,172,0.820965,1,2
886,12,367,499,43,150,0.748873,1,6
886,3,1725,393,194,137,0.816274,3,3
886,2,847,493,278,173,0.834740,3,1
886,1,1525,404,323,149,0.902593,3,0
887,23,329,460,41,160,0.786257,1,6
887,21,76,674,68,184,0.815083,1,4
887,16,511,562,60,173,0.840373,1,1
887,12,363,498,43,151,0.803440,1,5
887,3,1723,393,196,138,0.815795,3,3
887,2,847,493,278,173,0.824876,3,2
887,1,1525,404,323,149,0.904232,3,0
888,23,324,460,42,163,0.746188,1,6
888,21,74,675,63,183,0.805562,1,5
888,16,495,561,77,174,0.848639,1,1
888,12,359,499,45,151,0.844002,1,2
888,3,1723,393,195,138,0.813750,3,4
888,2,846,493,277,173,0.823949,3,3
888,1,1524,404,323,149,0.903691,3,0
889,23,321,460,45,164,0.766158,1,6
889,21,71,675,66,182,0.821155,1,4
889,16,489,561,83,173,0.871763,1,1
889,12,356,499,47,149,0.828390,1,2
889,3,1722,392,197,138,0.812225,3,5
889,2,847,493,278,173,0.823010,3,3
889,1,1524,403,323,150,0.900857,3,0
890,23,316,460,46,162,0.771931,1,6
890,21,65,675,71,182,0.816003,1,2
890,16,485,561,86,173,0.875318,1,1
890,12,351,499,52,149,0.781674,1,5
890,3,1721,391,198,139,0.811106,3,4
890,2,846,493,278,173,0.813586,3,3
890,1,1524,403,323,150,0.897421,3,0
891,23,305,461,56,160,0.807447,1,6
891,21,60,674,76,183,0.819754,1,3
891,16,481,561,89,172,0.865000,1,1
891,12,344,498,59,150,0.821384,1,2
891,3,1724,390,194,139,0.808822,3,5
891,2,846,493,278,173,0.812231,3,4
891,1,1524,402,324,150,0.897476,3,0
892,23,296,462,66,160,0.805321,1,6
892,21,47,675,89,186,0.839145,1,2
892,16,480,562,91,171,0.869405,1,1
892,12,337,498,65,150,0.814079,1,3
892,3,1725,391,194,139,0.813815,3,4
892,2,846,493,278,173,0.810152,3,5
892,1,1524,402,324,150,0.896390,3,0
893,23,287,462,74,159,0.825977,1,3
893,21,42,674,92,184,0.853996,1,2
893,16,479,563,92,171,0.874806,1,1
893,12,334,500,68,149,0.824219,1,4
893,3,1725,391,194,138,0.808837,3,5
893,2,846,493,278,173,0.797666,3,6
893,1,1524,402,324,150,0.895069,3,0
894,23,283,462,74,158,0.836347,1,3
894,21,33,676,101,182,0.869241,1,2
894,16,477,563,95,171,0.870768,1,1
894,12,335,500,68,147,0.816775,1,4
894,3,1724,391,195,139,0.806462,3,5
894,2,846,492,278,174,0.803620,3,6
894,1,1524,402,324,150,0.897330,3,0
895,23,282,460,72,160,0.845391,1,3
895,21,27,677,108,181,0.872500,1,2
895,16,476,563,94,170,0.873224,1,1
895,12,335,501,68,147,0.817568,1,4
895,3,1724,391,194,139,0.806722,3,6
895,2,846,492,278,174,0.810698,3,5
895,1,1524,402,324,150,0.896785,3,0
896,23,280,462,75,158,0.813351,1,3
896,21,22,672,111,188,0.883010,1,2
896,16,475,563,94,170,0.884636,1,1
896,12,332,501,70,146,0.804987,1,5
896,3,1721,391,198,139,0.803591,3,6
896,2,846,492,278,174,0.805692,3,4
896,1,1523,402,324,150,0.889597,3,0
897,23,280,463,74,158,0.791291,1,6
897,21,18,677,114,183,0.882517,1,1
897,16,478,562,89,173,0.880111,1,2
897,12,330,501,70,147,0.813636,1,4
897,3,1719,390,200,139,0.801889,3,5
897,2,846,492,278,173,0.828205,3,3
897,1,1523,402,324,150,0.893943,3,0
898,23,281,463,65,158,0.810191,1,4
898,21,15,678,114,184,0.886409,1,1
898,16,477,562,89,172,0.870138,1,2
898,12,329,501,70,147,0.807066,1,5
898,3,1722,390,196,139,0.801987,3,6
898,2,846,491,278,174,0.817998,3,3
898,1,1523,402,324,150,0.893040,3,0
899,23,281,464,62,157,0.795056,1,5
899,21,15,679,114,183,0.896270,1,0
899,16,475,562,89,173,0.859452,1,2
899,12,327,501,65,146,0.783519,1,6
899,3,1721,390,198,139,0.798995,3,4
899,2,846,491,278,174,0.813311,3,3
899,1,1523,402,324,149,0.891634,3,1
900,23,280,464,62,157,0.771555,1,6
900,21,16,677,109,184,0.890945,1,1
900,16,477,562,82,173,0.850520,1,2
900,12,327,499,62,147,0.773737,1,5
900,3,1720,390,199,138,0.803574,3,4
900,2,846,491,278,173,0.826375,3,3
900,1,1523,402,323,149,0.892898,3,0
901,23,280,463,59,158,0.787137,1,5
901,21,15,677,101,185,0.897455,1,0
901,16,475,562,77,172,0.838961,1,3
901,12,325,499,59,147,0.751205,1,6
901,3,1718,390,201,139,0.807038,3,4
901,2,846,491,277,173,0.841911,3,2
901,1,1523,402,323,148,0.890447,3,1
902,23,279,460,58,161,0.784043,1,5
902,21,12,676,95,187,0.872403,1,1
902,16,474,560,75,173,0.824051,1,3
902,12,322,498,57,147,0.738786,1,6
902,3,1714,390,205,138,0.809046,3,4
902,2,846,491,277,173,0.836914,3,2
902,1,1523,402,323,148,0.895574,3,0
903,23,278,459,55,162,0.770205,1,5
903,21,8,676,91,187,0.861463,1,1
903,16,471,560,70,174,0.821588,1,3
903,12,320,496,51,149,0.768702,1,6
903,3,1713,390,205,138,0.812015,3,4
903,2,847,491,277,173,0.836765,3,2
903,1,1523,402,323,148,0.894196,3,0
904,23,277,460,53,162,0.762647,1,5
904,21,4,676,85,187,0.850149,1,1
904,16,467,560,68,174,0.828119,1,3
904,12,319,497,49,148,0.739184,1,6
904,3,1716,390,203,139,0.807400,3,4
904,2,847,491,277,173,0.834247,3,2
904,1,1523,402,323,147,0.896238,3,0
905,23,272,462,48,157,0.786052,1,5
905,21,1,674,78,189,0.840455,1,1
905,16,460,560,67,173,0.821641,1,3
905,12,318,497,45,148,0.767129,1,6
905,3,1717,390,202,138,0.804931,3,4
905,2,847,491,277,173,0.828877,3,2
905,1,1523,402,323,147,0.896295,3,0
906,23,270,462,45,156,0.791638,1,6
906,21,0,674,64,190,0.864880,1,1
906,16,458,560,66,175,0.811802,1,3
906,12,314,497,47,151,0.799124,1,5
906,3,1717,390,202,139,0.804630,3,4
906,2,847,491,277,173,0.834392,3,2
906,1,1524,402,323,147,0.895004,3,0
907,23,269,461,45,159,0.809214,1,3
907,21,0,674,62,191,0.862173,1,1
907,16,456,560,63,177,0.797518,1,6
907,12,313,497,46,151,0.807383,1,4
907,3,1717,390,201,139,0.804737,3,5
907,2,847,491,277,172,0.847531,3,2
907,1,1524,402,323,147,0.893274,3,0
908,23,264,462,45,159,0.830528,1,3
908,21,0,674,62,194,0.864402,1,1
908,16,449,561,68,179,0.788512,1,6
908,12,308,499,50,148,0.809195,1,4
908,3,1716,390,202,139,0.806807,3,5
908,2,847,492,277,172,0.838146,3,2
908,1,1524,402,323,148,0.894635,3,0
909,23,260,463,47,156,0.846502,1,1
909,21,0,675,61,191,0.829405,1,4
909,16,445,562,69,179,0.831920,1,3
909,12,304,499,52,148,0.791908,1,6
909,3,1716,390,202,139,0.799064,3,5
909,2,847,492,276,172,0.843937,3,2
909,1,1524,402,323,148,0.897987,3,0
910,23,255,463,50,153,0.826410,1,4
910,21,0,673,60,192,0.830337,1,3
910,16,442,562,72,177,0.832701,1,1
910,12,301,499,54,148,0.804438,1,5
910,3,1717,390,201,139,0.798742,3,6
910,2,847,492,277,172,0.831806,3,2
910,1,1524,402,323,148,0.894959,3,0
911,23,253,463,54,155,0.820203,1,4
911,21,0,675,63,188,0.859284,1,1
911,16,440,563,71,175,0.832437,1,2
911,12,298,499,57,147,0.810610,1,5
911,3,1716,390,203,139,0.800474,3,6
911,2,847,492,277,172,0.830796,3,3
911,1,1524,402,323,148,0.894384,3,0
912,23,247,462,58,157,0.785596,1,6
912,21,0,676,62,186,0.852524,1,1
912,16,438,563,73,175,0.837050,1,2
912,12,292,500,63,146,0.800797,1,5
912,3,1717,390,202,139,0.801755,3,4
912,2,847,492,277,172,0.826259,3,3
912,1,1524,402,323,148,0.893383,3,0
913,23,242,461,63,156,0.793482,1,6
913,21,0,676,63,186,0.846005,1,2
913,16,434,565,76,173,0.855001,1,1
913,12,284,500,71,146,0.803109,1,4
913,3,1718,390,201,139,0.800289,3,5
913,2,846,492,277,172,0.820736,3,3
913,1,1524,402,323,148,0.893663,3,0
914,23,236,462,68,155,0.809620,1,5
914,21,0,699,62,163,0.824571,1,3
914,16,434,564,76,173,0.866143,1,1
914,12,284,500,70,147,0.818808,1,4
914,3,1718,390,201,138,0.803214,3,6
914,2,847,492,277,172,0.828920,3,2
914,1,1523,402,324,148,0.893918,3,0
915,23,236,463,66,155,0.804371,1,5
915,21,0,701,63,161,0.801039,1,6
915,16,431,566,80,172,0.873227,1,1
915,12,285,501,68,146,0.813775,1,3
915,3,1718,390,200,138,0.805877,3,4
915,2,846,492,277,172,0.820098,3,2
915,1,1523,402,324,148,0.891173,3,0
916,23,234,463,64,155,0.800424,1,5
916,21,0,714,61,148,0.716400,1,6
916,16,426,566,85,175,0.878744,1,1
916,12,283,499,67,148,0.802250,1,4
916,3,1717,390,202,138,0.808385,3,3
916,2,846,492,277,172,0.830694,3,2
916,1,1523,402,324,148,0.892886,3,0
917,23,232,464,62,158,0.812812,1,3
917,21,0,755,51,106,0.684451,1,6
917,16,427,566,82,176,0.883904,1,1
917,12,281,499,64,147,0.798293,1,5
917,3,1717,390,201,138,0.798346,3,4
917,2,847,492,277,172,0.830658,3,2
917,1,1523,402,323,148,0.891157,3,0
918,23,232,463,62,159,0.819528,1,3
918,16,425,564,84,178,0.873418,1,1
918,12,281,500,58,145,0.800173,1,5
918,3,1717,390,202,138,0.801780,3,4
918,2,846,492,277,172,0.826349,3,2
918,1,1523,402,323,148,0.892416,3,0
919,23,230,461,61,159,0.814961,1,3
919,16,426,563,80,177,0.858282,1,1
919,12,278,499,57,147,0.806115,1,4
919,3,1718,390,201,139,0.800353,3,5
919,2,846,492,278,172,0.825358,3,2
919,1,1523,402,323,148,0.892182,3,0
920,23,231,459,59,160,0.781015,1,4
920,16,425,565,75,176,0.844839,1,1
920,12,274,499,53,146,0.767536,1,5
920,3,1718,390,201,138,0.795671,3,3
920,2,846,492,278,172,0.822717,3,2
920,1,1522,402,324,149,0.884526,3,0
921,23,229,462,47,158,0.758295,1,4
921,16,425,564,73,175,0.835842,1,1
921,12,273,497,50,147,0.757834,1,5
921,3,1720,390,199,138,0.797780,3,3
921,2,846,492,278,173,0.828559,3,2
921,1,1522,402,324,148,0.890411,3,0
922,23,227,461,48,158,0.760484,1,4
922,16,426,565,66,175,0.843100,1,1
922,12,273,496,44,148,0.743738,1,5
922,3,1719,390,199,138,0.801529,3,3
922,2,846,492,278,173,0.828097,3,2
922,1,1522,402,324,149,0.893414,3,0
923,23,224,461,46,158,0.783893,1,4
923,16,427,565,60,175,0.816262,1,2
923,12,271,495,42,151,0.755502,1,5
923,3,1719,390,199,138,0.802737,3,3
923,2,846,491,277,173,0.828795,3,1
923,1,1523,402,324,149,0.893740,3,0
924,23,224,461,46,157,0.779815,1,4
924,16,427,563,46,176,0.781808,1,3
924,12,266,495,45,151,0.778168,1,5
924,3,1720,390,199,138,0.804020,3,2
924,2,846,491,277,173,0.825351,3,1
924,1,1522,402,324,149,0.893571,3,0
925,23,220,460,50,159,0.788652,1,5
925,16,423,563,47,176,0.796254,1,3
925,12,264,497,46,151,0.790603,1,4
925,3,1720,390,199,138,0.807123,3,2
925,2,846,491,277,173,0.823895,3,1
925,1,1522,402,324,149,0.893751,3,0
926,23,219,459,49,159,0.789663,1,4
926,16,420,564,48,176,0.822788,1,2
926,12,261,496,47,151,0.787453,1,5
926,3,1718,390,200,138,0.808012,3,3
926,2,846,491,277,173,0.828695,3,1
926,1,1522,402,324,149,0.888267,3,0
927,23,217,458,47,159,0.806411,1,4
927,16,417,564,48,176,0.813868,1,2
927,12,255,496,51,149,0.785614,1,5
927,3,1714,390,204,139,0.810425,3,3
927,2,846,490,276,174,0.829827,3,1
927,1,1522,402,324,149,0.890189,3,0
928,23,215,459,46,160,0.814269,1,2
928,16,415,564,47,176,0.804278,1,5
928,12,249,497,58,148,0.805405,1,4
928,3,1714,389,204,139,0.814222,3,3
928,2,846,490,277,174,0.815411,3,1
928,1,1522,401,324,149,0.893150,3,0
929,23,211,458,46,163,0.802289,1,3
929,16,411,565,49,176,0.792973,1,5
929,12,243,498,64,147,0.813048,1,1
929,3,1711,389,208,138,0.797932,3,4
929,2,846,490,277,174,0.811407,3,2
929,1,1522,401,323,150,0.892126,3,0
930,23,207,458,48,161,0.809139,1,3
930,16,402,563,56,177,0.795676,1,5
930,12,241,498,66,146,0.819315,1,1
930,3,1715,388,204,139,0.798855,3,4
930,2,846,489,277,173,0.818339,3,2
930,1,1522,400,324,150,0.893559,3,0
931,23,203,458,53,160,0.822982,1,2
931,16,392,565,67,176,0.828144,1,1
931,12,241,495,65,148,0.822028,1,3
931,3,1715,388,203,139,0.793971,3,5
931,2,846,489,276,173,0.816069,3,4
931,1,1522,400,324,150,0.890439,3,0
932,23,194,458,62,161,0.809552,1,4
932,16,384,566,76,175,0.842688,1,1
932,12,239,498,68,146,0.825165,1,3
932,3,1713,389,206,138,0.789046,3,5
932,2,846,489,277,173,0.827832,3,2
932,1,1522,400,324,150,0.892418,3,0
933,23,188,458,65,159,0.820389,1,3
933,16,375,567,84,173,0.879701,1,1
933,12,238,499,68,145,0.817468,1,4
933,3,1712,388,207,138,0.791058,3,5
933,2,846,489,277,173,0.826746,3,2
933,1,1522,400,324,150,0.891723,3,0
934,23,182,459,70,159,0.826595,1,2
934,16,372,567,87,173,0.894272,1,0
934,12,235,499,69,145,0.812156,1,4
934,3,1713,388,206,138,0.790513,3,5
934,2,846,489,277,173,0.816147,3,3
934,1,1522,400,324,150,0.890345,3,1
935,23,179,460,70,159,0.824110,1,3
935,16,371,564,89,176,0.903561,1,0
935,12,232,499,72,145,0.809450,1,4
935,3,1714,388,204,139,0.798402,3,5
935,2,846,489,277,173,0.832186,3,2
935,1,1523,400,324,150,0.890763,3,1
936,23,177,460,68,158,0.824005,1,2
936,16,371,566,89,174,0.895551,1,0
936,12,228,499,70,145,0.794954,1,5
936,3,1714,388,204,139,0.795682,3,4
936,2,846,489,277,173,0.815967,3,3
936,1,1523,400,324,150,0.891748,3,1
937,23,177,461,65,158,0.822054,1,2
937,16,369,567,90,174,0.895051,1,0
937,12,227,498,67,146,0.809057,1,4
937,3,1713,389,206,138,0.795206,3,5
937,2,846,489,277,173,0.812720,3,3
937,1,1523,400,323,150,0.888859,3,1
938,23,175,460,66,158,0.830501,1,2
938,16,368,567,91,173,0.888691,1,0
938,12,227,498,63,145,0.787757,1,5
938,3,1713,387,206,139,0.802353,3,4
938,2,846,489,277,174,0.811972,3,3
938,1,1522,399,324,150,0.888176,3,1
939,23,176,459,66,160,0.834319,1,2
939,16,369,567,90,174,0.892992,1,0
939,12,224,498,60,144,0.766184,1,5
939,3,1712,388,207,138,0.800594,3,4
939,2,846,489,277,174,0.817557,3,3
939,1,1523,399,324,150,0.883600,3,1
940,23,176,459,68,162,0.799733,1,4
940,16,369,567,89,174,0.887986,1,1
940,12,225,497,51,146,0.737655,1,5
940,3,1715,388,204,139,0.807028,3,3
940,2,846,489,277,173,0.812644,3,2
940,1,1523,400,324,149,0.888229,3,0
941,23,175,460,64,161,0.788160,1,4
941,16,368,567,87,174,0.875922,1,1
941,12,221,494,45,148,0.754250,1,5
941,3,1714,388,205,139,0.800528,3,3
941,2,846,489,277,173,0.820768,3,2
941,1,1523,400,324,150,0.890013,3,0
942,23,175,461,62,158,0.784444,1,5
942,16,369,566,86,175,0.867139,1,1
942,12,218,497,45,146,0.791441,1,4
942,3,1714,388,204,139,0.804384,3,3
942,2,846,489,277,173,0.822151,3,2
942,1,1523,399,324,150,0.888553,3,0
943,23,176,461,46,156,0.762934,1,5
943,16,368,565,79,175,0.859609,1,1
943,12,215,497,45,146,0.787754,1,4
943,3,1715,388,204,139,0.807299,3,3
943,2,846,489,277,173,0.834110,3,2
943,1,1523,400,323,150,0.894930,3,0
944,23,172,461,46,159,0.767927,1,5
944,16,368,565,74,176,0.858995,1,1
944,12,212,497,47,147,0.788370,1,4
944,3,1713,388,206,139,0.790991,3,3
944,2,846,490,277,173,0.836977,3,2
944,1,1523,400,324,150,0.891027,3,0
945,23,171,459,48,159,0.781362,1,4
945,16,368,565,71,175,0.840282,1,1
945,12,210,496,49,148,0.774092,1,5
945,3,1713,388,206,139,0.793433,3,3
945,2,847,490,277,173,0.835775,3,2
945,1,1523,400,323,150,0.892636,3,0
946,23,169,459,44,159,0.785877,1,5
946,16,367,564,64,176,0.813646,1,3
946,12,201,497,58,148,0.820670,1,2
946,3,1712,388,206,139,0.792128,3,4
946,2,847,490,277,173,0.833933,3,1
946,1,1523,400,323,149,0.892413,3,0
947,23,165,460,45,160,0.790813,1,4
947,16,365,564,58,174,0.815642,1,3
947,12,196,499,62,146,0.822054,1,2
947,3,1725,391,195,136,0.785849,3,5
947,2,846,490,277,173,0.830439,3,1
947,1,1523,400,323,149,0.895720,3,0
948,23,162,460,46,158,0.781136,1,5
948,16,363,564,52,175,0.804817,1,3
948,12,192,499,66,146,0.819228,1,2
948,3,1726,390,194,137,0.787686,3,4
948,2,846,490,277,173,0.832539,3,1
948,1,1523,400,323,149,0.896218,3,0
949,23,158,460,47,160,0.814520,1,3
949,16,359,564,47,177,0.796240,1,4
949,12,191,498,67,147,0.822584,1,2
949,3,1726,390,193,137,0.786766,3,5
949,2,846,489,277,173,0.827807,3,1
949,1,1523,400,323,149,0.895778,3,0
950,23,156,459,48,160,0.792692,1,4
950,16,351,565,49,179,0.796619,1,3
950,12,189,499,69,146,0.816510,1,2
950,3,1725,390,194,137,0.789891,3,5
950,2,846,489,277,173,0.829798,3,1
950,1,1523,400,323,149,0.898001,3,0
951,23,150,460,53,157,0.764190,1,5
951,16,345,564,55,182,0.820816,1,2
951,12,186,498,71,147,0.803907,1,3
951,3,1714,389,205,139,0.795320,3,4
951,2,847,489,277,174,0.837068,3,1
951,1,1523,400,323,149,0.898248,3,0
952,23,148,460,53,156,0.761116,1,5
952,16,339,564,61,181,0.833559,1,1
952,12,186,499,67,146,0.810627,1,3
952,3,1714,389,205,139,0.792356,3,4
952,2,846,489,277,173,0.833485,3,2
952,1,1523,400,323,150,0.898518,3,0
953,23,142,461,56,154,0.788657,1,5
953,16,333,563,67,181,0.844177,1,1
953,12,185,498,65,147,0.794852,1,4
953,3,1711,389,208,138,0.795291,3,3
953,2,846,489,277,173,0.840122,3,2
953,1,1523,400,323,150,0.896089,3,0
954,23,138,461,59,153,0.810737,1,3
954,16,321,565,79,177,0.858723,1,1
954,12,183,496,62,149,0.777513,1,5
954,3,1712,389,207,138,0.792380,3,4
954,2,846,490,277,173,0.831815,3,2
954,1,1523,400,324,150,0.897536,3,0
955,23,136,461,59,152,0.834460,1,3
955,16,316,565,84,175,0.859883,1,1
955,12,183,496,59,149,0.791578,1,4
955,3,1712,389,207,138,0.790686,3,5
955,2,846,489,277,174,0.836244,3,2
955,1,1523,400,323,150,0.896777,3,0
956,23,135,462,60,151,0.821020,1,3
956,16,313,566,86,173,0.865627,1,1
956,12,180,498,56,146,0.776310,1,5
956,3,1711,389,208,138,0.792875,3,4
956,2,846,489,277,173,0.831779,3,2
956,1,1522,400,324,150,0.896177,3,0
957,23,135,462,57,152,0.812209,1,3
957,16,311,567,88,174,0.873300,1,1
957,12,178,499,53,145,0.762277,1,5
957,3,1725,390,195,136,0.791171,3,4
957,2,846,489,277,173,0.834646,3,2
957,1,1523,400,324,150,0.896501,3,0
958,23,135,457,55,158,0.811773,1,3
958,16,308,568,92,172,0.873880,1,1
958,12,175,494,52,150,0.760033,1,5
958,3,1716,388,203,139,0.803158,3,4
958,2,846,489,277,173,0.829575,3,2
958,1,1523,399,323,151,0.891543,3,0
959,23,136,457,52,158,0.762525,1,5
959,16,306,567,93,173,0.879081,1,1
959,12,174,495,46,146,0.765165,1,4
959,3,1714,387,205,140,0.806402,3,3
959,2,846,489,277,173,0.832969,3,2
959,1,1523,399,324,151,0.891743,3,0
960,23,135,458,46,155,0.763542,1,5
960,16,305,567,94,174,0.889091,1,1
960,12,170,494,45,150,0.806805,1,4
960,3,1713,387,205,139,0.807370,3,3
960,2,846,489,277,173,0.830463,3,2
960,1,1523,399,324,150,0.890653,3,0
961,23,133,458,42,155,0.769029,1,5
961,16,307,566,91,176,0.886392,1,1
961,12,169,494,44,152,0.808554,1,4
961,3,1714,387,205,139,0.811567,3,3
961,2,846,489,277,173,0.835844,3,2
961,1,1523,399,324,150,0.891850,3,0
962,23,132,458,43,155,0.786125,1,5
962,16,306,567,88,174,0.881635,1,1
962,12,167,495,45,152,0.819579,1,3
962,3,1713,387,205,139,0.810870,3,4
962,2,845,489,277,173,0.833600,3,2
962,1,1523,399,324,150,0.890848,3,0
963,23,132,457,41,155,0.772631,1,5
963,16,306,567,85,174,0.877649,1,1
963,12,163,494,50,151,0.791952,1,4
963,3,1713,387,206,139,0.813355,3,3
963,2,845,489,277,173,0.833622,3,2
963,1,1523,399,324,150,0.891187,3,0
964,23,130,457,41,155,0.765860,1,5
964,16,307,567,79,174,0.844859,1,1
964,12,154,494,57,150,0.805437,1,4
964,3,1713,387,205,139,0.815550,3,3
964,2,845,489,277,173,0.833599,3,2
964,1,1523,399,324,150,0.890272,3,0
965,23,129,457,41,155,0.759848,1,5
965,16,307,567,74,173,0.833743,1,1
965,12,146,494,65,151,0.827280,1,3
965,3,1713,387,206,139,0.816132,3,4
965,2,846,489,277,173,0.832716,3,2
965,1,1523,399,324,150,0.888063,3,0
966,23,127,456,36,155,0.778689,1,5
966,16,306,567,68,174,0.828875,1,1
966,12,144,497,67,146,0.827278,1,2
966,3,1711,387,208,139,0.818770,3,4
966,2,845,489,277,173,0.822747,3,3
966,1,1523,399,323,150,0.891667,3,0
967,23,121,456,41,155,0.751301,1,5
967,16,306,567,62,174,0.787011,1,4
967,12,142,498,69,144,0.827948,1,3
967,3,1715,386,204,140,0.828009,3,2
967,2,845,489,277,174,0.829036,3,1
967,1,1523,399,323,149,0.890879,3,0
968,23,118,458,42,154,0.728426,1,5
968,16,305,566,49,176,0.747823,1,4
968,12,140,498,72,146,0.823821,1,3
968,3,1715,386,205,140,0.834022,3,2
968,2,845,489,277,173,0.834432,3,1
968,1,1523,399,323,149,0.893143,3,0
969,23,110,459,50,158,0.781225,1,5
969,16,303,565,48,175,0.792638,1,4
969,12,138,496,73,149,0.819689,1,3
969,3,1715,386,205,140,0.832283,3,2
969,2,845,489,277,173,0.834346,3,1
969,1,1523,399,323,149,0.893110,3,0
970,23,103,458,54,159,0.799132,1,5
970,16,301,564,44,176,0.809908,1,4
970,12,138,498,71,147,0.825245,1,3
970,3,1714,386,205,140,0.836874,3,1
970,2,845,489,277,173,0.830909,3,2
970,1,1522,399,324,148,0.893773,3,0
971,23,99,459,59,158,0.794811,1,5
971,16,298,564,44,177,0.806636,1,4
971,12,137,499,72,145,0.821141,1,3
971,3,1714,386,205,140,0.835093,3,2
971,2,845,489,277,173,0.837628,3,1
971,1,1523,399,323,149,0.892024,3,0
972,23,96,459,63,158,0.798617,1,5
972,16,293,564,48,177,0.802861,1,4
972,12,133,501,74,143,0.806142,1,3
972,3,1713,386,206,140,0.835916,3,1
972,2,845,489,277,173,0.834955,3,2
972,1,1522,400,324,148,0.891501,3,0
973,23,92,457,63,159,0.801944,1,4
973,16,282,564,59,176,0.830724,1,1
973,12,132,500,72,145,0.791667,1,5
973,3,1714,386,205,140,0.828991,3,2
973,2,845,489,277,173,0.826198,3,3
973,1,1523,399,323,149,0.890905,3,0
974,23,87,458,62,158,0.790036,1,4
974,16,273,563,67,178,0.844318,1,1
974,12,132,499,63,145,0.789359,1,5
974,3,1713,386,206,141,0.832033,3,2
974,2,846,489,277,173,0.826592,3,3
974,1,1523,399,324,148,0.888850,3,0
975,23,84,459,63,157,0.779056,1,4
975,16,265,566,75,176,0.869711,1,1
975,12,131,499,61,144,0.777528,1,5
975,3,1713,386,207,141,0.835393,3,2
975,2,845,489,277,173,0.830028,3,3
975,1,1523,399,324,148,0.890631,3,0
976,23,83,461,62,156,0.773867,1,4
976,16,259,566,82,175,0.895745,1,0
976,12,130,498,56,145,0.759993,1,5
976,3,1714,386,205,140,0.832006,3,3
976,2,846,489,277,173,0.832692,3,2
976,1,1523,399,323,150,0.894235,3,1
977,23,81,460,61,157,0.776371,1,4
977,16,256,568,84,173,0.904337,1,0
977,12,128,497,53,145,0.753656,1,5
977,3,1715,386,204,140,0.817930,3,3
977,2,846,489,277,173,0.832257,3,2
977,1,1523,399,323,150,0.887906,3,1
978,23,81,461,59,157,0.783380,1,4
978,16,253,567,88,175,0.903938,1,0
978,12,129,498,46,144,0.771137,1,5
978,3,1716,386,203,140,0.813649,3,3
978,2,846,489,277,173,0.833077,3,2
978,1,1523,399,323,150,0.887791,3,1
979,23,80,461,58,157,0.793235,1,5
979,16,252,567,89,175,0.897442,1,0
979,12,124,496,46,146,0.797757,1,4
979,3,1715,387,203,139,0.809537,3,3
979,2,846,489,277,173,0.840239,3,2
979,1,1523,399,324,150,0.891245,3,1
980,23,79,461,58,157,0.770812,1,5
980,16,252,566,88,176,0.894135,1,0
980,12,119,496,46,146,0.802240,1,4
980,3,1713,387,205,139,0.814416,3,3
980,2,845,489,277,173,0.849794,3,2
980,1,1522,399,324,150,0.887130,3,1
981,23,79,461,57,156,0.770699,1,5
981,16,254,567,87,174,0.885430,1,1
981,12,118,495,46,147,0.786855,1,4
981,3,1714,387,204,139,0.815527,3,3
981,2,846,489,277,173,0.831115,3,2
981,1,1523,399,324,150,0.889945,3,0
982,23,79,461,52,157,0.756034,1,5
982,16,254,567,85,174,0.886228,1,1
982,12,113,494,50,147,0.782955,1,4
982,3,1712,387,207,139,0.818094,3,3
982,2,845,489,278,173,0.836411,3,2
982,1,1523,399,324,150,0.890570,3,0
983,23,79,461,48,158,0.722870,1,5
983,16,253,566,83,175,0.875973,1,1
983,12,108,493,54,148,0.789403,1,4
983,3,1714,386,205,140,0.819684,3,3
983,2,845,489,277,173,0.836773,3,2
983,1,1523,399,324,150,0.889927,3,0
984,23,80,460,41,159,0.748654,1,5
984,16,253,565,82,176,0.858339,1,1
984,12,102,494,60,147,0.798036,1,4
984,3,1714,387,204,139,0.812951,3,3
984,2,845,489,277,173,0.842232,3,2
984,1,1523,400,324,150,0.890984,3,0
985,23,79,459,36,157,0.767953,1,5
985,16,253,565,72,175,0.863474,1,1
985,12,100,496,62,145,0.808116,1,4
985,3,1715,387,204,140,0.817367,3,3
985,2,845,489,277,173,0.845304,3,2
985,1,1523,399,324,150,0.891777,3,0
986,23,77,461,36,156,0.737045,1,5
986,16,253,564,68,178,0.843646,1,1
986,12,97,499,65,143,0.798790,1,4
986,3,1713,387,205,139,0.815398,3,3
986,2,845,489,277,173,0.835731,3,2
986,1,1522,399,324,150,0.890482,3,0
987,23,75,460,37,156,0.753691,1,5
987,16,252,563,64,173,0.819442,1,2
987,12,98,496,63,146,0.801970,1,4
987,3,1714,387,205,139,0.814280,3,3
987,2,845,489,278,172,0.845523,3,1
987,1,1523,399,323,150,0.891833,3,0
988,23,73,460,39,156,0.759981,1,5
988,16,251,563,59,173,0.803027,1,4
988,12,95,495,66,147,0.812291,1,3
988,3,1713,387,205,139,0.818414,3,2
988,2,845,489,277,173,0.843240,3,1
988,1,1522,399,324,149,0.894626,3,0
989,23,69,460,39,156,0.744176,1,5
989,16,249,562,55,174,0.822058,1,2
989,12,95,495,65,148,0.814699,1,4
989,3,1715,386,204,140,0.819046,3,3
989,2,845,489,278,173,0.839583,3,1
989,1,1523,399,323,150,0.893883,3,0
990,23,66,460,41,157,0.754003,1,5
990,16,245,561,53,176,0.825360,1,2
990,12,93,495,64,147,0.811785,1,4
990,3,1714,386,205,141,0.820924,3,3
990,2,845,489,277,172,0.835065,3,1
990,1,1523,399,324,149,0.891659,3,0
991,23,62,461,43,153,0.749574,1,5
991,16,242,561,47,179,0.802310,1,3
991,12,92,492,59,149,0.780703,1,4
991,3,1714,386,205,140,0.823600,3,2
991,2,845,489,278,172,0.845929,3,1
991,1,1523,399,323,149,0.894852,3,0
992,23,50,461,56,155,0.750890,1,5
992,16,238,561,47,181,0.811334,1,3
992,12,91,492,56,150,0.755298,1,4
992,3,1713,386,206,140,0.818898,3,2
992,2,845,489,278,172,0.840411,3,1
992,1,1523,399,323,149,0.895107,3,0
993,23,41,461,63,156,0.773347,1,4
993,16,235,561,50,181,0.831954,1,2
993,12,90,493,53,150,0.743635,1,5
993,3,1713,386,206,140,0.820700,3,3
993,2,845,489,278,172,0.838672,3,1
993,1,1523,399,323,149,0.896538,3,0
994,23,35,462,66,154,0.769595,1,4
994,16,224,561,60,180,0.833670,1,2
994,12,86,494,51,146,0.721735,1,5
994,3,1713,386,206,140,0.818413,3,3
994,2,845,489,278,172,0.839438,3,1
994,1,1523,399,323,149,0.896085,3,0
995,23,29,461,69,154,0.776163,1,4
995,16,211,561,73,179,0.870776,1,1
995,12,83,493,49,147,0.735951,1,5
995,3,1713,386,206,140,0.823671,3,3
995,2,845,489,278,172,0.836969,3,2
995,1,1523,399,324,149,0.896881,3,0
996,23,28,461,67,156,0.779670,1,4
996,16,202,562,82,177,0.876771,1,1
996,12,82,495,46,146,0.727908,1,5
996,3,1710,387,209,139,0.820639,3,3
996,2,845,489,278,173,0.838002,3,2
996,1,1523,399,324,149,0.893789,3,0
997,23,29,462,65,155,0.772296,1,4
997,16,198,565,86,174,0.881726,1,1
997,12,80,495,45,147,0.741831,1,5
997,3,1713,386,206,140,0.830058,3,3
997,2,845,489,278,172,0.832417,3,2
997,1,1523,399,324,149,0.895274,3,0
998,23,27,461,64,157,0.775090,1,4
998,16,196,565,89,172,0.879380,1,1
998,12,77,494,47,147,0.771472,1,5
998,3,1713,386,206,140,0.837927,3,2
998,2,845,489,277,172,0.835649,3,3
998,1,1523,399,324,148,0.895324,3,0
